TimeUS,RPM,Curr,DesRoll,Roll,DesPitch,Pitch,DesYaw,Yaw,GyrX,GyrY,GyrZ,AccX,AccY,AccZ,Guasto
0,4017,2.61,,,,,,,,,,,,,1
108156,4682,2.83,0.04,0.65,0.22,-1.15,22.93,23.0,-0.0412336,0.009106323,-0.005172799,-0.2397123,-0.1523155,-10.21941,1
211159,5109,3.52,0.04,0.58,0.43,-1.39,22.93,23.12,-0.03543521,-0.05834159,0.03795654,0.05643348,-0.0153796,-11.12566,1
316939,5702,3.36,0.0,0.38,0.88,-0.83,22.93,23.67,0.009579,0.1896965,0.139723,0.1392564,0.4376779,-12.13186,1
435428,5804,2.54,-0.31,0.66,1.59,0.81,22.93,24.98,0.05379876,0.2664578,0.205129,0.5055904,0.309741,-11.90219,1
539288,5662,1.73,-0.7,1.07,2.18,1.75,22.93,26.46,0.1111088,0.1519229,0.2539678,0.4533555,0.6168943,-10.67932,1
649917,5284,1.62,-1.22,1.35,2.41,2.38,22.92,27.89,-0.0461434,0.08568226,0.2084893,0.4804538,0.2521706,-10.63154,1
764576,4936,1.73,-2.0,1.01,2.69,1.92,22.92,29.19,-0.08382665,-0.1118532,0.1540932,0.4940539,0.4674931,-9.986803,1
875023,4872,1.58,-2.7,0.36,3.0,1.61,22.9,29.98,-0.142407,-0.01357087,0.09193537,0.3144114,0.3729624,-9.964935,1
978755,4741,1.63,-3.39,-0.49,3.16,2.03,22.5,30.5,-0.193061,0.1126224,0.07218884,0.2584125,0.3392377,-10.00668,1
1090407,4729,1.57,-3.82,-1.39,3.31,2.74,20.68,30.64,-0.1095108,0.05692052,-0.01164073,0.4175881,0.4950779,-9.890615,1
1297885,4752,1.56,-3.9,-1.77,3.34,3.23,15.8,29.03,0.1025563,0.01477329,-0.2414182,0.2705725,0.3384505,-10.13948,1
1418642,4318,1.67,-3.79,-1.71,2.82,2.95,13.02,26.97,-0.1821082,0.0701118399999999,-0.3163324,0.2644117,0.2111341,-9.741322,1
1522167,4213,1.89,-3.52,-1.42,2.6,2.65,10.98,24.74,0.2007887,-0.0557623,-0.4227516,0.3428064,0.2460852,-9.515255,1
1632896,4211,2.68,-3.3,-1.37,2.67,2.55,10.74,22.22,0.1400993,-0.005384874,-0.385485,0.2618666,0.295546,-9.672881,1
1737400,4377,2.05,-3.11,-1.46,2.91,2.66,10.72,20.06,-0.01952985,-0.007166327,-0.3274361,0.2999566,0.4471572,-9.823933,1
1856105,4805,2.14,-2.96,-1.67,3.21,2.6,10.71,18.09,-0.03194896,0.03960576,-0.2605937,0.1868424,0.4260003,-9.506709,1
1964161,5012,2.04,-2.92,-1.81,3.49,2.75,10.69,16.8,0.03624653,0.07028962,-0.1801852,0.2516693,0.5007616,-9.688092,1
2069738,4872,2.21,-2.77,-2.0,3.64,3.18,10.68,15.84,0.0001161713,0.05540467,-0.1321507,0.2635784,0.4530321,-9.639668,1
2176140,5114,2.36,-2.51,-1.77,3.65,3.43,10.68,15.16,0.1223279,0.02914504,-0.0745715899999999,0.2276168,0.398624,-9.606626,1
2283282,5128,2.25,-2.33,-1.54,3.55,3.6,10.69,14.69,0.02592304,-0.01253706,-0.07192069,0.3519345,0.242174,-9.911446,1
2402422,5167,2.11,-2.36,-1.5,3.41,3.64,10.69,14.36,0.01456903,-0.06387249,-0.0350582,0.225477,0.3433841,-9.976432,1
2496652,5275,2.03,-2.58,-1.28,3.02,3.57,10.71,14.3,-0.01424601,0.03376362,5.674224e-06,0.3529754,0.2959983,-10.19047,1
2612386,5090,2.2,-2.76,-1.46,2.52,3.02,10.73,14.2,-0.1020818,-0.1062788,-0.02499137,0.2186797,0.3556469,-9.865228,1
2718989,5143,2.16,-2.89,-1.9,2.1,2.5,10.76,14.19,-0.0871209,-0.0357636,0.0004714121,0.2378338,0.4437498,-10.11369,1
2828187,5178,2.29,-2.98,-2.2,1.73,2.24,10.77,14.19,-0.03140183,0.06228923,0.01287575,0.07948924,0.4778751,-9.910872,1
2934957,5274,2.12,-2.79,-2.15,1.16,2.36,10.8,14.25,0.07023545,-0.01076343,0.03225183,0.1207553,0.5742723,-9.974376,1
3044531,5127,2.05,-2.58,-1.75,0.67,1.96,10.83,14.57,0.09052891,-0.09781529,0.06628607,0.1439556,0.4153652,-10.16668,1
3160281,5105,1.75,-2.34,-1.29,0.35,1.21,10.84,15.19,0.05971569,-0.0785629999999999,0.0947608,0.2188427,0.4353757,-10.1382,1
3262974,5004,2.04,-2.19,-1.06,0.22,0.77,10.85,15.79,-0.0524262,-0.05706863,0.1077973,0.1437226,0.2228292,-10.04133,1
3369980,4920,2.04,-1.94,-1.36,0.21,0.52,10.85,16.29,0.001252351,-0.0837283999999999,0.06164792,0.1788846,0.4184327,-10.16487,1
3480515,5014,1.94,-1.83,-1.54,0.3,0.33,10.84,16.58,0.04210617,-0.06062985,0.02501199,0.2785982,0.3744342,-9.712492,1
3694116,5026,1.69,-1.67,-1.27,0.56,0.49,10.84,16.61,0.05718558,0.06042442,-0.009905641,0.3008145,0.3790643,-9.800825,1
3922988,4864,1.79,-2.15,-0.56,0.91,0.84,9.08,15.46,0.03812023,0.02309594,0.04684216,0.2715876,0.3116459,-10.46327,1
4016640,4786,1.99,-2.33,-0.59,1.05,1.01,9.08,16.0,-0.04146719,0.03260805,0.07056697,0.3023659,0.3678327,-10.71043,1
4130011,4868,2.28,-2.64,-0.91,1.41,0.65,9.06,16.31,-0.0955927699999999,-0.07372276,0.02696404,0.3582435,0.4149604,-11.19595,1
4240916,5073,2.3,-2.8,-1.83,1.66,0.94,9.05,16.55,-0.1617669,0.07259924,-0.02472932,0.121614,0.4330367,-11.34789,1
4361120,5246,2.21,-3.07,-2.48,1.67,1.35,9.05,16.9,-0.08206937,-0.005114649,-0.06566806,0.1651141,0.4358361,-10.82239,1
4465518,5083,2.05,-2.96,-2.7,1.53,1.71,9.06,16.62,0.0676041,0.1066085,-0.0696288999999999,0.264931,0.5804929,-10.72536,1
4562679,5154,1.83,-2.6,-2.06,1.51,1.59,9.06,16.03,0.1777288,-0.01924422,-0.1060071,0.135783,0.4433364,-10.84854,1
4677191,4955,1.66,-2.21,-1.28,1.66,1.56,9.05,15.05,0.07403152,0.04612448,-0.09015851,0.2437527,0.3844799,-10.40084,1
4784111,4924,1.55,-2.09,-1.15,2.13,2.04,9.04,14.16,-0.05329758,0.1926163,-0.06303854,0.2607211,0.4007749,-9.780501,1
4905163,4712,1.42,-2.1,-1.37,2.36,2.82,9.03,13.72,-0.06198798,0.04401273,-0.08016589,0.233555,0.2626691,-8.968232,1
5122131,4686,1.55,-2.45,-2.3,1.9,3.07,9.05,12.88,-0.0145644,0.05761094,-0.09403759,0.1758648,0.4383004,-8.412271,1
5223125,4386,1.48,-2.85,-2.84,1.49,3.15,9.06,12.29,-0.05401068,-0.05374295,-0.08580499,0.09356742,0.4467172,-8.403564,1
5333188,4427,1.44,-3.74,-3.21,1.21,2.97,9.08,11.68,-0.006781381,-0.01315476,-0.06504475,-0.01586543,0.5479571,-8.57792,1
5444127,4389,1.72,-4.83,-3.92,0.88,2.84,9.1,11.31,-0.1578742,0.02215078,-0.03418337,0.007288313,0.6228612,-8.646494,1
5552163,4586,1.84,-5.78,-5.06,0.48,2.48,9.14,11.19,-0.2217406,-0.1560603,0.0001456579,0.1075585,0.6698339,-8.91732,1
5665508,4760,1.86,-6.63,-6.04,0.03,1.73,9.19,11.53,-0.1666695,-0.1648886,0.04704783,0.0522026,0.6747497,-9.063421,1
5773773,4785,1.41,-6.7,-6.17,-0.36,1.09,9.24,12.16,-0.006831528,-0.08784889,0.06384566,0.09350992,0.4520244,-9.493361,1
5887382,4773,1.37,-7.08,-6.04,-0.62,0.68,9.27,12.67,0.008798624,-0.05417675,0.04392972,-0.008565648,0.5522697,-9.562197,1
6003736,4651,1.56,-7.87,-6.47,-0.57,0.74,9.26,13.06,-0.1028307,0.08580077,0.06980619,-0.0274224,0.7597897,-9.426245,1
6103420,4599,1.52,-8.95,-7.18,-0.14,1.43,9.2,12.65,-0.1223359,0.1315013,0.03752681,0.07011799,0.4345258,-9.449986,1
6215855,4589,1.53,-9.86,-7.96,0.63,2.48,9.07,12.31,-0.0568093,0.1484356,0.03441757,-0.001743807,0.7031352,-10.02526,1
6324253,4698,1.6,-10.3,-8.45,1.07,2.87,8.99,12.43,-0.09192181,-0.0007254853,0.05941354,0.1662413,1.031632,-9.762655,1
6647590,4669,1.45,-8.02,-6.41,-0.14,0.96,9.18,12.93,0.1786127,-0.1710535,-0.002167764,0.3540349,0.7292319,-8.890409,1
6762373,4471,1.46,-6.83,-5.43,-0.99,-0.41,8.78,12.39,0.1240109,-0.1357671,-0.03188084,-0.06710789,0.7168648,-9.71446,1
6871100,4471,1.43,-6.16,-4.59,-0.91,-1.11,8.73,12.09,0.1063545,-0.05495628,-0.02012399,-0.1650263,0.8641709,-9.536464,1
6977012,4470,1.33,-6.03,-4.18,0.23,-0.4,8.61,12.08,-0.06457929,0.2976068,-0.02876974,-0.208678,0.5992725,-9.59659,1
7090206,4453,1.31,-6.23,-4.9,1.62,1.62,8.46,11.63,-0.1296618,0.2675675,-0.005615484,0.3259777,0.8202957,-9.083175,1
7195877,4423,1.46,-6.06,-5.27,2.61,3.15,8.36,11.36,-0.01853829,0.2525431,0.04381668,0.3126923,1.095404,-9.076324,1
7311982,4548,1.38,-5.52,-4.57,3.5,4.09,8.26,11.05,0.1679756,0.0804963,0.0113404,0.1829338,0.8652816,-9.756767,1
7412118,4457,1.35,-5.05,-3.67,4.0,4.52,8.22,11.07,0.1788144,0.07749378,0.05317876,0.3166146,0.7088983,-9.238481,1
7526378,4457,1.21,-4.42,-2.88,4.07,4.49,8.17,11.28,0.1125645,-0.1012227,0.06947202,0.4134209,1.022592,-9.40136,1
7637537,4468,1.52,-4.15,-2.67,3.99,4.41,8.17,11.58,0.05890925,0.02485414,0.055511,0.3928583,0.8775974,-9.875268,1
7738495,4442,1.35,-4.04,-2.86,4.12,4.25,8.17,11.96,-0.04578721,-0.03080604,0.0867992,0.2478644,0.6584827,-9.875278,1
7848185,4442,1.61,-3.91,-3.02,4.53,4.44,8.14,12.48,0.008179544,0.01313012,0.07140017,0.4774592,0.643138,-9.267799,1
7962127,4482,1.27,-3.61,-2.96,4.89,5.09,8.11,12.97,0.1302266,0.1124934,0.03399943,0.06534956,0.8980321,-9.775599,1
8072167,4452,1.36,-3.38,-2.77,5.25,5.49,8.09,13.26,-0.03545918,0.09048193,0.03386,0.4242893,0.803457,-9.369569,1
8180972,4384,1.35,-3.17,-2.44,5.54,5.73,8.07,13.27,0.1313903,-0.01138481,-0.005441115,0.2088108,0.9692205,-9.948181,1
8284495,4372,1.42,-3.15,-2.17,5.71,5.95,8.06,12.99,0.03580047,0.04890675,-0.01829583,0.4550064,0.8078847,-9.549105,1
8396180,4400,1.33,-3.18,-1.99,5.73,6.19,8.06,12.76,-0.03122317,-0.02335336,0.002626951,0.5186611,0.7045596,-9.747649,1
8504270,4414,1.37,-3.33,-2.15,5.81,5.99,8.06,12.62,-0.04695952,-0.04294563,0.03097667,0.349683,0.866441,-9.846927,1
8726591,4413,1.37,-3.47,-2.84,5.51,5.06,8.08,12.83,-0.03390676,-0.1250649,-0.0096068,0.3142152,0.8960433,-9.620108,1
8828423,4398,1.52,-3.42,-3.01,5.18,4.78,8.1,12.99,0.01659541,-0.004556523,0.004544223,0.3752982,1.027567,-9.760276,1
8939006,4361,1.25,-3.22,-3.0,4.74,4.57,8.12,13.39,0.0675224,-0.05842581,-0.04350714,0.4296405,0.6445808,-9.35524,1
9052684,4415,1.38,-3.06,-2.84,4.5,4.49,8.14,13.71,0.06200545,-0.04112603,-0.0161223,0.5259771,1.078974,-9.668096,1
9159971,4409,1.04,-2.86,-2.08,3.57,4.12,8.18,14.25,0.07937767,-0.1066424,0.05421419,0.7579416,1.06061,-9.563217,1
9268431,4212,1.6,-2.79,-1.46,2.16,1.95,8.25,14.55,0.01197345,-0.2459545,0.02073994,-0.1966858,0.6088837,-9.721801,1
9379809,4007,2.81,-2.78,-2.39,1.16,0.41,8.3,14.56,-0.3304975,-0.2801322,-0.01643247,0.2433817,0.5770381,-9.636179,1
9480385,3944,2.51,-2.9,-2.45,0.86,-0.47,8.32,14.69,0.2604076,-0.258686,0.0354936,0.4035037,0.9719517,-10.12978,1
9710135,4053,1.8,-3.26,-3.11,1.05,-0.07,8.31,14.71,-0.1202739,0.04361902,-0.04377129,0.4002569,0.9830635,-9.66955,1
9821142,3955,2.16,-3.5,-3.52,1.13,1.0,8.3,14.67,0.09134626,0.09144765,-0.05417187,0.3374566,0.7974728,-9.729206,1
9929369,3960,2.74,-3.6,-3.98,1.17,1.12,8.3,14.76,-0.2101801,-0.1376803,0.02820556,0.4777074,1.002743,-10.1827,1
10031099,4132,1.55,-3.62,-3.83,1.33,0.34,8.29,15.06,-0.01775654,-0.1019619,0.04868671,0.2373366,1.001674,-10.38553,1
10140941,4181,1.55,-3.41,-3.55,1.47,0.08,8.28,15.31,0.01906003,-0.1081471,-0.01879234,0.585713,1.045716,-10.20427,1
10250645,4016,1.6,-3.11,-3.22,1.57,0.26,8.27,15.17,0.034814,0.04391411,-0.06122308,0.4846452,0.7254425,-9.525212,1
10356151,4043,1.48,-2.42,-3.07,0.43,0.5,8.33,14.81,-0.04016095,-0.04054536,-0.08020815,0.6911421,0.8389403,-10.35915,1
10468450,4169,2.89,-1.22,-1.99,-1.58,-1.14,8.39,14.33,0.05240534,-0.4243393,-0.1396004,0.5983642,0.6429569,-10.295,1
10574912,4151,2.75,-0.11,-0.91,-3.04,-3.66,8.41,13.59,0.3455657,-0.3504668,-0.1950279,0.01117012,0.7100666,-9.866556,1
10681573,4077,1.31,-0.04,0.17,-3.2,-4.64,8.41,12.5,0.2318868,-0.06055652,-0.1427859,0.2037414,0.6385689,-10.13576,1
10790635,4173,1.7,-1.07,0.23,-1.6,-3.9,8.4,11.41,-0.2548155,0.352919,-0.1286841,-0.1588785,0.4458523,-9.795329,1
10904037,4234,2.8,-2.3,-1.55,0.22,-0.88,8.34,10.31,-0.4792582,0.5483866,-0.08979177,0.3068544,0.9031693,-9.972898,1
11010730,4496,2.1,-3.53,-3.32,1.7,1.8,8.27,9.46,-0.3007653,0.4252282,-0.0853170199999999,0.2891663,0.6655506,-9.731256,1
11118417,4612,1.82,-3.46,-4.34,2.19,3.45,8.24,9.12,-0.04538481,0.1345035,-0.02362533,0.2120098,0.9706076,-9.793555,1
11225862,4882,1.27,-3.24,-3.48,1.9,3.59,8.25,9.17,0.2555674,-0.03518771,0.03155527,0.1163154,0.8496493,-10.34758,1
11335683,4715,1.31,-2.93,-2.23,1.24,2.76,8.29,9.44,0.141311,-0.1620641,0.04572924,0.04089483,0.9277203,-9.964124,1
11444151,4567,1.34,-2.89,-1.83,0.59,1.63,8.32,9.83,0.01381742,-0.1976912,0.05913934,0.03302546,0.6837678,-10.02395,1
11550277,4534,1.55,-2.87,-2.5,0.08,1.02,8.35,10.2,-0.02881893,-0.0804794,0.07357829,-0.07129663,0.8989038,-10.0703,1
11664197,4701,1.53,-3.01,-3.14,-0.25,0.73,8.36,10.64,0.02427748,-0.006471519,0.03408324,0.1299054,1.000863,-9.652943,1
11760859,4707,1.46,-3.15,-3.04,-0.34,0.49,8.37,10.96,0.05330036,-0.03639221,0.05722764,0.01104284,0.831888,-10.36862,1
11874127,4605,1.45,-3.23,-2.84,-0.43,0.3,8.38,11.18,0.03258641,-0.05167196,0.02998444,-0.02046288,0.6898942,-10.26561,1
11977021,4501,1.39,-3.34,-2.82,-0.47,0.13,8.38,11.27,0.06874242,-0.06199165,0.003647117,0.1963763,0.849215,-9.920622,1
12093854,4578,1.39,-3.55,-3.0,-0.54,0.06,8.38,11.2,-0.06330429,0.0002233694,-0.03197423,-0.1852334,0.8790292,-10.43887,1
12199841,4541,1.69,-3.68,-3.32,-0.72,0.29,8.39,10.94,-0.1215955,0.0674860199999999,-0.0533867,0.1233478,0.7226166,-9.924719,1
12312887,4644,1.64,-3.76,-4.01,-0.91,0.65,8.41,10.63,-0.003606275,0.06597595,-0.01852779,-0.01767444,0.8111897,-9.956594,1
12418995,4664,1.79,-3.73,-4.11,-1.15,0.47,8.42,10.53,-0.005073148,-0.1046341,0.01062772,0.2966346,0.8315326,-9.882031,1
12529960,4739,1.71,-2.76,-3.52,-2.1,-1.1,8.48,10.86,0.2545735,-0.3238845,0.05065611,0.3462886,0.8761235,-9.805675,1
12632194,4796,1.56,-2.09,-2.57,-2.48,-2.8,8.49,11.12,0.1218584,-0.2121437,0.05852237,0.0696707399999999,0.5788216,-10.15592,1
12745989,4581,1.39,-1.63,-2.11,-2.28,-3.32,8.49,11.17,0.01506281,0.143736,0.004912936,0.02042273,0.6844084,-9.928006,1
12847173,4556,1.19,-1.64,-1.51,-1.71,-2.84,8.47,10.81,0.005680426,0.196262,-0.1143152,-0.006531919,0.7170619,-10.10565,1
12964489,4536,1.56,-1.89,-1.06,-0.96,-1.76,8.45,9.61,-0.02598369,0.1400584,-0.1995015,-0.000912275,0.5896054,-10.00063,1
13074664,4466,1.76,-2.14,-1.64,-0.55,-0.76,8.43,8.35,-0.1331113,0.1023045,-0.1971083,0.1523213,0.4762734,-9.250381,1
13184161,4622,1.81,-2.28,-2.44,-0.4,0.0,8.43,7.3,-0.118678,0.1467131,-0.1214274,-0.2253813,0.7081581,-9.493409,1
13285072,4832,1.75,-2.27,-2.9,-0.43,0.62,8.43,6.62,-0.03468872,0.06358443,-0.0778298999999999,-0.06473505,0.617106,-9.771108,1
13392598,4875,1.85,-2.31,-3.37,-0.24,1.08,8.42,6.23,-0.1089444,0.03722226,0.02214587,0.02977993,0.5543832,-9.645341,1
13609101,4940,1.56,-2.04,-3.6,0.34,1.04,8.4,7.67,-0.04878959,0.03051035,0.1674113,0.2462124,0.6583865,-9.244368,1
13724036,4769,1.73,-1.75,-3.19,0.84,1.08,8.38,8.7,0.0795308099999999,0.04357556,0.1584507,0.2813771,0.5070923,-9.802688,1
13821690,4754,1.48,-1.59,-2.67,1.25,1.14,8.37,9.47,0.1107979,0.03439902,0.1411431,0.3076804,0.5536988,-9.517702,1
13944180,4586,1.41,-1.44,-2.3,1.61,1.3,8.36,10.31,0.06100677,0.06349798,0.1115607,0.2672152,0.6333337,-9.301147,1
14039006,4601,1.43,-1.42,-2.18,0.99,1.32,8.38,10.95,-0.005192472,-0.1106461,0.1203151,0.5294541,0.6205109,-9.878922,1
14152503,4652,1.29,-1.48,-1.69,0.06,0.25,8.4,11.53,0.1037496,-0.2385215,0.06159986,0.3024162,0.4982127,-9.785128,1
14477378,4384,1.26,-1.7,-1.85,-0.53,-2.14,8.41,12.67,-0.02281832,0.09963953,0.05908835,0.1818313,0.3997325,-9.963489,1
14591061,4328,1.4,-1.57,-2.15,0.05,-1.03,8.4,12.82,-0.1457877,0.2547879,-0.00701148,0.3740841,0.4560413,-9.594094,1
14702371,4343,1.32,-1.51,-2.0,0.58,-0.25,8.38,12.69,0.1028873,0.09712843,-0.02583882,0.4947046,0.6222005,-9.997812,1
14820549,4369,1.53,-1.5,-1.84,0.8,-0.07,8.38,12.34,0.02823097,-0.1066592,-0.06034403,0.6207287,0.6884758,-9.910059,1
14919024,4357,1.29,-1.48,-1.89,1.11,-0.64,8.37,11.82,0.02117054,-0.05716624,-0.09307741,0.2164234,0.5207856,-10.00469,1
15030033,4356,1.55,-1.52,-1.71,1.3,-0.83,8.36,11.05,0.02694479,0.02687249,-0.1346129,0.256296,0.322351,-9.958124,1
15137641,4318,1.65,-1.37,-1.86,1.51,-0.21,8.36,10.09,-0.05572077,0.1274887,-0.1574566,0.4450273,0.5015766,-9.590303,1
15246826,4576,1.82,-1.25,-1.94,1.85,0.28,8.35,9.05,0.001126096,0.09283431,-0.1746353,0.374912,0.4541237,-9.700778,1
15466489,4695,1.87,-1.04,-1.8,1.85,1.26,8.35,7.01,-0.03810325,0.09701876,-0.1136741,0.4266168,0.2842529,-9.712212,1
15578945,4967,1.81,-0.93,-1.65,1.89,1.28,8.35,6.46,0.09438958,-0.03116476,-0.0575753,0.3066349,0.6388999,-9.824973,1
15675165,4929,1.97,-0.83,-1.58,2.04,1.45,8.35,6.3,-0.01163891,0.06142149,0.01495441,0.0191357,0.3581691,-9.828191,1
15893862,5013,1.85,-0.4,-0.95,2.33,2.58,9.79,7.62,0.1226393,-0.004646237,0.2444421,0.3040699,0.4716,-9.964423,1
15999206,4985,1.99,-0.19,-0.8,2.3,3.02,11.88,9.39,0.005030843,0.06700332,0.3531678,0.3237713,0.5090358,-10.01816,1
16112165,5026,1.55,-0.16,-0.67,2.05,3.4,13.53,12.25,-0.06174257,-0.01539917,0.462891,0.3625648,0.187832,-9.94058,1
16214195,4991,1.28,-0.18,-0.97,1.51,2.95,13.58,14.96,-0.1073726,-0.1264358,0.4062271,0.3719061,0.4610026,-9.372594,1
16333125,4635,1.17,-0.23,-1.34,-0.6,1.06,13.59,17.2,0.05478061,-0.4048871,0.2829181,0.3009311,0.7538887,-9.840934,1
16444689,4536,1.57,-0.22,-1.19,-2.17,-1.66,13.59,18.42,0.1350745,-0.4039037,0.1236975,-0.08553847,0.5726718,-9.799278,1
16551386,4323,1.56,-0.15,-1.43,-3.35,-3.1,13.6,18.84,0.04359014,-0.2156203,0.009015254,0.009047822,0.3987272,-9.780066,1
16659947,4448,1.41,-0.27,-1.15,-3.86,-3.6,13.6,18.96,0.0593362,-0.009106915,-0.007530452,-0.1292003,0.387122,-10.22749,1
16767949,4350,1.59,-0.25,-1.36,-4.08,-3.4,13.6,18.88,-0.0412371,-0.03987862,-0.02431717,0.03754424,0.5928708,-10.16586,1
16875930,4474,1.73,-0.19,-1.76,-4.12,-3.06,13.6,18.63,-0.02501674,0.06734092,-0.04968883,0.0979341,0.5671354,-9.664717,1
16988592,4543,1.52,-0.26,-1.68,-4.07,-2.72,13.6,18.05,0.0265372,0.05241663,-0.1129122,0.02529299,0.2978182,-10.16196,1
17103742,4562,1.39,-0.41,-1.39,-4.0,-2.14,13.6,17.44,0.002291522,0.09909002,-0.06555159,0.1107317,0.4736833,-10.26838,1
17216578,4619,1.29,-0.77,-0.87,-3.84,-2.51,13.6,16.85,0.02373681,-0.06487966,-0.08198853,0.04228391,0.4250632,-10.08226,1
17313173,4529,1.57,-1.09,-0.64,-3.66,-2.87,13.59,16.31,-0.01227594,-0.05089626,-0.1106157,0.142895,0.2961048,-9.948814,1
17418030,4590,1.75,-1.31,-1.18,-3.53,-2.71,13.59,15.65,-0.05228257,0.05665027,-0.1218815,-0.004456081,0.6023905,-9.742759,1
17527080,4716,1.87,-1.69,-1.78,-3.21,-2.41,13.58,14.97,-0.09115346,0.03669836,-0.1040609,-0.0688265099999999,0.5513178,-9.910899,1
17635906,4817,1.9,-1.82,-2.38,-3.11,-2.1,13.58,14.27,-0.07656727,0.0444521,-0.1085021,-0.1354882,0.7441639,-9.844737,1
17750925,4990,1.86,-1.91,-2.45,-3.0,-1.82,13.58,13.66,0.0006071197,0.04618595,-0.0740790499999999,0.04915194,0.5405235,-9.868569,1
17853383,5068,1.89,-1.87,-2.2,-3.0,-1.78,13.58,13.32,0.06085138,-0.02431245,-0.04702398,0.004864051,0.29488,-9.96169,1
17969985,5007,1.64,-1.77,-1.68,-3.09,-1.92,13.58,13.05,0.1248977,-0.02472549,-0.04117691,-0.05835049,0.5020999,-10.07825,1
18074083,4935,1.75,-1.7,-1.49,-3.0,-1.95,13.58,12.81,-0.02651269,0.08803228,-0.0342513,-0.1455694,0.498634,-10.1646,1
18184116,5040,1.8,-1.67,-1.44,-3.02,-1.86,13.58,12.43,0.005520194,0.06351554,-0.064082,-0.1493868,0.4578377,-10.00113,1
18292040,5010,2.11,-1.64,-1.97,-3.18,-1.42,13.58,11.86,-0.09323619,0.1395687,-0.0968483599999999,-0.1801818,0.30628,-9.824772,1
18507409,5143,2.26,-1.33,-2.78,-3.64,-1.32,13.59,10.87,-0.01316273,-0.1161282,-0.08153082,-0.1170424,0.5001743,-9.851956,1
18620128,5271,2.29,-0.99,-2.63,-3.94,-1.67,13.6,10.45,0.0035443,-0.04344696,-0.0683074,-0.2630304,0.3871264,-10.09205,1
18727930,5276,2.27,-0.51,-2.5,-4.1,-1.85,13.6,10.14,0.008377745,0.04701349,-0.05064512,-0.3090198,0.4372303,-10.14049,1
18828379,5361,2.43,-0.03,-2.23,-4.22,-1.67,13.6,9.69,0.04931762,0.04939508,-0.0893949099999999,-0.2750672,0.1375153,-9.871254,1
19051480,5442,2.46,0.06,-2.57,-2.52,1.16,13.6,9.26,-0.08239058,0.2548762,0.05147645,-0.1479044,0.4608285,-9.754841,1
19159411,5483,1.95,0.23,-2.54,-2.31,1.66,13.6,9.75,0.1202089,-0.0195094,0.09590454,-0.1169326,0.2645017,-9.749949,1
19261037,5450,2.0,0.12,-2.4,-2.23,1.42,13.6,10.5,0.03265255,-0.03407153,0.1517931,-0.3152117,0.4002702,-9.680072,1
19380956,5309,1.78,-0.05,-2.04,-2.39,0.6,13.6,11.59,0.1225568,-0.1787767,0.1525861,-0.1523893,0.4863147,-9.88522,1
19484360,5260,1.94,-0.18,-1.48,-2.57,-0.32,13.61,12.45,0.1147395,-0.1870395,0.1381771,0.04712876,0.405107,-9.574421,1
19592986,5130,1.44,-0.11,-0.26,-2.6,-1.43,13.61,13.1,0.2291144,-0.14031,0.05930506,-0.3136378,0.3247153,-10.07488,1
19708003,4894,1.55,-0.22,0.79,-2.24,-1.97,13.64,13.31,0.1231869,0.003325291,-0.002148086,-0.2996196,0.334216,-10.38364,1
19807613,4939,1.97,-0.68,0.94,-1.63,-1.77,14.99,13.25,-0.02524235,0.04127597,-0.0099212339999999,-0.2056013,0.3518593,-9.859198,1
20130598,4901,1.93,-1.97,-1.34,-0.13,0.03,18.16,15.24,-0.05141078,0.01813969,0.1929527,-0.04299931,0.5517774,-9.620939,1
20254881,5294,1.83,-2.37,-1.78,0.97,0.75,18.12,16.59,-0.08179437,0.1775454,0.1817467,-0.1510211,0.4261148,-10.29764,1
20472427,5216,1.38,-2.96,-0.9,4.12,3.37,17.98,18.36,0.0234852,0.2353433,0.1433121,0.05791979,0.4880946,-10.22685,1
20580109,4725,1.33,-3.43,-0.95,5.16,4.68,17.92,19.06,-0.01715471,0.2153638,0.1190002,-0.2105417,0.6408279,-10.0468,1
20689187,4670,1.47,-3.86,-1.45,5.27,5.35,17.91,19.45,-0.07610994,0.06039603,0.06640279,-0.03361692,0.5796807,-9.936748,1
20789841,4655,1.36,-4.16,-1.87,4.9,4.88,17.94,19.53,-0.01120812,-0.1429872,0.0089038669999999,0.04855257,0.8051332,-10.19854,1
20899988,4601,1.52,-4.4,-2.3,4.13,3.71,18.0,19.36,-0.0757975699999999,-0.2406988,-0.07132048,-0.04521995,0.545885,-9.905634,1
21005665,4643,1.78,-4.37,-3.23,3.78,2.52,18.02,19.15,-0.177636,-0.0918016,-0.03938537,-0.1490568,0.5615153,-9.786058,1
21115963,4730,1.68,-4.18,-3.82,4.11,2.78,18.0,19.17,-0.0458486,0.07677647,-0.02543881,0.2186451,0.6218929,-9.589834,1
21233090,4869,1.7,-3.08,-2.83,4.24,3.13,17.99,19.24,0.3596699,-0.008015437,-0.01886189,-0.1081733,0.8496296,-10.03281,1
21345147,4839,1.24,-1.57,-0.05,4.33,2.75,17.99,19.31,0.4626564,-0.04940275,-0.004328042,-0.2544462,0.6897154,-10.04839,1
21452460,4653,1.41,-0.4,2.38,4.35,2.7,17.99,19.16,0.2884793,0.01378209,-0.03826245,0.04392539,0.627487,-10.06224,1
21566892,4598,1.52,-0.06,3.29,4.58,2.86,17.99,18.74,-0.04449975,0.07249434,-0.06512044,0.07791588,0.4545985,-10.0657,1
21666909,4594,1.61,-0.27,2.87,4.77,3.07,17.98,18.3,-0.1016232,0.04115274,-0.06302455,0.1059155,0.6929896,-9.678131,1
21886163,4788,1.74,-1.14,0.92,4.8,3.27,17.99,17.62,-0.1499246,0.01451705,-0.01625512,0.263376,0.6868952,-9.669983,1
21990658,4829,2.1,-1.21,-0.04,4.65,3.21,17.99,17.49,-0.1397181,-0.0506926,-0.02225558,0.167536,0.5602784,-9.659349,1
22102831,4961,2.03,-1.15,-0.58,4.35,3.02,17.99,17.43,-0.04056744,-0.06631705,0.001219877,0.1852448,0.7096022,-9.810534,1
22212668,5060,1.89,-0.86,-0.79,3.98,3.0,18.0,17.53,0.00721402,0.04309336,0.01739053,0.1043969,0.7439681,-9.670653,1
22320962,5092,1.81,-0.68,-0.62,3.72,2.97,18.0,17.58,-0.01953515,-0.01700111,0.02868266,0.1318853,0.5660956,-9.898657,1
22429131,4986,1.95,-0.43,-0.18,3.53,2.89,18.01,17.59,0.05438577,-0.03342815,0.008467776,0.2228635,0.4253551,-9.953842,1
22535608,4989,1.97,-0.11,-0.27,3.37,2.84,18.01,17.62,-0.04556194,0.08187723,0.01725503,0.1178114,0.5214208,-9.83466,1
22638666,4858,1.8,0.12,-0.19,3.07,3.22,18.01,17.85,0.02894525,0.05919574,0.07210463,0.2275075,0.4312801,-9.852352,1
22747480,4927,1.72,0.43,-0.04,2.81,3.4,18.01,18.33,0.02956301,0.01527386,0.09393292,0.2717657,0.5985334,-9.732324,1
22858592,4911,1.73,0.74,0.1,2.39,3.34,18.0,18.91,-0.03882698,-0.08490396,0.09556777,0.2589575,0.5358989,-9.729715,1
22965084,4839,1.6,1.08,0.3,1.94,2.86,17.99,19.58,0.06981577,-0.1469344,0.1014003,0.4862254,0.4359615,-9.716183,1
23181169,4714,1.52,2.36,1.38,1.52,0.73,17.98,20.52,0.1827751,-0.1414873,0.02935257,0.1118905,0.5214165,-9.771645,1
23287689,4723,1.62,2.84,2.44,1.72,-0.13,17.99,20.43,0.1393623,-0.03914526,-0.02942914,0.06997383,0.4439934,-9.881886,1
23393153,4660,1.7,3.27,3.07,1.99,-0.12,18.01,19.95,0.1240242,0.03944041,-0.1027732,0.1081939,0.2689001,-9.98694,1
23512098,4739,1.82,3.35,3.14,2.3,0.52,18.03,19.16,-0.05024021,0.08765371,-0.1302754,0.1512209,0.3242615,-9.508411,1
23614152,4717,2.17,3.39,2.59,2.46,1.17,18.04,18.48,-0.1536172,0.1091548,-0.1291592,0.1963743,0.3813983,-9.631458,1
23722049,4970,2.16,3.51,2.13,2.45,1.65,18.04,17.72,-0.02743404,0.06340908,-0.1097345,0.2941967,0.3000524,-9.783962,1
23828640,5132,1.86,3.55,2.44,2.42,1.37,18.03,17.13,0.08824793,-0.1029875,-0.08255772,0.2330276,0.3201327,-9.728148,1
23940040,5008,1.86,3.56,2.86,2.35,1.04,18.03,16.7,0.06291283,-0.01940675,-0.05820579,0.1184997,0.3630698,-9.826874,1
24050144,4953,1.7,3.33,2.94,2.31,0.87,18.03,16.34,0.03305864,-0.01771469,-0.04221568,-0.003741886,0.2134357,-9.781974,1
24156988,4922,1.87,3.02,2.44,2.33,1.19,18.03,16.21,-0.1556551,0.02419978,0.001599714,0.2469856,0.3440375,-9.682984,1
24269401,5021,1.8,2.81,2.15,2.38,1.35,18.03,16.41,-0.05933882,0.006537236,0.04929205,0.2382922,0.1441162,-9.896708,1
24379058,4964,1.95,2.83,1.66,2.36,1.55,18.03,16.98,-0.01704865,0.02418518,0.0910646,0.17089,0.3742651,-9.587731,1
24477390,5039,1.93,2.94,1.24,2.29,1.74,18.03,17.59,-0.1019451,0.05762703,0.1038442,0.2087354,0.2830827,-9.769905,1
24596130,4964,1.94,3.36,1.01,2.23,1.64,18.02,18.19,-0.01792718,-0.01978147,0.0843612599999999,0.1817082,0.2841551,-9.593019,1
24813624,5037,1.86,4.02,1.77,2.55,1.6,18.04,18.89,0.0789309599999999,0.086966,0.06669325,0.1000528,0.2079211,-10.0308,1
24908198,4957,1.96,4.29,2.0,2.68,1.8,18.05,19.26,0.02264939,0.02002862,0.06347622,0.1755108,0.07548895,-9.984247,1
25018371,5012,1.75,4.63,2.03,2.81,1.92,18.06,19.72,0.01845655,-0.01013817,0.06542893,0.434798,0.2757373,-9.804512,1
25126139,4944,1.86,4.83,2.27,2.87,1.77,18.07,20.13,0.03626841,-0.02329525,0.07000395,0.3726792,0.2445975,-10.05325,1
25238152,5007,1.58,4.68,2.72,2.98,1.22,18.08,20.35,0.07655627,-0.1281915,0.02792757,0.1429599,-0.05681321,-9.757756,1
25349006,4843,1.65,3.98,2.31,2.93,1.35,18.07,20.49,-0.1380199,0.02648483,0.006331091,0.3341456,-0.1284095,-9.536351,1
25454911,4886,2.18,2.21,0.49,2.86,1.51,18.07,20.57,-0.4199642,0.0726833,-0.000848369,0.2851813,-0.002573221,-9.855705,1
25572615,4916,1.76,0.6,-1.71,2.74,1.47,18.07,20.53,-0.2603861,0.02677601,-0.02247347,0.3148124,0.1541637,-9.679747,1
25673896,4940,1.95,-0.81,-3.19,2.69,1.64,18.07,20.44,-0.2612812,0.07335162,-0.003503563,0.3200696,0.03683421,-9.698261,1
25791645,4896,1.92,-2.44,-4.68,2.76,1.98,18.06,20.32,-0.2693562,0.09133189,-0.02091881,0.2645642,0.01223891,-9.707272,1
25893049,5011,1.7,-3.76,-5.7,2.8,2.24,18.06,20.3,-0.107898,-0.04158887,0.003926923,0.2254071,0.1667853,-10.01846,1
26005510,4909,1.7,-4.83,-6.26,2.84,2.39,18.06,20.32,-0.04265073,-0.0461051,-0.003220693,0.160154,0.2620014,-10.13898,1
26118994,4873,1.63,-5.59,-6.23,2.85,2.33,18.06,20.31,0.03317057,0.01453247,-0.01184278,0.2041271,0.04944349,-10.12853,1
26218496,4899,1.8,-5.65,-5.95,2.82,2.46,18.06,20.23,0.03410672,0.03953427,-0.01842314,0.2920205,0.2328897,-9.985603,1
26330502,4865,2.04,-4.29,-5.0,2.74,2.85,18.07,20.2,0.1946619,0.07767195,0.02800286,0.4741068,0.3720304,-9.905122,1
26441988,4971,1.55,-2.43,-2.58,2.7,2.91,18.07,20.3,0.3006873,0.03374732,0.04045478,0.4070958,0.1649375,-9.755357,1
26546475,4781,1.62,-1.44,-0.87,2.72,2.59,18.07,20.47,0.2518404,-0.03087861,0.02489636,0.1555862,0.1132467,-9.909106,1
26654471,4713,1.7,-0.96,-0.04,2.58,2.64,18.07,20.68,0.04750735,0.009359704,0.0488378,0.353954,0.1260776,-9.933977,1
26775644,4701,1.66,-1.69,-0.99,2.37,2.69,18.08,20.81,-0.3654384,0.01528302,0.0226118,0.6108586,0.01340905,-9.939741,1
26873152,4715,1.92,-3.06,-3.0,2.22,2.34,18.08,20.73,-0.4168049,-0.07341417,0.005562768,0.296144,0.0709059799999999,-10.09355,1
26980899,4790,1.85,-4.36,-5.16,2.11,1.89,18.09,20.65,-0.3134332,-0.05151216,-0.01292045,0.3253363,0.2475599,-10.19538,1
27097621,4913,2.03,-4.91,-6.5,2.17,1.57,18.09,20.54,-0.1165018,0.008270125,-0.04226076,0.2585399,0.3876196,-9.83071,1
27205950,5030,1.91,-4.83,-6.64,2.31,1.69,18.07,20.34,-0.02019079,0.02891403,-0.03780649,0.337644,0.4297937,-10.2928,1
27302198,4943,2.06,-4.22,-5.71,2.5,1.74,18.06,20.0,0.1912422,0.05479525,-0.07225502,0.3957463,0.2365415,-10.13678,1
27634972,4998,1.73,-0.39,1.45,3.38,2.95,18.04,18.29,0.1592855,0.0995189499999999,-0.07185248,0.3199813,0.1421434,-9.93891,1
27756673,4796,1.68,-0.86,1.94,5.14,4.64,18.02,17.92,-0.0288614,0.3949037,-0.04552046,0.2526092,0.1236813,-10.06669,1
27854420,4773,1.87,-1.49,1.32,6.7,6.89,17.99,17.69,-0.1525933,0.4302149,-0.02561764,0.2523485,0.1740317,-10.18921,1
27972147,4879,2.01,-2.16,-0.1,8.01,8.86,17.95,17.49,-0.3089937,0.1485496,-0.005355729,0.500357,0.2753694,-10.09285,1
28069957,5000,1.94,-2.52,-0.97,8.26,9.24,17.94,17.47,-0.1137972,-0.08820099,0.02266002,0.551465,0.5549397,-9.68641,1
28178080,5012,1.73,-2.74,-1.14,8.09,8.78,17.95,17.75,-0.01707647,-0.08775593,0.0854034199999999,0.3592133,0.2081832,-10.11848,1
28294064,4904,1.75,-2.86,-1.09,7.58,8.09,17.97,18.2,-0.01812356,-0.1267126,0.06911871,0.361969,0.4327593,-9.852887,1
28407463,4933,1.61,-2.96,-1.41,7.24,7.1,17.99,18.66,-0.04812915,-0.1867777,0.05113745,0.3943464,0.4238197,-9.805603,1
28506424,4855,1.69,-3.12,-1.57,7.25,6.43,17.99,18.94,0.03068788,-0.09280201,0.02570238,0.06221256,0.4718644,-10.04338,1
28626975,4771,1.7,-3.27,-1.98,7.36,6.5,17.98,19.06,-0.05843718,0.01858523,0.0008966079,0.4874568,0.3627855,-9.873813,1
28733161,4772,1.7,-3.45,-2.24,7.43,6.64,17.98,19.01,-0.06649268,-0.0007246035,-0.01758175,0.4112166,0.3851454,-9.699899,1
28833586,4787,1.72,-3.52,-2.56,7.5,6.68,17.97,18.9,-0.06690732,-0.0092037809999999,-0.02937111,0.4463049,0.3394471,-9.896255,1
28946833,4845,1.75,-3.53,-2.73,7.54,6.54,17.97,18.87,-0.0105612,-0.01846798,-0.009399075,0.5236664,0.4700723,-9.835055,1
29169001,4909,1.74,-3.46,-2.32,7.56,6.66,17.97,18.75,0.01959145,0.05654205,-0.02183635,0.7045956,0.4940514,-9.921968,1
29278672,4780,1.59,-3.57,-1.94,7.58,6.63,17.97,18.71,0.05459211,-0.005703056,0.02155662,0.6740308,0.3724198,-9.776743,1
29388097,4729,1.6,-3.71,-1.87,7.56,6.49,17.97,18.82,-0.00166746,-0.01082907,0.02433751,0.4254953,0.4882678,-10.11668,1
29487499,4741,1.73,-3.79,-2.37,7.38,6.59,17.98,18.91,-0.1056848,0.0459787,0.0122466,0.619045,0.4512071,-9.61512,1
29604125,4730,1.78,-3.98,-2.79,7.08,6.42,18.0,18.79,-0.03873178,-0.05865893,-0.03413126,0.4802128,0.6101243,-9.782577,1
29707364,4773,1.81,-3.97,-3.1,6.42,6.29,18.05,18.59,0.005442366,-0.02106094,-0.03592262,0.3346515,0.5710344,-10.15789,1
29812512,4827,1.66,-3.92,-3.04,5.67,6.05,18.1,18.46,0.02635281,-0.0806845499999999,-0.01993611,0.3802319,0.4102276,-9.882924,1
29931672,4829,2.05,-3.58,-3.26,4.5,4.91,18.18,18.52,0.02508334,-0.2176334,-0.0005139642,0.3124116,0.6383104000000001,-9.915956,1
30032979,4983,2.0,-2.86,-2.73,3.26,3.8,18.25,18.6,0.1487633,-0.1754437,0.02031985,0.4853035,0.6177041,-10.03417,1
30153901,4930,1.91,-0.21,-0.64,1.12,1.69,18.32,18.82,0.4479641,-0.3233945,0.003568223,0.4618791,0.5342931,-9.723433,1
30256092,4967,1.52,1.56,2.28,0.09,0.16,18.3,18.76,0.5227364,-0.2099422,-0.01218089,0.4880102,0.4742375,-9.867598,1
30367004,4783,1.54,2.81,4.54,-0.49,-0.83,18.28,18.59,0.2517073,-0.1640493,-0.006289224,0.41765,0.3559796,-10.09753,1
30477273,4758,1.7,2.93,4.95,-0.46,-1.3,18.28,18.79,-0.01705405,-0.08149742,0.06590059,0.618147,0.539337,-10.11646,1
30576871,4783,1.33,2.54,4.18,0.01,-1.51,18.31,19.38,-0.07987075,-0.06429525,0.1397499,0.4940993,0.3654449,-9.604808,1
30692107,4655,0.78,0.45,2.55,1.48,-0.89,18.34,20.4,-0.3450968,0.1686788,0.1038691,0.2269861,-0.2232197,-9.802422,1
30813353,4404,2.11,-1.4,-1.89,3.39,1.33,18.33,20.83,-0.5691028,0.3287269,0.03232319,0.6476864,0.5925928,-9.353745,1
30911265,4824,1.71,-2.42,-4.18,4.53,3.24,18.29,20.82,-0.296833,0.2374243,-0.02679229,0.7086612,0.3363093,-9.544505,1
31023169,4789,1.7,-2.54,-4.87,5.36,4.76,18.25,20.53,0.01518031,0.15612,-0.02999943,0.8042267,0.5065501,-9.629109,1
31125870,4877,1.45,-2.28,-3.92,5.62,5.23,18.24,20.2,0.2417136,0.06885389,-0.07074609,0.5255736,0.4634117,-9.815729,1
31237000,4711,1.55,-1.97,-2.48,5.49,5.23,18.24,19.85,0.1992734,-0.01403985,-0.07762724,0.7681661,0.4188614,-9.54706,1
31346141,4677,1.65,-1.58,-1.61,4.39,4.42,18.28,19.56,0.1317733,-0.2447878,-0.06524713,0.8424409,0.3215538,-9.667402,1
31565976,4739,1.68,-1.95,-1.02,3.11,1.7,18.32,19.25,0.006162427,-0.1312822,-0.02857062,0.5373673,0.4044369,-9.7841,1
31674711,4666,1.82,-2.05,-1.53,2.92,1.35,18.32,19.14,-0.07856655,-0.06703412,-0.01142464,0.4783716,0.4418132,-9.712345,1
31781918,4799,1.85,-2.1,-1.88,2.87,1.09,18.32,19.06,-0.05226028,-0.02115993,0.002746172,0.5409394,0.3089985,-9.976753,1
31889663,4789,1.91,-1.82,-2.24,2.95,1.45,18.32,18.95,-0.05503852,0.184986,-0.02372,0.5868954,0.2856671,-9.91977,1
31996138,4872,1.73,-1.52,-1.99,3.23,2.09,18.31,18.69,0.07512847,0.1231094,-0.03992384,0.364262,0.3316562,-9.707232,1
32105112,4927,1.9,-1.15,-1.7,3.46,2.63,18.31,18.32,0.05120553,0.1178066,-0.06429761,0.4107527,0.4043998,-9.753678,1
32224122,4924,2.11,-0.74,-1.29,3.37,3.39,18.31,17.89,0.08534045,0.05673086,-0.05364394,0.6731081,0.1912577,-9.838861,1
32318096,5024,1.75,-0.53,-0.84,3.31,3.31,18.31,17.59,0.1351596,-0.04417895,-0.06133843,0.6251827,0.1531547,-9.843041,1
32430581,4865,1.74,-0.52,0.2,3.02,3.28,18.31,17.26,0.1833044,-0.02146337,-0.04387322,0.468012,0.2121521,-9.865418,1
32540926,4757,1.67,-0.55,0.42,2.77,3.23,18.32,17.09,-0.03872927,-0.03183088,-0.01103664,0.3116531,0.272602,-9.696174,1
32652423,4761,1.8,-0.8,0.15,2.33,2.83,18.32,17.05,-0.1254633,-0.1320888,-0.009505257,0.5415665,0.3325748,-9.986558,1
32767602,4941,1.89,-1.11,-0.4,1.56,2.15,18.33,17.04,-0.09129906,-0.09679523,0.005675313,0.558709,0.3806701,-9.835726,1
32872999,4799,1.94,-1.31,-1.02,1.0,1.29,18.35,17.04,-0.02931458,-0.17685,-0.01170343,0.628347,0.3577178,-9.591802,1
32982070,4996,1.71,-1.51,-1.3,0.56,0.77,18.36,17.12,-0.0311348,-0.0313326,0.02895789,0.3758366,0.3523729,-9.976292,1
33093665,4933,1.61,-1.65,-1.16,0.25,0.66,18.36,17.39,0.03216771,0.02222786,0.06453621,0.2951109,0.2979854,-9.680222,1
33203167,4795,1.55,-1.74,-1.0,-0.06,0.73,18.37,17.77,0.01295178,0.04639684,0.07199305,0.3862097,0.2860146,-9.806355,1
33313993,4758,1.73,-1.79,-1.19,-0.33,0.68,18.38,18.22,-0.1137986,-0.04380268,0.08643322,0.4685816,0.3607055,-9.998393,1
33426153,4777,1.51,-1.9,-1.36,-0.48,0.49,18.39,18.8,-0.04162138,-0.001500661,0.08845029,0.3743236,0.3451367,-9.557124,1
33637857,4731,1.65,-2.03,-2.07,-0.63,0.17,18.39,19.54,-0.04678163,-0.01516602,0.02752789,0.3562298,0.5053047,-9.859737,1
33743620,4764,1.52,-2.07,-2.13,-0.89,0.14,18.4,19.51,0.06688407,-0.01509263,-0.01866516,0.5147431,0.483789,-10.00245,1
33847148,4699,1.54,-2.15,-1.76,-1.38,-0.26,18.42,19.3,0.02188822,-0.07362502,-0.05422511,0.3048036,0.4535529,-9.906803,1
33963741,4657,1.58,-2.21,-1.41,-2.02,-1.03,18.44,19.03,0.06119183,-0.1140316,-0.04407968,0.1808126,0.5450302,-9.887526,1
34066599,4659,1.6,-2.3,-1.6,-2.44,-1.51,18.46,18.73,0.005129077,-0.03988273,-0.0554669,0.2030143,0.4988688,-9.548549,1
34179656,4717,1.6,-2.4,-1.99,-2.69,-1.5,18.47,18.43,-0.1066909,-0.0002947508,-0.05424129,0.1930226,0.1730078,-9.754666,1
34288413,4767,1.65,-2.45,-2.26,-2.7,-1.41,18.47,18.24,0.03716211,-0.01341504,-0.04063381,0.1749061,0.4318448,-9.696467,1
34392641,4728,1.61,-2.78,-2.44,-2.56,-1.35,18.47,18.13,-0.01320744,-0.008237265,-0.01384307,0.2925584,0.383073,-9.677251,1
34511020,4748,1.36,-4.24,-3.39,-1.91,-0.83,18.43,18.07,-0.2120242,0.1315942,-0.01417843,0.05006001,0.2590297,-9.731988,1
34623060,4658,1.68,-6.11,-5.26,-1.22,0.13,18.36,18.0,-0.3161931,0.1383399,-0.001223668,0.3393839,0.2958243,-9.637436,1
34725866,4679,1.75,-7.69,-7.55,-0.68,0.76,18.3,18.03,-0.3207878,0.0154309,0.04261978,0.1808303,0.5809888,-9.979689,1
34827174,4752,1.42,-8.63,-8.83,-0.32,1.16,18.25,18.33,-0.07509664,0.003136139,0.07540175,0.4423155,0.5223732,-10.17366,1
34940072,4655,1.46,-8.98,-9.37,-0.08,1.16,18.21,18.86,-0.01589859,-0.03100076,0.1004672,0.3144622,0.5532324,-9.919963,1
35050357,4620,1.33,-8.93,-9.33,0.12,0.99,18.17,19.61,-0.08433654,-0.04685238,0.1265334,0.252214,0.4391042,-9.792746,1
35158289,4542,1.4,-8.68,-9.04,0.5,0.25,18.12,20.36,0.1320967,-0.0976209299999999,0.0902153,0.3444836,0.4224918,-9.76536,1
35262103,4531,1.32,-8.43,-8.68,0.93,-0.07,18.05,20.84,0.1744201,-0.0923249,0.04226559,0.4550413,0.6465126,-9.651342,1
35370038,4383,1.3,-8.31,-7.9,1.56,0.29,17.96,20.81,0.2554602,0.0961800399999999,-0.04220134,0.3494484,0.7586001,-9.802155,1
35481620,4346,1.42,-8.37,-7.29,2.27,0.96,17.85,20.55,0.2183229,0.1306359,-0.02921959,0.4003031,0.5742208,-9.51622,1
35591465,4245,1.3,-8.53,-7.0,2.86,1.86,17.77,20.25,0.01884438,0.1136002,-0.03043918,0.3479605,0.5503151,-9.937291,1
35699156,4282,1.62,-8.61,-6.86,3.09,3.02,17.73,19.76,0.1727197,0.1405816,-0.06082008,0.6072416,0.5922529,-9.823553,1
35804669,4260,2.13,-8.81,-7.17,3.09,3.67,17.73,19.2,0.04269547,0.01082601,-0.09084441,0.561878,0.7426748,-9.448918,1
35925087,4388,0.9899999,-9.02,-7.07,2.87,3.7,17.77,18.76,-0.02207568,0.0212352,-0.05884156,0.1173787,0.9326028,-9.875546,1
36032998,4278,1.56,-9.27,-7.08,2.53,3.25,17.82,18.36,-0.3165939,-0.03923855,-0.07655007,-0.05704346,0.4043553,-9.955782,1
36140164,4254,1.98,-9.12,-7.81,2.18,2.96,17.88,17.92,-0.04331399,-0.1339955,-0.1018268,0.2188198,0.7433298,-9.688956,1
36248290,4525,2.07,-6.9,-6.99,1.81,2.81,17.93,17.38,0.2844028,0.1354825,-0.09015585,0.09544907,1.207045,-9.767138,1
36353120,4768,1.28,-4.64,-3.65,1.35,3.25,17.98,16.94,0.6339289,0.01564129,-0.05135092,-0.1290154,0.7679389,-9.512003,1
36461074,4640,1.32,-3.03,-0.7,0.77,3.46,18.01,16.6,0.2829132,-0.0006970236,-0.0721568499999999,-0.01410895,0.6491949,-9.862366,1
36567916,4611,1.44,-2.72,0.36,-0.07,3.24,18.06,16.39,0.006332612,-0.03839034,-0.01452348,0.1730698,0.4844712,-9.845308,1
36689538,4572,1.99,-3.11,-0.46,-1.16,2.63,18.11,16.32,-0.1142196,-0.145506,0.0158275,0.02225487,0.8915583,-9.497862,1
36793112,4793,1.28,-4.24,-1.43,-1.89,1.45,18.15,16.47,-0.2369498,-0.1629752,0.03636761,-0.1005003,0.6921215,-10.0258,1
36900367,4639,1.69,-7.08,-4.2,-2.64,-0.09,18.23,16.83,-0.66147,-0.2047058,0.06943268,-0.04733656,0.7047926,-10.24005,1
37010959,4589,1.57,-9.15,-7.36,-2.97,-1.08,18.27,17.28,-0.3975074,-0.1215233,0.0303143,0.03811761,0.9134984,-9.76188,1
37132636,4726,1.71,-10.69,-9.83,-3.17,-1.44,18.31,17.58,-0.3333947,-0.04471439,0.04275741,-0.1077334,1.148525,-10.20712,1
37331440,4812,1.52,-11.01,-10.41,-3.28,-1.71,18.33,17.77,0.09273822,-0.005699492,-0.01455679,0.01638081,1.011471,-9.817828,1
37554521,4682,1.43,-10.99,-9.9,-3.39,-1.38,18.35,17.6,-0.01883646,0.02588308,-0.02578646,-0.1120935,0.8613399,-9.985372,1
37665953,4613,1.81,-11.13,-10.49,-3.37,-1.5,18.35,17.46,-0.06241227,0.0005287015,-0.04401343,-0.2614065,1.210866,-9.547453,1
37773863,4759,1.62,-11.33,-11.02,-3.43,-1.54,18.36,17.37,-0.0779305,-0.05240092,-0.04339289,-0.08126702,1.244668,-9.831086,1
37873095,4787,1.95,-11.34,-10.97,-3.3,-1.96,18.33,17.32,0.0724951499999999,-0.08008017,-0.04542271,-0.2087009,1.227957,-10.04532,1
37988168,4857,1.78,-11.34,-10.71,-3.16,-1.98,18.31,17.06,0.07343108,0.0975381699999999,-0.04362405,-0.272544,1.114163,-9.803493,1
38098479,4872,1.67,-11.4,-10.56,-3.04,-1.82,18.28,16.65,-0.05771009,0.02616476,-0.03066578,-0.4407128,1.098774,-10.16191,1
38209479,4879,1.86,-11.41,-10.55,-2.94,-1.56,18.26,16.25,-0.007558435,0.002522585,-0.04354422,-0.1705797,1.209572,-10.27445,1
38313376,4833,2.26,-11.13,-10.9,-2.87,-1.59,18.25,16.17,-0.04297217,-0.069428,-0.006524378,-0.04466001,1.29506,-9.700535,1
38526502,4957,1.7,-7.92,-8.37,-2.68,-2.14,18.21,16.41,0.4288056,0.01443509,0.04074519,-0.2931507,1.270827,-10.20887,1
38640175,4959,1.69,-5.8,-5.56,-2.47,-1.74,18.19,16.4,0.435774,0.1085905,0.001895483,-0.2219435,1.263494,-10.05708,1
38747127,4831,1.14,-4.19,-2.83,-2.3,-1.64,18.18,16.31,0.3456534,-0.07979496,0.001395517,0.02086454,0.8137975,-10.16671,1
38860076,4508,1.35,-3.38,-1.89,-1.71,-2.0,18.14,16.25,0.06609885,-0.05240727,-0.008246101,0.138164,1.275094,-9.612473,1
38970146,4461,1.64,-3.06,-1.97,-0.81,-1.76,18.09,16.12,-0.08561128,0.1440113,-0.01740559,0.2169077,1.009508,-9.130083,1
39072132,4516,1.48,-2.99,-2.22,0.11,-0.89,18.04,15.95,-0.09804364,0.09924983,0.0005896997,0.04936244,1.239322,-9.350988,1
39180646,4566,1.93,-2.34,-2.58,1.06,0.09,17.99,15.88,0.09452149,0.2148819,-0.03897603,0.09360474,1.718133,-8.776633,1
39293392,4752,1.54,-0.74,-1.38,1.66,0.91,17.97,15.81,0.2916783,0.1581513,0.01374978,0.08382238,1.441594,-9.783873,1
39402601,4691,1.26,1.06,1.16,2.03,1.53,17.97,15.77,0.4053437,0.1149197,0.0004347663,0.05743282,1.175082,-9.665955,1
39613965,4500,1.52,2.65,3.48,2.41,1.99,17.99,15.64,0.04518551,-0.09374057,0.005540299,0.3321472,1.098824,-9.897746,1
39727819,4519,1.17,2.61,3.75,2.67,1.35,18.0,15.84,-0.03943293,-0.0900695299999999,0.02628776,0.2490032,0.7715231,-10.33997,1
39839933,4396,1.45,2.43,3.48,3.04,0.92,18.02,16.18,-0.09921803,-0.04179975,0.05546527,0.4208339,0.9049218,-10.11547,1
39950717,4335,1.1,2.13,3.07,3.67,0.47,18.04,16.59,-0.06878889,-0.1403738,0.04290546,0.4569196,0.6401181,-9.523382,1
40047952,4266,1.59,1.9,2.61,4.24,0.77,18.06,16.83,-0.2796501,0.1594511,0.02265797,0.3973941,0.7337914,-9.403994,1
40158472,4102,2.22,1.69,1.51,4.72,1.46,18.08,17.09,-0.3072023,0.0920678,0.007635379,0.04935514,0.7260476,-10.03425,1
40274487,4255,1.02,1.2,0.6,5.19,2.55,18.09,17.56,-0.0985998399999999,0.1641143,0.05883188,0.5855336,0.544807,-9.535083,1
40383140,4205,1.73,-0.67,-0.47,5.5,3.05,18.09,18.14,-0.1631815,0.04307099,0.07613747,0.2940973,0.4134197,-9.3517,1
40490358,4015,2.14,-1.67,-3.14,5.76,3.45,18.09,18.69,-0.289999,0.05024718,0.1356411,0.4056059,1.242983,-9.545305,1
40596848,4471,1.62,-2.35,-3.85,5.92,3.87,18.08,19.21,-0.008153613,0.08142003,0.1014753,0.200983,0.6890232,-9.601792,1
40708682,4473,1.4,-2.27,-4.06,5.92,4.47,18.08,19.6,-0.09595308,0.08855207,0.0865363299999999,0.1391073,0.7582154,-10.05818,1
40818994,4334,1.04,-2.02,-3.37,5.9,4.45,18.08,19.89,0.1025466,-0.008488369,0.04082803,0.2515518,0.6526498,-9.837373,1
40916845,4275,2.2,-1.85,-2.78,5.63,4.33,18.09,20.11,0.2559967,-0.08468501,0.01734077,0.4339355,0.7151035,-9.899754,1
41137657,4367,2.22,-1.81,-2.23,5.15,3.71,18.11,19.71,0.2418709,-0.06763267,-0.09074921,0.4342841,0.7436144,-9.631809,1
41250007,4197,1.52,-1.41,-1.95,5.17,3.42,18.11,19.28,0.09959724,-0.08035725,-0.08571239,0.4775645,0.8183345,-9.702698,1
41357623,4324,1.31,-1.05,-1.32,5.01,3.54,18.11,18.81,0.03069809,0.07513586,-0.0640571,0.4459266,0.8250136,-9.831873,1
41466081,4288,1.39,-0.91,-0.65,4.88,3.42,18.11,18.28,0.04482291,-0.02499598,-0.09861235,0.3397735,0.5422661,-9.83017,1
41564012,4329,1.4,-0.92,-0.38,4.82,3.2,18.11,17.77,0.09287357,-0.04151462,-0.09068376,0.4229667,0.9434603,-10.08612,1
41679743,4362,1.82,-1.1,-0.43,4.68,3.21,18.11,17.21,-0.0643297699999999,-0.002601957,-0.07640381,0.5301341,0.9948719,-9.612092,1
41789185,4444,1.56,-1.45,-0.9,4.52,3.39,18.12,16.92,-0.2007702,0.03128667,-0.02132923,0.3853778,0.7019145,-9.836179,1
41902070,4490,2.07,-1.71,-2.06,4.09,3.81,18.13,16.71,-0.1644268,0.0320753,-0.02442861,0.2486672,1.024294,-9.298203,1
42006811,4715,1.71,-2.05,-2.55,3.33,4.2,18.16,16.68,0.04137719,0.008958353,0.02972432,0.3090852,1.168797,-9.511894,1
42217241,4785,1.64,-2.27,-2.61,1.54,3.63,18.23,17.39,-0.0892277499999999,-0.1291072,0.06746261,0.2714995,0.7318654,-9.734309,1
42341608,4817,1.4,-2.49,-2.28,0.54,2.73,18.27,18.07,0.04126127,-0.2038946,0.1152787,0.4162367,0.7096921,-10.18784,1
42436879,4735,1.38,-2.67,-2.17,-0.05,1.48,18.29,18.69,-0.07484407,-0.2278078,0.0985356,-0.01559479,0.7375182,-10.87049,1
42552154,4571,1.17,-2.83,-2.69,-0.6,0.34,18.32,19.37,0.0001815837,-0.1047454,0.09043985,0.04812379,0.836629,-9.777128,1
42666094,4440,1.34,-3.09,-3.12,-0.9,0.06,18.34,19.87,0.0470154,-0.02720734,0.07637171,-0.0103596,1.064191,-9.762873,1
42775975,4437,1.48,-3.27,-3.39,-1.04,-0.27,18.34,20.09,-0.0189692,-0.008904207,0.0232436,0.1099014,0.8958156,-9.577159,1
42877477,4515,1.78,-3.26,-3.7,-1.19,-0.27,18.35,20.11,-0.002554124,0.02140682,0.007739035,0.0079982679999999,0.9606285,-9.633503,1
42977925,4542,1.4,-3.28,-3.26,-1.36,-0.13,18.36,20.23,-0.0004742778,0.04540493,0.02441148,-0.03592747,0.5932411,-10.28977,1
43101847,4585,1.51,-3.06,-3.3,-1.6,0.27,18.38,20.34,0.01048145,0.07103332,0.009985832,-0.07700464,0.7856438,-9.907553,1
43202850,4580,1.29,-3.1,-2.99,-1.87,0.06,18.39,20.39,-0.01959847,-0.0822433199999999,0.01448085,-0.01310134,1.031301,-10.14702,1
43313160,4538,1.62,-3.18,-2.85,-2.19,-0.43,18.41,20.53,-0.0936283,-0.0922483999999999,0.04537301,0.1233219,0.8685961,-9.663365,1
43411174,4500,1.43,-3.23,-3.23,-2.36,-0.88,18.42,20.6,-0.04682026,-0.06484275,-0.01585451,-0.1028129,0.6977067,-9.926023,1
43638153,4589,2.18,-3.46,-4.29,-2.67,-1.11,20.78,20.45,-0.01181788,0.02253973,-0.004462695,-0.3778297,1.016606,-9.978013,1
43746409,5001,2.13,-3.81,-4.0,-2.82,-0.78,22.79,20.64,0.01024391,0.1053903,0.1070773,-0.3350378,0.7612945,-10.10166,1
43850675,5039,2.27,-3.73,-4.48,-3.0,-0.43,24.69,21.65,-0.1397273,-0.01785741,0.2315236,0.08049313,0.9208353,-9.718551,1
43967055,5256,2.29,-3.67,-4.64,-3.1,-0.44,26.89,23.86,0.02676832,-0.1238767,0.3908563,0.08858524,1.17809,-9.710209,1
44067978,5100,1.87,-3.59,-4.36,-2.98,-0.88,28.68,26.55,0.09274997,-0.1568178,0.5041721,0.123242,0.7136486,-10.06472,1
44185874,5068,1.36,-3.22,-3.4,-2.76,-1.19,29.88,30.2,0.2324416,-0.03221635,0.5374156,-0.1085026,0.7821322,-9.937408,1
44283035,4729,0.83,-2.67,-2.67,-2.83,-1.34,29.89,33.1,0.1337533,-0.1205234,0.4592016,0.1881515,0.6052544,-10.02795,1
44401377,4282,1.16,-2.13,-2.2,-2.62,-1.41,29.89,35.77,-0.1528909,-0.1245103,0.3754715,0.3188524,0.5193903,-9.928288,1
44505898,4013,1.72,-1.49,-1.99,-2.07,-1.99,29.87,37.71,0.1464985,-0.03826939,0.2125925,-0.1555412,0.6965991,-9.90693,1
44618365,3976,1.01,-0.59,-2.02,-1.46,-1.97,29.86,38.69,0.09982347,-0.001336415,0.09511749,0.1727281,0.8036494,-9.515713,1
44726077,3788,1.05,0.08,-1.56,-0.69,-1.63,29.85,38.79,0.0729125,-0.0286915,-0.03856286,0.230205,0.7278929,-9.775136,1
44833834,3871,1.13,0.66,-0.5,-0.07,-1.29,29.86,38.36,0.1072858,0.0730364399999999,-0.08595052,0.182368,0.6068805,-10.19086,1
44939860,3899,1.06,1.07,0.35,0.46,-1.11,29.87,37.66,0.1376427,0.1348952,-0.1222406,0.1201377,0.6715913,-9.80409,1
45049046,3891,1.66,1.25,0.73,0.91,-1.15,29.87,36.53,0.02088005,-0.08680184,-0.2199555,0.009167463,0.5253601,-9.556496,1
45160394,4027,2.12,1.6,0.65,1.35,-0.43,29.89,35.03,0.2073942,0.1574476,-0.245033,-0.07471596,0.5567946,-9.774787,1
45267993,4245,2.21,1.85,0.2,1.57,0.69,29.89,33.56,-0.0657031399999999,0.2129798,-0.2058707,0.06208022,0.6568247,-9.913633,1
45374422,4558,1.72,1.98,0.75,1.69,1.5,29.9,32.25,0.1864375,0.06154694,-0.1896535,0.1888599,0.5548851,-9.625568,1
45487704,4656,1.63,2.15,1.11,1.72,1.54,29.9,31.27,-0.04652334,0.04968577,-0.09409645,0.2249617,0.4657635,-10.10389,1
45602204,4647,1.64,2.26,1.14,1.66,1.32,29.89,30.66,-0.00609924,-0.06337407,-0.1035181,0.232875,0.2833315,-9.58635,1
45701977,4697,1.64,2.21,1.03,1.72,1.37,29.9,30.27,-0.02418069,-0.007738619,-0.07604526,0.1568433,0.4091122,-10.0878,1
45815388,4675,1.8,2.24,0.64,1.82,1.39,29.9,29.9,-0.08529489,0.04951997,-0.06682519,0.07528483,0.3838019,-9.842068,1
45914841,4883,1.61,2.19,0.59,1.89,1.42,29.9,29.57,0.04068224,0.01750797,-0.06369173,0.1316798,0.3987224,-9.480461,1
46023016,4773,1.82,2.16,0.87,2.05,1.55,29.91,29.27,0.0863223999999999,0.07487522,-0.03043622,0.02261391,0.5380926,-9.789606,1
46132120,4842,1.76,2.13,1.06,2.09,1.9,29.91,29.12,0.007214586,0.0901910499999999,-0.01215105,0.04939929,0.5088169,-9.912799,1
46241931,4852,1.67,2.04,1.09,2.09,2.17,29.91,29.02,-0.004982952,0.04771322,-0.002711024,0.1778704,0.4928279,-10.06447,1
46352379,4803,1.78,1.89,0.86,2.02,2.21,29.91,29.05,-0.07290568,0.0218042,0.01778901,0.1804325,0.3547613,-9.910337,1
46460585,4901,1.64,1.69,0.79,1.97,1.95,29.91,29.24,-0.05548097,-0.007832129,0.04946726,0.3539796,0.2628438,-9.618479,1
46568177,4923,1.67,1.71,0.76,2.07,1.63,29.91,29.51,0.02111243,-0.007598231,0.06059249,0.1880671,0.5320788,-9.912649,1
46680391,4828,1.75,1.65,0.7,2.27,1.33,29.92,29.81,-0.02007581,-0.003807498,0.04944382,0.1764007,0.364392,-9.927321,1
46789199,4839,1.63,1.58,0.59,2.51,1.49,29.92,30.05,-0.04060174,0.04442677,0.01893711,0.3064409,0.32675,-10.13851,1
46892961,4812,1.58,1.47,0.71,2.71,1.68,29.93,30.08,0.007585856,0.08268353,-0.01289691,0.2208721,0.576489,-9.939287,1
47111654,4727,1.68,0.38,0.3,1.72,1.42,29.91,29.54,-0.1530129,-0.2019103,-0.05796679,0.4592431,0.1679156,-9.783215,1
47229839,4700,1.84,-0.92,-1.0,0.45,0.17,29.92,29.17,-0.2088384,-0.2393975,-0.05979933,-0.02196179,0.1964401,-10.07022,1
47332179,4875,1.93,-1.66,-2.28,-0.46,-0.6,29.94,28.99,-0.1786699,-0.1739343,-0.03646034,0.1384981,0.501433,-9.979234,1
47437100,4915,2.0,-2.2,-3.12,-1.24,-1.32,29.97,28.87,-0.1132386,-0.08515146,-0.02389965,0.1812187,0.4776779,-9.793959,1
47549987,4948,1.97,-2.41,-3.54,-1.8,-1.56,29.99,28.94,-0.01937972,-0.03170086,0.01370455,0.1157988,0.5146241,-9.777969,1
47666524,5038,1.83,-2.4,-3.58,-2.18,-1.88,30.01,29.22,-0.01511798,-0.08749071,0.06060652,0.3024227,0.3511311,-9.754982,1
47765113,4995,1.84,-2.33,-3.2,-2.28,-2.18,30.01,29.57,0.1167199,-0.03184223,0.0665224799999999,0.1210254,0.6588755,-10.09811,1
47878605,4934,1.65,-2.26,-2.75,-2.29,-2.4,30.01,30.01,0.07037636,-0.02839801,0.07315589,0.2696932,0.289452,-9.972999,1
48095112,4817,1.69,-2.33,-2.35,-2.36,-2.05,30.01,30.75,-0.002467703,0.06235757,0.06887989,0.4114352,0.3178742,-9.796232,1
48308062,4879,1.68,-2.36,-2.68,-2.37,-1.64,30.01,31.64,-0.06028224,0.07536314,0.09315205,0.1139886,0.4191316,-10.34011,1
48426497,4623,1.57,-2.41,-2.42,-2.23,-1.72,30.01,32.2,0.05251022,0.05982698,0.0833937399999999,0.0829088999999999,0.4029714,-10.08959,1
48525042,4581,1.23,-2.73,-2.27,-1.9,-1.67,29.99,32.59,0.01393101,0.02099647,0.05263634,0.0613086,0.3173404,-9.956592,1
48637505,4515,1.43,-3.18,-2.98,-1.47,-1.41,29.97,32.92,-0.1861008,0.04291432,0.05913201,0.2004877,0.4557455,-9.930647,1
48745682,4542,1.28,-3.26,-3.44,-1.04,-1.15,29.95,33.02,-0.08562925,0.06230441,0.01478385,0.135567,0.5508067,-9.965862,1
48857467,4558,1.56,-3.23,-3.37,-0.52,-0.68,29.92,32.82,0.0047833,0.07228138,-0.03507057,0.07395448,0.4212911,-10.02927,1
48966980,4573,1.65,-3.31,-3.6,0.21,0.16,29.87,32.41,-0.05432301,0.1902729,-0.07859747,0.01233116,0.5009349,-9.691529,1
49068976,4616,1.96,-3.39,-3.95,1.04,1.68,29.82,31.85,-0.04741749,0.3463147,-0.0701787299999999,0.10863,0.4235732,-9.913169,1
49179012,4679,1.91,-3.0,-4.17,1.36,3.04,29.81,31.27,-0.002100789,0.1722484,-0.06868326,0.1657496,0.4814881,-9.929304,1
49291955,4854,1.67,-2.45,-3.71,1.19,3.51,29.81,30.81,0.1133673,0.04132478,-0.08337004,0.04180893,0.4431135,-9.659844,1
49400945,4815,1.7,-2.03,-3.09,0.67,2.99,29.83,30.56,0.109864,-0.06857502,-0.05817385,-0.05616406,0.4580151,-9.948421,1
49515642,4836,1.53,-1.8,-2.17,0.15,2.11,29.85,30.48,0.1911892,-0.1175498,0.009546287,-0.1324036,0.6474918,-9.914003,1
49628054,4766,1.49,-1.78,-1.49,-0.09,1.32,29.86,30.58,0.007485267,-0.1214065,0.05058127,0.0871490199999999,0.4286166,-10.06652,1
49735968,4684,1.61,-1.85,-1.29,-0.06,0.88,29.86,30.66,-0.04445456,0.01609557,-0.004296021,-0.03960306,0.351955,-9.739817,1
49843071,4648,1.65,-1.96,-1.59,-0.06,1.11,29.86,30.76,-0.05498894,0.05018104,0.01940207,0.0469288,0.4981191,-9.572014,1
49954679,4709,1.39,-2.06,-2.0,0.04,1.36,29.85,30.96,-0.09781109,0.01982412,0.05458159,-0.05173076,0.5226737,-9.797371,1
50060093,4636,1.25,-2.18,-1.88,0.05,1.39,29.85,31.12,0.1094457,-0.03209052,0.03781806,0.04298122,0.7095509,-9.516256,1
50164965,4511,1.22,-2.21,-1.89,0.0,0.99,29.86,31.14,-0.06749678,-0.04033542,-0.02362552,0.03047211,0.5321826,-9.202843,1
50283116,4340,1.49,-2.27,-2.27,0.25,0.54,29.85,30.98,-0.1934011,-0.0154766,-0.01563682,-0.2792534,0.4614162,-9.207288,1
50395681,4314,1.77,-2.29,-2.73,0.73,1.08,29.83,30.64,0.01296668,0.1054022,-0.05568703,-0.08709909,0.4926469,-8.682307,1
50498038,4436,1.56,-2.23,-2.9,1.07,1.59,29.7,30.31,0.03092938,0.08038192,-0.07107179,0.1050089,0.5661799,-8.820464,1
50712496,4554,1.22,-2.07,-1.95,1.08,1.35,26.72,28.76,0.08327956,-0.09769812,-0.1946963,-0.01613364,0.3762383,-9.801974,1
50826976,4256,2.06,-2.04,-1.5,0.97,1.11,25.32,26.95,0.2632992,-0.05697277,-0.3229164,-0.1120294,0.3961766,-9.362127,1
50938041,4254,2.45,-1.97,-1.71,1.04,1.11,25.18,25.17,0.0306966,-0.0008414592,-0.2651011,0.05722704,0.4696239,-9.611341,1
51041949,4625,2.12,-1.88,-1.97,1.07,1.09,25.18,23.61,-0.1250967,0.007624596,-0.2208265,-0.3973898,0.4049975,-9.692248,1
51163689,4940,2.06,-1.71,-2.31,0.97,1.01,25.19,22.23,-0.04757027,0.00498148,-0.1636699,-0.1645766,0.3545471,-9.795201,1
51265180,5093,2.01,-1.52,-2.43,1.13,0.79,25.18,21.48,0.003919108,-0.0348547,-0.0913336399999999,-0.1613979,0.4708169,-9.516085,1
51376654,5197,2.03,-1.3,-2.24,1.44,1.27,25.17,21.15,0.04116045,0.09882729,-0.0126024,-0.03060614,0.3684487,-9.808693,1
51480121,5166,1.94,-1.12,-2.21,1.76,1.66,25.17,21.35,0.01133613,0.002910004,0.08713769,0.09174074,0.3717782,-9.737736,1
51587647,5103,1.75,-1.11,-2.12,2.17,2.04,25.16,22.05,-0.0001843667,0.0971473,0.1580688,-0.04368227,0.3479465,-9.949631,1
51691982,5133,1.57,-1.08,-1.94,2.63,2.27,25.15,23.11,0.07639288,0.08458433,0.1704458,-0.02685007,0.5058855,-9.867431,1
51804167,4995,1.31,-1.05,-1.25,3.3,2.46,25.14,24.07,0.1056595,0.07537808,0.1572728,0.1062158,0.3330431,-9.953647,1
51911684,4773,1.25,-1.16,-0.32,4.25,2.93,25.12,24.94,0.07830843,0.09539894,0.1184483,0.0654575399999999,0.4087892,-10.05256,1
52015070,4527,1.27,-1.39,0.07,5.07,3.42,25.1,25.58,0.0520682,0.111034,0.1165878,0.07640231,0.4800291,-9.85116,1
52120639,4484,1.3,-1.88,-0.18,5.83,4.23,25.08,26.26,-0.1006073,0.09851852,0.1452221,0.002749004,0.3682229,-9.955409,1
52238890,4437,1.18,-2.56,-0.67,6.32,5.31,25.06,27.0,-0.01273693,0.064135,0.09628807,0.2947892,0.3766643,-9.797855,1
52351635,4361,1.27,-3.07,-1.25,6.45,5.57,25.06,27.57,-0.1349563,-0.003927924,0.06628289,0.2785255,0.3687525,-9.696208,1
52449109,4286,1.52,-3.29,-1.89,6.5,5.28,25.05,28.01,-0.1131561,-0.07489596,0.07498679,0.1681102,0.4886516,-9.689428,1
52561977,4330,1.43,-3.35,-2.42,6.63,4.89,25.04,28.35,0.01546629,-0.1084747,0.02858573,0.1829493,0.3809903,-10.00058,1
52677189,4394,1.19,-3.37,-2.51,6.76,4.8,25.04,28.47,0.04256733,-0.01935087,-0.01688444,0.3587947,0.3348685,-9.956537,1
52782510,4340,1.51,-3.41,-2.61,6.94,4.76,25.03,28.34,-0.04500739,0.002895474,-0.05294328,0.3153019,0.5446638,-9.899344,1
52888065,4317,1.61,-3.43,-2.62,7.05,4.87,25.02,27.99,0.07788245,0.03414762,-0.0747550399999999,0.3539292,0.4082048,-10.12619,1
52997029,4386,1.32,-3.38,-2.59,7.14,4.85,25.01,27.55,-0.03367468,0.03374981,-0.05499541,0.3541215,0.3955174,-9.8588,1
53107996,4415,1.44,-3.25,-2.36,7.11,4.93,25.02,27.16,0.0713886299999999,-0.005550748,-0.056018,0.4656667,0.4245647,-9.841627,1
53221749,4451,1.27,-3.18,-2.06,7.05,5.16,25.02,26.92,0.05772877,0.06374259,-0.01691384,0.6020629,0.4832433,-9.919006,1
53331014,4365,1.33,-3.37,-1.9,6.67,4.98,25.04,26.75,-0.1011916,-0.0148817,-0.02162279,0.4579855,0.6101649,-9.7269,1
53438483,4327,1.58,-3.57,-2.28,5.98,3.77,25.08,26.55,-0.1220012,-0.2203268,-0.06764491,0.4494609,0.4683273,-9.930628,1
53545419,4512,1.28,-3.71,-2.51,5.65,2.95,25.1,26.27,0.05349506,-0.04038541,-0.04149341,0.3354227,0.6992895,-10.01496,1
53652622,4478,1.28,-3.82,-2.39,5.57,2.75,25.11,25.93,0.03845038,0.03516985,-0.05024044,0.4668829,0.386066,-10.05932,1
53759127,4412,1.26,-3.93,-2.02,5.54,3.03,25.11,25.53,0.149749,0.06825167,-0.08219576,0.4289046,0.6307728,-9.779679,1
53873011,4374,1.64,-4.32,-2.03,5.58,3.28,25.11,25.15,-0.1020702,0.07117278,-0.04258199,0.6129858,0.3832394,-9.659912,1
53982174,4413,1.41,-4.86,-2.44,5.49,3.35,25.12,24.89,-0.0665374,0.004711415,-0.0157261,0.477876,0.5839904,-10.04828,1
54193622,4272,1.59,-5.03,-3.86,4.95,3.5,25.17,24.57,-0.1833404,0.06313512,-0.01428825,0.6989149,0.6238613,-9.672217,1
54309274,4559,1.42,-4.88,-4.46,3.85,2.78,25.26,24.59,0.005330345,-0.1626001,0.008639309,0.4433445,0.8712005,-10.00874,1
54417808,4575,1.41,-5.14,-4.21,3.18,2.05,25.32,24.78,0.01596589,-0.04372023,0.02858709,0.5360948,0.5607044,-9.44264,1
54526408,4483,1.68,-5.2,-4.68,2.62,1.98,25.37,25.05,-0.09382379,0.02784743,0.03998597,0.4836258,0.5305047,-9.979985,1
54637070,4617,1.56,-5.06,-4.8,2.23,1.78,25.4,25.42,0.0400845,-0.00790424,0.06112608,0.02335245,0.9247954,-10.22264,1
54753078,4652,1.25,-4.59,-4.02,1.82,1.6,25.44,25.71,0.128968,0.0008579098,0.03342523,0.3165884,0.8025247,-10.01643,1
54855897,4455,1.48,-4.07,-3.38,1.51,1.32,25.46,25.9,0.02815792,0.009392296,0.04480506,0.4484504,0.4494483,-10.07736,1
54965690,4406,1.28,-3.5,-2.79,0.91,1.15,25.5,26.09,0.0639724599999999,-0.03064112,0.04545848,0.5611626,0.6784284,-10.19726,1
55064046,4298,1.51,-3.34,-2.13,0.41,0.73,25.53,26.12,0.06926662,-0.1366519,-0.02745709,0.5391052,0.7815688,-9.928687,1
55293989,4267,2.11,-3.66,-2.68,-0.64,-1.18,25.6,25.48,-0.07369854,-0.08254062,-0.0759392599999999,0.4389563,0.8861821,-9.702058,1
55395285,4386,1.58,-3.79,-3.03,-0.83,-1.67,25.61,25.22,-0.01171381,-0.04909099,-0.05132768,0.4148668,0.6424136,-10.03283,1
55505902,4442,1.26,-3.85,-2.75,-0.57,-1.53,25.59,24.8,0.138882,0.08154905,-0.08345495,0.3258562,0.7253213,-9.96719,1
55626165,4438,1.47,-3.74,-2.72,0.46,-0.03,25.52,24.33,-0.104615,0.2862177,-0.0210165,0.4609511,0.5646695,-9.843234,1
55724403,4417,1.45,-3.66,-3.01,1.32,1.5,25.47,24.15,-0.02099665,0.2729986,-0.004964049,0.4060503,0.9276465,-9.361775,1
55839877,4467,1.47,-3.7,-3.13,1.81,2.46,25.43,24.21,0.03615495,0.0462971,0.03024407,0.4632688,0.7595159,-9.767826,1
55949830,4434,1.43,-3.64,-3.26,1.87,2.59,25.43,24.38,-0.0650284,-0.04303216,0.01728023,0.3938167,0.6107709,-9.909561,1
56059398,4378,1.46,-3.51,-3.53,1.66,2.38,25.44,24.54,-0.04113319,-0.008546549,0.01700094,0.2785954,0.7597235,-9.783937,1
56164368,4464,1.5,-3.4,-3.96,1.27,2.11,25.47,24.59,-0.0772100399999999,-0.02488613,-0.003694172,0.3917561,0.772175,-9.678043,1
56274613,4544,1.33,-3.29,-3.63,0.95,1.82,25.49,24.41,0.1226797,-0.03161982,-0.02947437,0.3075579,0.8941487,-9.748469,1
56386868,4559,1.34,-3.1,-3.13,0.74,1.51,25.5,24.05,0.04004739,-0.03521815,-0.05776142,0.2344343,0.6459972,-9.441566,1
56487091,4471,1.42,-3.07,-2.68,0.59,1.25,25.51,23.79,-0.0421358,-0.05930079,-0.02689395,0.3398016,0.6484858,-9.581928,1
56702651,4474,1.53,-3.16,-3.3,0.56,0.79,25.51,23.54,-0.1323224,-0.02398143,-0.0246737,0.4520071,0.8487873,-9.679893,1
56928448,4552,1.21,-2.85,-2.63,1.78,1.47,25.44,23.4,0.06840843,0.02756731,0.0081683569999999,0.1625636,0.733007,-9.723866,1
57136919,4370,1.56,-3.11,-2.46,1.83,1.98,25.44,23.12,-0.020282,-0.02876574,-0.04941089,0.2258905,0.6147847,-9.592189,1
57344510,4558,1.65,-3.48,-3.28,1.73,2.14,25.45,23.23,-0.1032538,0.0249683,0.05482823,0.2430384,0.7899584,-9.863742,1
57455205,4611,1.54,-3.47,-3.13,1.83,2.35,25.44,23.51,-0.06893915,0.03518235,0.05337714,0.414187,0.5305814,-9.932996,1
57561381,4557,1.66,-3.24,-3.08,1.88,2.13,25.44,23.78,0.01006577,0.01706393,0.05595808,0.2212389,0.8511944,-9.78145,1
57675987,4555,1.39,-3.15,-3.17,1.79,2.01,25.44,24.04,0.01463508,-0.0636786399999999,0.03187159,0.2522265,0.8164493,-9.959556,1
57782824,4542,1.5,-3.12,-3.46,1.58,1.62,25.46,24.26,-0.04602692,-0.05637997,0.01963307,0.3370439,0.8538381,-9.527435,1
57892035,4603,1.36,-3.11,-3.58,1.42,1.34,25.46,24.44,-0.007387831,-0.01290477,0.006536808,0.289785,0.8530625,-9.689905,1
58000140,4636,1.48,-3.15,-3.24,1.4,1.34,25.46,24.36,0.0969236,-0.05316449,-0.04591811,0.4032656,0.9137422,-9.908298,1
58106789,4563,1.56,-3.08,-3.34,1.73,1.23,25.45,24.07,-0.1002416,0.04194865,-0.05362247,0.2380569,0.8175044,-10.24339,1
58213605,4640,1.51,-3.06,-3.05,2.15,1.31,25.42,23.73,0.01617393,0.03512477,-0.05466849,0.1887766,0.7844306,-9.759181,1
58320587,4562,1.75,-2.92,-3.34,2.49,1.75,25.41,23.4,-0.0695905899999999,0.08164203,-0.04667893,0.1939042,0.7565044,-10.11076,1
58535490,4672,1.59,-2.6,-3.23,2.52,3.27,25.4,22.8,0.1439447,0.09966817,-0.03641403,0.3632625,0.870243,-9.869883,1
58643514,4839,1.52,-2.54,-2.58,2.32,3.26,25.41,22.7,0.0589276,0.01068774,0.003199928,0.349026,0.6868668,-9.716675,1
58761517,4782,1.79,-2.26,-2.11,2.06,2.95,25.42,22.81,0.05733447,-0.03048449,0.04246016,0.3081897,0.6962625,-9.970537,1
58968930,4902,1.94,-1.64,-1.89,1.7,2.56,25.44,23.51,0.1111503,-0.08531308,0.0450163,0.4781955,0.6869823,-10.79729,1
59081484,5062,1.7,-1.55,-1.28,1.51,2.32,25.44,23.71,0.0825185799999999,-0.03940033,0.02175197,0.4217291,0.4777616,-10.77733,1
59190504,4960,1.73,-1.69,-1.3,1.33,2.05,25.42,23.9,-0.05702708,-0.03318276,0.03773358,0.3049862,0.4793612,-10.42148,1
59300979,4858,1.66,-1.77,-1.95,1.13,2.04,25.43,24.24,-0.01526273,-0.03167954,0.04557588,0.3432348,0.628018,-10.31962,1
59411844,4876,1.65,-1.68,-2.49,1.05,1.83,25.43,24.71,-0.04238915,-0.03081132,0.0659631299999999,0.2179984,0.6435,-10.39856,1
59518018,4913,1.64,-1.37,-2.94,1.03,1.54,25.43,25.03,-0.0927006799999999,-0.02897516,0.03505036,0.3547083,0.5314619,-10.1883,1
59621941,4769,1.32,-1.02,-2.96,1.15,1.22,25.43,25.07,0.04707358,-0.04219855,-0.01126465,0.3111799,0.6911417,-9.80758,1
59734285,4653,1.28,-0.66,-2.63,1.31,1.07,25.42,24.86,0.08946542,-0.05554891,-0.04843979,0.3055149,0.8319624,-9.392227,1
59837081,4609,1.63,-0.51,-2.06,1.53,1.18,25.42,24.59,0.1420582,-0.04527721,-0.06099592,0.2624445,0.5632847,-9.166552,1
59949594,4434,1.46,-0.32,-1.99,1.68,1.6,25.42,24.05,-0.003979765,0.05700391,-0.09758033,0.1421182,0.4505318,-9.375552,1
60058156,4516,1.63,-0.16,-1.75,1.81,1.61,25.42,23.19,-0.006907392,-0.03392973,-0.1612074,0.3985226,0.4144906,-9.237223,1
60178188,4698,1.84,0.09,-1.78,1.92,1.72,25.42,22.17,-0.0416806,0.09447885,-0.1428488,0.2241098,0.491689,-9.580841,1
60277376,4842,1.68,0.28,-1.75,1.96,2.04,25.42,21.43,0.02668273,0.1105905,-0.1070723,0.006885475,0.6225125,-9.539656,1
60386142,4862,2.0,0.53,-1.62,1.92,2.66,25.42,20.83,-0.01995025,0.02525768,-0.07527111,0.1254327,0.2858695,-9.581014,1
60496944,4988,1.95,0.89,-1.54,1.7,3.06,25.42,20.71,-0.03969637,0.09540794,0.02324964,0.1548328,0.1260337,-9.532406,1
60606902,5019,2.08,1.33,-1.93,1.06,3.68,25.4,21.16,-0.04090838,0.05150022,0.09733875,0.4763002,0.4605402,-9.453425,1
60713572,5065,1.87,1.77,-1.94,0.63,3.13,25.39,21.93,0.04632335,-0.1526114,0.1374372,0.1114141,0.2560902,-10.00431,1
