LineNo,TimeUS,ThI,ABst,ThO,ThH,DAlt,Alt,BAlt,DSAlt,SAlt,TAlt,DCRt,CRt
1296,13304084,0,0,0,0.2502465,-0.5452542,-0.5452542,-0.21,NaN,0,-87.96252,31,31
1838,13413451,0,0,0,0.2502465,-0.4729441,-0.4729441,-0.68,NaN,0,-88.43159,33,33
2249,13516896,0,0,0,0.2502465,-0.4146406,-0.4146406,-0.38,NaN,0,-88.13235,34,34
2633,13620101,0,0,0,0.2502465,-0.3668481,-0.3668481,-0.27,NaN,0,-88.01931999999999,35,35
3041,13723852,0,0,0,0.2502465,-0.3173012,-0.3173012,-0.41,NaN,0,-88.16652999999999,35,35
3452,13826233,0,0,0,0.2502465,-0.273981,-0.273981,-0.4,NaN,0,-88.15524000000001,36,36
3835,13927249,0,0,0,0.2502465,-0.2370805,-0.2370805,-0.3,NaN,0,-88.05336,36,36
4241,14030761,0,0,0,0.2502465,-0.2015115,-0.2015115,-0.32,NaN,0,-88.07597,36,36
4654,14131910,0,0,0,0.2502465,-0.1692358,-0.1692358,-0.41,NaN,0,-88.16669,36,36
5060,14233873,0,0,0,0.2502465,-0.1419525,-0.1419525,-0.39,NaN,0,-88.14408,36,36
5473,14338079,0,0,0,0.2502465,-0.1213044,-0.1213044,-0.45,NaN,0,-88.20104000000001,35,35
5855,14441226,0,0,0,0.2502465,-0.1052938,-0.1052938,-0.38,NaN,0,-88.13321999999999,34,34
6266,14542633,0,0,0,0.2502465,-0.09309145000000001,-0.09309145000000001,-0.45,NaN,0,-88.20153000000001,33,33
6673,14644429,0,0,0,0.2502465,-0.08511979,-0.08511979,-0.27,NaN,0,-88.02068,32,32
7084,14746354,0,0,0,0.2502465,-0.07738773,-0.07738773,-0.35,NaN,0,-88.10559000000001,31,31
7493,14850479,0,0,0,0.2502465,-0.07213003,-0.07213003,-0.29,NaN,0,-88.04908,29,29
7878,14952964,0,0,0,0.2502465,-0.06801876,-0.06801876,-0.6899999999999999,NaN,0,-88.44490999999999,28,28
8288,15055986,0,0,0,0.2502465,-0.07107368999999999,-0.07107368999999999,-0.31,NaN,0,-88.06626,29,29
8698,15157732,0,0,0,0.2502465,-0.0713023,-0.0713023,-0.42,NaN,0,-88.17901999999999,35,35
9107,15260323,-5.960464e-08,-7.492673000000001e-11,0,0.2502465,-0.06230217,-0.06230217,-0.48,NaN,0,-88.22995,46,46
9517,15363313,-0.01341265,-6.000604e-05,0,0.2502465,-0.0390229,-0.0390229,-0.57,NaN,0,-88.32603,76,76
9926,15464113,-0.05148372,-0.0004856549,0,0.2502465,0.02140338,0.02140338,-0.06,NaN,0,-87.81316,118,118
10335,15566986,-0.03601959,-0.0008736439,0,0.2502465,0.1267709,0.1267709,-0.1,NaN,0,-87.85271,141,141
10740,15670056,-0.01937369,-0.0009259079,0,0.2502465,0.252344,0.252344,-0.18,NaN,0,-87.93236,147,147
10993,15773320,-0.01042056,-0.0009922897,0,0.2502465,0.3800093,0.3800093,-0.32,NaN,0,-88.07929,148,148
11409,15876343,-0.005605042,-0.001082316,0,0.2502465,0.4981923,0.4981923,0.05,NaN,0,-87.69374000000001,149,149
11819,15979739,-0.003015131,-0.001166226,0,0.2502465,0.6097365,0.6097365,0.37,NaN,0,-87.3716,142,142
12205,16081229,0.002872318,0.002007533,0,0.2502465,0.7173959,0.7173959,0.25,NaN,0,-87.49802,121,121
12621,16184939,0.0405781,0.05136762,0,0.2502465,0.7922434,0.7922434,0.37,NaN,0,-87.37934,81,81
13032,16288335,0.04703924,0.09899761,0,0.2502465,0.8238847,0.8238847,0.6,NaN,0,-87.14764,46,46
13442,16390988,0.03281896,0.08940703,0,0.2502465,0.8309643,0.8309643,0.43,NaN,0,-87.31153,18,18
13853,16493221,0.02774914,0.09243166,0,0.2502465,0.8046824,0.8046824,0.48,NaN,0,-87.2608,-8,-8
14266,16595756,0.01492466,0.05775754,0,0.2502465,0.7624213,0.7624213,0.45,NaN,0,-87.29188000000001,-13,-13
14677,16696893,0.008026958000000001,0.03515336,0,0.2502465,0.7285642,0.7285642,0.65,NaN,0,-87.09711,-7,-7
15056,16799251,0.004384473,0.01677695,0,0.2502465,0.7080318,0.7080318,0.61,NaN,0,-87.13101,9,9
15470,16902717,0.002357841,0.007852120000000001,0,0.2502465,0.7033475,0.7033475,0.61,NaN,0,-87.14063,9,9
15882,17005348,0.001267835,0.004896921,0,0.2502465,0.6978695,0.6978695,0.52,NaN,0,-87.22257,3,3
16289,17108027,0.000692144,0.003140883,0,0.2502465,0.6939331,0.6939331,0.83,NaN,0,-86.91373,10,10
16699,17210089,0.0003719032,0.00199853,0,0.2502465,0.707109,0.707109,0.9,NaN,0,-86.84309,24,24
17110,17312137,0.0002028346,0.001561648,0,0.2502465,0.7383,0.7383,1.06,NaN,0,-86.68774000000001,28,28
17515,17413972,0.0001087785,0.0005381998,0,0.2502465,0.7770547,0.7770547,0.92,NaN,0,-86.82903,21,21
17895,17516760,5.90682e-05,0.0001932594,0,0.2502465,0.8082775,0.8082775,0.76,NaN,0,-86.99432,6,6
18309,17619689,3.144145e-05,0.0001333479,0,0.2502465,0.81581,0.81581,0.98,NaN,0,-86.77956,-10,-10
18720,17722550,1.654029e-05,5.56949e-05,0,0.2502465,0.8134429,0.8134429,0.5,NaN,0,-87.25623,-10,-10
19128,17825006,8.523464e-06,1.570891e-06,0,0.2502465,0.814209,0.814209,0.75,NaN,0,-87.00757,7,7
19514,17928460,4.321337e-06,3.263003e-07,0,0.2502465,0.8282971,0.8282971,0.63,NaN,0,-87.13939999999999,16,16
19927,18030759,2.086163e-06,1.349472e-05,0,0.2502465,0.8365782,0.8365782,0.61,NaN,0,-87.1507,5,5
20337,18133757,7.450581e-07,4.7853e-06,0,0.2502465,0.8245714,0.8245714,0.54,NaN,0,-87.22984,-14,-14
20722,18235928,4.768372e-07,2.527772e-06,0,0.2502465,0.7916062,0.7916062,0.87,NaN,0,-86.90205,-25,-25
21136,18340478,4.768372e-07,2.159145e-06,0,0.2502465,0.7591103,0.7591103,0.62,NaN,0,-87.15733,-21,-21
21544,18442381,4.768372e-07,1.828452e-06,0,0.2502465,0.7349625,0.7349625,0.66,NaN,0,-87.12059000000001,-12,-12
21960,18545713,4.768372e-07,1.642573e-06,0,0.2502465,0.7243270000000001,0.7243270000000001,0.63,NaN,0,-87.15577999999999,0,0
22366,18648767,4.768372e-07,1.451737e-06,0,0.2502465,0.7131019,0.7131019,1.11,NaN,0,-86.67823,-12,-12
22750,18752629,4.768372e-07,1.412912e-06,0,0.2502465,0.6975501,0.6975501,0.83,NaN,0,-86.96569,-24,-24
23161,18855946,-0.0003002882,-0.001069386,0,0.2502465,0.6851575,0.6851575,0.6,NaN,0,-87.22016000000001,-12,-12
23569,18958349,-0.01221696,-0.04979457,0,0.2502465,0.6922606,0.6922606,0.38,NaN,0,-87.44056999999999,17,17
23979,19061097,-0.007041931,-0.02631455,0,0.2502465,0.7125552000000001,0.7125552000000001,0.35,NaN,0,-87.51035,20,20
24386,19162057,-0.003787905,-0.01420921,0,0.2502465,0.7122955,0.7122955,0.58,NaN,0,-87.27298999999999,2,2
24802,19266444,-0.002037644,-0.009031858,0,0.2502465,0.6891682,0.6891682,0.51,NaN,0,-87.38036,-10,-10
25208,19369326,-0.001096308,-0.00515792,0,0.2502465,0.6635948,0.6635948,0.37,NaN,0,-87.52448,-6,-6
25622,19472528,-0.000590086,-0.00291716,0,0.2502465,0.6406438,0.6406438,0.68,NaN,0,-87.2355,0,0
26000,19574746,-0.0003176928,-0.001447492,0,0.2502465,0.6258901,0.6258901,0.35,NaN,0,-87.56894,2,2
26416,19678857,-0.0001712441,-0.0006592077,0,0.2502465,0.6068394,0.6068394,0.85,NaN,0,-87.10167,-9,-9
26828,19782732,-9.241700000000001e-05,-0.0003024345,0,0.2502465,0.5813916,0.5813916,0.6,NaN,0,-87.35316,-25,-25
27239,19886432,-5.00679e-05,-0.0001535596,0,0.2502465,0.5421716,0.5421716,0.51,NaN,0,-87.46661,-38,-38
27652,19990754,-2.738833e-05,-8.806914e-05,0,0.2502465,0.5055361,0.5055361,0.29,NaN,0,-87.68419,-22,-22
28067,20094733,-0.00104171,-0.003241417,0,0.2502465,0.4853376,0.4853376,0.51,NaN,0,-87.49329,-4,-4
28479,20198759,-0.0005607605000000001,-0.001352239,0,0.2502465,0.4732152,0.4732152,0.12,NaN,0,-87.88324,-9,-9
28894,20301701,-0.0003019273,-0.0005986196,0,0.2502465,0.4436814,0.4436814,0.13,NaN,0,-87.90797000000001,-22,-22
29305,20404276,-0.0001627505,-0.0002968678,0,0.2502465,0.3943014,0.3943014,0.3,NaN,0,-87.73842999999999,-27,-27
29716,20507562,-8.788705e-05,-0.0001579878,0,0.2502465,0.3512706,0.3512706,0.48,NaN,0,-87.58633,-20,-20
30097,20610518,-4.836917e-05,-9.766111999999999e-05,0,0.2502465,0.3227265,0.3227265,0.06,NaN,0,-88.00171,-12,-12
30507,20712772,-2.631545e-05,-5.45872e-05,0,0.2502465,0.3044109,0.3044109,-0.03,NaN,0,-88.12736,-7,-7
30916,20816132,-1.451373e-05,-3.059259e-05,0,0.2502465,0.2697669,0.2697669,0.5,NaN,0,-87.59048,-25,-25
31328,20918444,-8.165836000000001e-06,-2.09594e-05,0,0.2502465,0.2263044,0.2263044,0.5600000000000001,NaN,0,-87.55521,-43,-43
31712,21021270,-4.827976e-06,-1.610788e-05,0,0.2502465,0.1895573,0.1895573,0.4,NaN,0,-87.71346,-40,-40
32127,21125253,-3.010035e-06,-1.178767e-05,0,0.2502465,0.1693352,0.1693352,0.25,NaN,0,-87.88634,-23,-23
32539,21227292,-2.354383e-06,-8.055791e-06,0,0.2502465,0.1691303,0.1691303,0.61,NaN,0,-87.52464999999999,-15,-15
32955,21330482,-2.294779e-06,-5.966321e-06,0,0.2502465,0.1754357,0.1754357,0.42,NaN,0,-87.74024,-24,-24
33367,21433261,-1.698732e-06,-3.745612e-06,0,0.2502465,0.1703897,0.1703897,0.36,NaN,0,-87.79676000000001,-40,-40
33753,21537802,-1.698732e-06,-3.623928e-06,0,0.2502465,0.1572908,0.1572908,0.45,NaN,0,-87.73989,-40,-40
34163,21641913,-1.698732e-06,-3.929988e-06,0,0.2502465,0.1516681,0.1516681,0.37,NaN,0,-87.81618,-25,-25
34577,21744095,-1.460314e-06,-3.396554e-06,0,0.2502465,0.1632321,0.1632321,0.35,NaN,0,-87.87439999999999,-8,-8
34958,21845919,-1.460314e-06,-2.972619e-06,0,0.2502465,0.1842228,0.1842228,0.49,NaN,0,-87.73029,-16,-16
35373,21947955,-1.460314e-06,-2.981573e-06,0,0.2502465,0.189348,0.189348,0.43,NaN,0,-87.81865000000001,-33,-33
35756,22051224,-1.460314e-06,-3.219778e-06,0,0.2502465,0.183813,0.183813,0.29,NaN,0,-87.95993,-39,-39
36169,22154329,-1.460314e-06,-3.254851e-06,0,0.2502465,0.1769516,0.1769516,0.43,NaN,0,-87.84725,-25,-25
36587,22258500,-1.460314e-06,-3.166873e-06,0,0.2502465,0.1864776,0.1864776,0.18,NaN,0,-88.10156000000001,-9,-9
36998,22361090,-1.460314e-06,-2.715781e-06,0,0.2502465,0.2037508,0.2037508,0.34,NaN,0,0.01375084,-7,-7
37410,22463778,-1.460314e-06,-2.230234e-06,0,0.2502465,0.2127336,0.2127336,0.7,NaN,0,0.02273362,-19,-19
37815,22565971,-1.460314e-06,-1.944828e-06,0,0.2502465,0.2179944,0.2179944,0.4,NaN,0,-0.001378758,-28,-28
38199,22667032,-1.460314e-06,-1.741693e-06,0,0.2502465,0.2288114,0.2288114,0.07000000000000001,NaN,0,-0.02349025,-20,-20
38611,22769972,-1.460314e-06,-1.641679e-06,0,0.2502465,0.2379204,0.2379204,0.55,NaN,0,-0.01438127,-5,-5
39020,22872447,-1.460314e-06,-1.608275e-06,0,0.2502465,0.2611815,0.2611815,0.44,NaN,0,-0.02091295,1,1
39431,22977509,-1.460314e-06,-1.485721e-06,0,0.2502465,0.2928626,0.2928626,0.68,NaN,0,0.01076815,-1,-1
39840,23080330,-1.460314e-06,-1.364769e-06,0,0.2502465,0.3154596,0.3154596,0.74,NaN,0,0.009653002000000001,-14,-14
40250,23184011,-1.460314e-06,-1.327838e-06,0,0.2502465,0.3386591,0.3386591,0.98,NaN,0,0.03285256,-20,-20
40636,23285457,-1.460314e-06,-1.235055e-06,0,0.2502465,0.3576127,0.3576127,0.61,NaN,0,0.03037518,-24,-24
41050,23389324,-1.460314e-06,-1.100039e-06,0,0.2502465,0.3839843,0.3839843,0.8100000000000001,NaN,0,0.05674678,-21,-21
41465,23492463,-1.460314e-06,-8.983102e-07,0,0.2502465,0.4106478,0.4106478,0.62,NaN,0,0.06223106,-16,-16
41875,23596550,-1.460314e-06,-7.161764e-07,0,0.2502465,0.4344195,0.4344195,1.05,NaN,0,0.0860028,-16,-16
42284,23700315,-1.460314e-06,-5.190523e-07,0,0.2502465,0.4598469,0.4598469,0.6,NaN,0,0.08433056,-22,-22
42698,23804684,-1.460314e-06,-3.971293e-07,0,0.2502465,0.4789336,0.4789336,0.37,NaN,0,0.1034173,-29,-29
43109,23907482,-1.460314e-06,-3.453363e-07,0,0.2502465,0.4760469,0.4760469,0.31,NaN,0,0.07196608,-30,-30
43518,24012093,-1.460314e-06,-2.881693e-07,0,0.2502465,0.4627834,0.4627834,0.53,NaN,0,0.05870259,-29,-29
43928,24114938,-1.460314e-06,-1.864967e-07,0,0.2502465,0.4463186,0.4463186,0.68,NaN,0,0.01865533,-29,-29
44338,24218475,-1.460314e-06,-1.022271e-07,0,0.2502465,0.428437,0.428437,0.22,NaN,0,0.0007737279,-34,-34
44750,24321748,-1.460314e-06,-5.570223e-08,0,0.2502465,0.4025887,0.4025887,0.17,NaN,0,-0.04874095,-34,-34
45160,24424574,-1.460314e-06,-3.204502e-08,0,0.2502465,0.3719926,0.3719926,0.15,NaN,0,-0.07933709,-27,-27
45571,24525867,-1.460314e-06,-1.883211e-08,0,0.2502465,0.3443928,0.3443928,0.27,NaN,0,-0.1227296,-19,-19
45977,24628472,-1.460314e-06,-7.430344e-09,0,0.2502465,0.3200582,0.3200582,-0.02,NaN,0,-0.1470643,-20,-20
46365,24730588,-1.460314e-06,-1.611852e-09,0,0.2502465,0.2891368,0.2891368,0.12,NaN,0,-0.1891475,-19,-19
46776,24833745,-0.00919494,-9.501353e-06,0,0.2502465,0.268286,0.268286,0.02,NaN,0,-0.2099983,2,2
47186,24936571,-0.005023211,-1.041451e-05,0,0.2502465,0.2532367,0.2532367,0.19,NaN,0,-0.2304645,-8,-8
47593,25038356,-0.002744287,-2.512708e-06,0,0.2502465,0.2360161,0.2360161,-0.09,NaN,0,-0.2476851,0,0
48004,25142072,-0.001476377,-1.254724e-06,0,0.2502465,0.2170961,0.2170961,0.16,NaN,0,-0.2704884,-5,-5
48387,25245433,-0.0007943511,-4.313188e-07,0,0.2502465,0.2003212,0.2003212,-0.18,NaN,0,-0.2872634,-8,-8
48801,25348222,-0.0004342496,-2.650486e-07,0,0.2502465,0.1784922,0.1784922,-0.08,NaN,0,-0.3156155,-5,-5
49209,25451302,-0.0002375841,-9.649375e-08,0,0.2502465,0.1515981,0.1515981,-0.02,NaN,0,-0.3425096,-4,-4
49623,25554436,-0.0001281202,-5.574839e-08,0,0.2502465,0.126711,0.126711,-0.18,NaN,0,-0.3724855,-7,-7
50006,25656108,-6.92606e-05,-1.989974e-08,0,0.2502465,0.100258,0.100258,-0.22,NaN,0,-0.3992742,-9,-9
50417,25760120,-3.761053e-05,-8.51287e-09,0,0.2502465,0.06742856999999999,0.06742856999999999,0.16,NaN,0,-0.4321036,-10,-10
50775,25863737,-2.05934e-05,-5.729817e-09,0,0.2502465,0.0398276,0.0398276,-0.27,NaN,0,-0.4644501,-11,-11
51183,25966940,-1.147389e-05,-2.168235e-09,0,0.2502465,0.01208243,0.01208243,-0.06,NaN,0,-0.4921952,-12,-12
51566,26069946,-6.586313e-06,-1.261014e-09,0,0.2502465,-0.0157266,-0.0157266,-0.1,NaN,0,-0.5200043,-12,-12
51978,26172456,-4.082918e-06,-6.507435e-10,0,0.2502465,-0.04462109,-0.04462109,-0.26,NaN,0,-0.5559102,-13,-13
52388,26276496,-2.622604e-06,-4.329195e-10,0,0.2502465,-0.07434654,-0.07434654,0.24,NaN,0,-0.5910525,-14,-14
52798,26379344,-2.413988e-06,-3.269633e-10,0,0.2502465,-0.09721771,-0.09721771,-0.16,NaN,0,-0.6139237,-15,-15
53213,26482483,-2.413988e-06,-3.294645e-10,0,0.2502465,-0.1194118,-0.1194118,0,NaN,0,-0.6379793,-16,-16
53622,26585958,-2.413988e-06,-3.810783e-10,0,0.2502465,-0.1408607,-0.1408607,0.21,NaN,0,-0.6594282,-16,-16
54035,26688468,-2.413988e-06,-3.312834e-10,0,0.2502465,-0.1559641,-0.1559641,0.34,NaN,0,-0.6718308,-17,-17
54417,26791337,-2.413988e-06,-3.560672e-10,0,0.2502465,-0.1628509,-0.1628509,-0.05,NaN,0,-0.6787176,-17,-17
54833,26894767,-2.413988e-06,-3.735749e-10,0,0.2502465,-0.1711775,-0.1711775,0.22,NaN,0,-0.6814671,-17,-17
55244,26996517,-2.413988e-06,-3.922196e-10,0,0.2502465,-0.1765645,-0.1765645,-0.16,NaN,0,-0.6868541,-18,-18
55657,27099932,-2.413988e-06,-3.665264e-10,0,0.2502465,-0.1842265,-0.1842265,0.01,NaN,0,-0.6928223999999999,-18,-18
56041,27202248,-2.413988e-06,-4.399681e-10,0,0.2502465,-0.1938427,-0.1938427,-0.2,NaN,0,-0.7024386,-18,-18
56127,60577680,0,0,0,0.2502465,0,-0.6749729,-0.6,NaN,0,0.005027093,0,3
56542,60677745,0,0,0,0.2502465,0,-0.6765298,-0.59,NaN,0,0.003607489,0,3
56953,60780094,0,0,0,0.2502465,0,-0.6773338,-0.67,NaN,0,0.003223099,0,3
57371,60882573,0,0,0,0.2502465,0,-0.6764014,-0.71,NaN,0,0.004300512,0,3
57827,60984664,0,0,0,0.2502465,0,-0.6758372,-0.63,NaN,0,0.004986681,0,3
58274,61086509,0,0,0,0.2502465,0,-0.6742513,-0.4,NaN,0,0.006641366,0,3
58724,61187800,0,0,0,0.2502465,0,-0.6722865,-0.53,NaN,0,0.008880772,0,3
59173,61289327,0,0,0,0.2502465,0,-0.6688437,-0.95,NaN,0,0.01246092,0,3
59627,61389488,0,0,0,0.2502465,0,-0.6656882,-0.72,NaN,0,0.01576898,0,3
60079,61493554,0,0,0,0.2502465,0,-0.6629257,-0.61,NaN,0,0.01865355,0,3
60531,61595879,0,0,0,0.2502465,0,-0.6601266,-0.71,NaN,0,0.0217425,0,4
60945,61697536,0,0,0,0.2502465,0,-0.657516,-1.05,NaN,0,0.02462784,0,4
61398,61799355,0,0,0,0.2502465,0,-0.6563519,-0.7,NaN,0,0.02579192,0,4
61819,61900121,0,0,0,0.2502465,0,-0.6544702999999999,-0.6899999999999999,NaN,0,0.02781848,0,4
62272,62000748,0,0,0,0.2502465,0,-0.6519147,-0.89,NaN,0,0.03064881,0,4
62719,62103866,0,0,0,0.2502465,0,-0.6496769,-0.79,NaN,0,0.03302387,0,4
63140,62204534,0,0,0,0.2502465,0,-0.6477887,-0.33,NaN,0,0.03505705,0,4
63590,62306734,0,0,0,0.2502465,0,-0.6460618,-0.49,NaN,0,0.03705851,0,4
64045,62409098,0,0,0,0.2502465,0,-0.6433144,-0.58,NaN,0,0.03980605,0,4
64491,62511323,0,0,0,0.2502465,0,-0.6408833,-0.73,NaN,0,0.0423821,0,4
64944,62612495,0,0,0,0.2502465,0,-0.6386412,-0.54,NaN,0,0.04489879,0,4
65393,62716095,0,0,0,0.2502465,0,-0.6383102,-0.44,NaN,0,0.04536716,0,4
65846,62817250,0,0,0,0.2502465,0,-0.6368737,-0.54,NaN,0,0.04694102,0,4
66295,62920077,0,0,0,0.2502465,0,-0.6347097,-0.38,NaN,0,0.04923473,0,4
66749,63020948,0,0,0,0.2502465,0,-0.6312921,-0.36,NaN,0,0.05279724,0,4
67195,63123269,0,0,0,0.2502465,0,-0.6275733,-0.47,NaN,0,0.05679838,0,4
67945,63326883,0,0,0,0.2502465,0,-0.6216316,-0.34,NaN,0,0.06315962,0,4
68400,63427752,0,0,0,0.2502465,0,-0.6177683,-0.6899999999999999,NaN,0,0.06716029,0,4
68851,63530559,0,0,0,0.2502465,0,-0.6139547,-0.48,NaN,0,0.07124851,0,5
69304,63631317,0,0,0,0.2502465,0,-0.6095225,-0.62,NaN,0,0.07597068999999999,0,5
69752,63734870,0,0,0,0.2502465,0,-0.6075127,-0.23,NaN,0,0.07812545,0,4
70173,63836554,0,0,0,0.2502465,0,-0.6052426,-0.51,NaN,0,0.08067022,0,4
70623,63938549,0,0,0,0.2502465,0,-0.6052014,-0.38,NaN,0,0.08113102,0,4
71077,64040257,0,0,0,0.2502465,0,-0.6041334,-0.76,NaN,0,0.08233633999999999,0,5
71526,64142945,0,0,0,0.2502465,0,-0.6033219,-0.73,NaN,0,0.08328519,0,4
71980,64245246,0,0,0,0.2502465,0,-0.6025758,-0.59,NaN,0,0.08431349,0,4
72428,64347335,0,0,0,0.2502465,0,-0.6005055,-0.38,NaN,0,0.08675001,0,4
72851,64448524,0,0,0,0.2502465,0,-0.5968001000000001,-0.66,NaN,0,0.09073005000000001,0,5
73302,64550727,0,0,0,0.2502465,0,-0.5955533,-0.5,NaN,0,0.09239653,0,4
73756,64652081,0,0,0,0.2502465,0,-0.5935709,-0.49,NaN,0,0.09452381999999999,0,4
74205,64753865,0,0,0,0.2502465,-0.5924495,-0.5924495,-0.63,NaN,0,0.09613351000000001,3,3
74626,64857209,0,0,0,0.2502465,-0.590377,-0.590377,-0.61,NaN,0,0.09835104,4,4
75078,64959939,0,0,0,0.2502465,-0.5890728,-0.5890728,-0.53,NaN,0,0.09992991,4,4
75527,65066449,0,0,0,0.2502465,-0.5869899,-0.5869899,-0.54,NaN,0,0.1023026,3,3
75975,65169570,0,0,0,0.2502465,-0.5843956,-0.5843956,-0.32,NaN,0,0.1051716,4,4
76394,65275851,0,0,0,0.2502465,-0.5798815,-0.5798815,-0.79,NaN,0,0.109968,5,5
76851,65380121,0,0,0,0.2502465,-0.5757627,-0.5757627,-0.5,NaN,0,0.1143691,4,4
77300,65484342,0,0,0,0.2502465,-0.5711604,-0.5711604,-0.74,NaN,0,0.1191087,5,5
77755,65588264,0,0,0,0.2502465,-0.5673084,-0.5673084,-0.44,NaN,0,0.1232354,5,5
78204,65691527,0,0,0,0.2502465,-0.5630794,-0.5630794,-0.58,NaN,0,0.1276093,4,4
78656,65793956,0,0,0,0.2502465,-0.5592443,-0.5592443,-0.6899999999999999,NaN,0,0.1318564,4,4
79105,65898466,0,0,0,0.2502465,-0.5564807000000001,-0.5564807000000001,-1.02,NaN,0,0.134765,5,5
79561,66001917,0,0,0,0.2502465,-0.5574922,-0.5574922,-0.52,NaN,0,0.1341731,5,5
79975,66105503,0,0,0,0.2502465,-0.5577325,-0.5577325,-0.67,NaN,0,0.1340778,4,4
80427,66206748,0,0,0,0.2502465,-0.558654,-0.558654,-0.91,NaN,0,0.133286,4,4
80877,66312363,0,0,0,0.2502465,-0.5619507,-0.5619507,-0.91,NaN,0,0.1301266,5,5
81299,66415720,0,0,0,0.2502465,-0.5653844,-0.5653844,-0.59,NaN,0,0.1272651,5,5
81743,66518485,0,0,0,0.2502465,-0.5689685,-0.5689685,-0.31,NaN,0,0.1238183,5,5
82198,66622331,0,0,0,0.2502465,-0.5714671,-0.5714671,-0.46,NaN,0,0.1214418,4,4
82616,66726048,0,0,0,0.2502465,-0.5717337,-0.5717337,-0.72,NaN,0,0.1213278,5,5
83068,66827266,0,0,0,0.2502465,-0.571858,-0.571858,-0.48,NaN,0,0.1213485,5,5
83521,66930332,0,0,0,0.2502465,-0.5697906,-0.5697906,-0.67,NaN,0,0.1236982,5,5
83975,67033957,0,0,0,0.2502465,-0.5676455,-0.5676455,-0.48,NaN,0,0.125973,4,4
84390,67136248,0,0,0,0.2502465,-0.567211,-0.567211,-0.83,NaN,0,0.1266973,4,4
84843,67239774,0,0,0,0.2502465,-0.5667745,-0.5667745,-0.88,NaN,0,0.1272635,4,4
85257,67344086,0.04374959,1.429394e-05,0.0169414,0.2502465,-0.5673213,-0.5673213,-0.87,NaN,0,0.1267168,4,4
85711,67449513,0.09374911,2.975017e-05,0.05685664,0.2502465,-0.5683551,-0.5683551,-0.32,NaN,0,0.1258279,4,4
86157,67554289,0.1412489,4.352629e-05,0.1023007,0.2502465,-0.5692047,-0.5692047,-0.34,NaN,0,0.1249783,4,4
86579,67657207,0.1912489,5.072355e-05,0.1508523,0.2502465,-0.566559,-0.566559,-0.19,NaN,0,0.1279063,5,5
87027,67761800,0.2387488,7.800758e-05,0.1988588,0.2502465,-0.5617959,-0.5617959,-0.45,NaN,0,0.1327991,7,7
87477,67867379,0.2862488,0.0001256168,0.2479686,0.2502465,-0.554907,-0.554907,-0.45,NaN,0,0.1399093,7,7
87929,67972287,0.344824,0.0001308918,0.2963222,0.2502465,-0.5430542,-0.5429186,-0.67,NaN,0,0.1521876,16,16
88348,68081857,0.3023213,0.0001100302,0.3118825,0.2502465,-0.5173759,-0.5136526,-0.25,NaN,0,0.1817359,34,40
88800,68187501,0.277705,0.0001937747,0.292825,0.2502465,-0.4715287,-0.4608296,-0.38,NaN,0,0.2347114,55,67
89248,68295852,0.2613291,0.000190407,0.2759366,0.2502465,-0.4099355,-0.378316,-0.42,NaN,0,0.3176599,69,88
89671,68400090,0.2677605,0.0001632869,0.2640141,0.2502465,-0.3296992,-0.282464,0.3,NaN,0,0.4138171,82,102
90118,68505982,0.2603099,0.000295192,0.265072,0.2502465,-0.239183,-0.1688474,-0.14,NaN,0,0.5277313,90,110
90537,68610947,0.2615046,0.0009084642,0.2618446,0.2502465,-0.1368816,-0.04618662,-0.27,NaN,0,0.6506896,97,116
90987,68716938,0.25917,0.001744092,0.2622321,0.2502465,-0.02961832,0.08203438,0.03,NaN,0,0.7790555,102,119
91441,68820846,0.2494561,0.002209857,0.2557681,0.2502465,0.08672974,0.2125053,0.22,NaN,0,0.909679,106,123
91888,68928577,0.2477096,0.002060518,0.2489927,0.2502465,0.2082505,0.3498571,0.51,NaN,0,1.046878,109,124
92342,69033754,0.2475192,0.00208199,0.2504408,0.2502465,0.3339434,0.4867729,0.38,NaN,0,1.183787,112,125
92757,69141087,0.2523448,0.001892954,0.2574891,0.2502465,0.456568,0.6209763,1.05,NaN,0,1.318112,114,123
93209,69245464,0.2437554,0.001472473,0.2532494,0.2502465,0.5884581,0.7558597,0.63,NaN,0,1.453125,116,124
93655,69354220,0.2395243,0.001009852,0.2427871,0.2502465,0.722787,0.9026024,0.65,NaN,0,1.599547,117,127
94102,69459320,0.2399703,0.0008984208,0.2405538,0.2502465,0.8522613999999999,1.04237,1.15,NaN,0,1.738773,118,128
94553,69564095,0.2456244,0.001086786,0.2415942,0.2502465,0.9901306,1.179121,0.29,NaN,0,1.875066,119,127
94968,69667564,0.2625201,0.001394808,0.253298,0.2502465,1.122368,1.302012,0.48,NaN,0,1.997774,121,123
95422,69771850,0.2396717,0.001251131,0.2492058,0.2502465,1.262661,1.405919,0.88,NaN,0,2.100987,126,126
95837,69879313,0.2553231,0.001444727,0.2477667,0.2502465,1.400353,1.517145,1.25,NaN,0,2.211885,129,127
96291,69984555,0.2580391,0.001581341,0.2575271,0.2502465,1.542345,1.632541,1.27,NaN,0,2.326885,133,128
96739,70091860,0.2722985,0.001861602,0.2632716,0.2502465,1.681379,1.758175,0.51,NaN,0,2.452053,135,128
97189,70195767,0.2756765,0.002335399,0.2726642,0.2502465,1.824498,1.875001,0.74,NaN,0,2.568292,138,129
97607,70302509,0.2834695,0.003322303,0.2799784,0.2502465,1.964422,1.984202,1.01,NaN,0,2.677035,141,130
98061,70408373,0.2824937,0.00372234,0.2849493,0.2502465,2.108243,2.086237,1.14,NaN,0,2.778726,146,132
98472,70517926,0.2868111,0.003125966,0.2878351,0.2502465,2.245127,2.191757,1.29,NaN,0,2.883987,149,135
98919,70625913,0.2780313,0.002148777,0.2861113,0.2502465,2.38218,2.298874,1.85,NaN,0,2.990684,152,139
99359,70734533,0.2842412,0.001922816,0.2866217,0.2502465,2.519375,2.421562,1.65,NaN,0,3.112679,154,143
99810,70842750,0.245947,0.001339391,0.2716202,0.2502465,2.655873,2.549778,2.48,NaN,0,3.239918,152,148
100219,70951921,0.2343603,0.001045629,0.2453399,0.2502465,2.788069,2.698294,2.42,NaN,0,3.386817,144,148
100665,71058909,0.2216419,0.001313776,0.2344464,0.2502465,2.911675,2.842786,2.58,NaN,0,3.529469,130,139
101107,71166121,0.2221103,0.00204061,0.2226133,0.2502465,3.023015,2.976886,2.13,NaN,0,3.661868,115,127
101519,71275517,0.2310773,0.002213866,0.2278144,0.2502465,3.125117,3.095699,3,NaN,0,3.779132,102,113
101970,71382443,0.2308947,0.001670808,0.2304264,0.2502465,3.214779,3.197063,2.97,NaN,0,3.878871,91,99
102410,71490715,0.2385058,0.001308411,0.2351148,0.2502465,3.296442,3.289211,2.82,NaN,0,3.969753,82,88
102824,71597777,0.2386237,0.0010539,0.2398859,0.2502465,3.371569,3.367929,3.31,NaN,0,4.047341,76,79
103232,71704306,0.245922,0.0007613152,0.2405562,0.2502465,3.439454,3.439919,3.23,NaN,0,4.118492,70,72
103679,71811290,0.2442643,0.0006591827,0.2459357,0.2502465,3.504677,3.508085,3.35,NaN,0,4.186186,66,67
104064,71917848,0.2442024,0.0006589293,0.2483348,0.2502465,3.564612,3.569341,3.6,NaN,0,4.246602,62,61
104511,72023960,0.247058,0.0007890612,0.2449333,0.2502465,3.623163,3.627456,3.75,NaN,0,4.304458,59,59
104953,72132568,0.24395,0.001010224,0.2455885,0.2502465,3.679147,3.692154,3.79,NaN,0,4.368828,56,57
105398,72240568,0.2511246,0.001353145,0.2467254,0.2502465,3.732991,3.757782,3.84,NaN,0,4.433838,53,54
105840,72349288,0.2526703,0.001680702,0.2491883,0.2502465,3.785125,3.822508,4.06,NaN,0,4.497961,50,51
106257,72461473,0.247377,0.001194507,0.2530959,0.2502465,3.83842,3.885921,4.15,NaN,0,4.560695,47,47
106703,72567506,0.2455671,0.0006973594,0.2506528,0.2502465,3.887808,3.940856,4.38,NaN,0,4.61489,46,46
107148,72677201,0.2439182,0.000541687,0.2460124,0.2502465,3.937535,3.999973,4.42,NaN,0,4.673045,44,45
107596,72785094,0.2581668,0.0005277693,0.2486997,0.2502465,3.985176,4.053919,4.85,NaN,0,4.726045,42,43
108040,72893088,0.2547552,0.0006627142,0.2572603,0.2502465,4.032138,4.11,4.59,NaN,0,4.781386,41,40
108488,73000319,0.2489745,0.0007645041,0.2553565,0.2502465,4.078539,4.165873,4.77,NaN,0,4.836519,39,39
108931,73108552,0.2427732,0.0008222014,0.2472931,0.2502465,4.124501,4.224336,4.88,NaN,0,4.894043,38,40
109375,73213950,0.2534584,0.0009601712,0.2496863,0.2502465,4.170074,4.280806,4.81,NaN,0,4.949774,36,37
109787,73323115,0.2417063,0.001037404,0.2520094,0.2502465,4.215353,4.341319,4.64,NaN,0,5.009417,34,36
110234,73428554,0.2342661,0.0009662062,0.2442696,0.2502465,4.260381,4.394308,4.86,NaN,0,5.061742,33,37
110676,73537478,0.2377642,0.0007359982,0.2389701,0.2502465,4.305184,4.446237,4.97,NaN,0,5.113083,32,37
111090,73645311,0.2450942,0.0004805923,0.2414286,0.2502465,4.349777,4.49677,5.03,NaN,0,5.162884,32,36
111531,73754291,0.2331832,0.0003263503,0.237441,0.2502465,4.394248,4.544847,5.63,NaN,0,5.210373,31,35
111947,73865754,0.2379029,0.0004001111,0.2358069,0.2502465,4.440909,4.600871,5.38,NaN,0,5.265879,30,35
112394,73973205,0.2386783,0.0006043613,0.2375773,0.2502465,4.485098,4.653119,5.19,NaN,0,5.3177,29,33
112838,74081320,0.2451972,0.0008871853,0.2424904,0.2502465,4.529233,4.705464,5.81,NaN,0,5.369748,28,31
113283,74187206,0.2540843,0.001057029,0.2465243,0.2502465,4.573374,4.755788,5.84,NaN,0,5.419636,28,28
113726,74294478,0.2430886,0.0009517074,0.2458701,0.2502465,4.61748,4.809118,5.98,NaN,0,5.472456,27,28
114173,74400583,0.2403171,0.0008698999999999999,0.241856,0.2502465,4.661554,4.862264,6.46,NaN,0,5.525243,26,28
114583,74509118,0.2424069,0.0009483397,0.2375633,0.2502465,4.705633,4.92138,6.2,NaN,0,5.583924,24,28
115029,74615124,0.2425625,0.001073286,0.2411439,0.2502465,4.749626,4.981678,5.51,NaN,0,5.644076,23,26
115471,74721897,0.2442855,0.001228765,0.2416484,0.2502465,4.793568,5.036554,5.5,NaN,0,5.698304,21,24
115918,74827762,0.2577313,0.001512825,0.2509579,0.2502465,4.837468,5.080512,4.61,NaN,0,5.742117,21,21
116328,74934045,0.2352281,0.001291648,0.2441373,0.2502465,4.879014,5.113681,4.75,NaN,0,5.774852,22,22
116778,75040717,0.244172,0.001200691,0.2414888,0.2502465,4.922843,5.137864,4.83,NaN,0,5.798607,24,23
117222,75147028,0.2613821,0.001346499,0.2513128,0.2502465,4.965453,5.152356,4.98,NaN,0,5.812954,27,21
117672,75256534,0.2663193,0.001500875,0.2615199,0.2502465,5.010327,5.165567,4.68,NaN,0,5.825594,30,21
118117,75364084,0.2559071,0.001270801,0.2611049,0.2502465,5.05293,5.174251,5.12,NaN,0,5.833842,33,23
118567,75473907,0.2616298,0.00128299,0.2600437,0.2502465,5.097853,5.188739,4.64,NaN,0,5.847903,36,26
119007,75580750,0.27674,0.002207786,0.2663091,0.2502465,5.141598,5.199717,4.86,NaN,0,5.858446,40,29
119415,75687846,0.2927788,0.005146325,0.2801336,0.2502465,5.18535,5.213421,4.23,NaN,0,5.871136,43,28
119865,75797115,0.2706078,0.007391304,0.2857739,0.2502465,5.229236,5.223941,4.58,NaN,0,5.880641,46,31
120275,75905541,0.2978373,0.009808511000000001,0.2953128,0.2502465,5.271912,5.230216,4.33,NaN,0,5.885321,50,34
120724,76011307,0.2549988,0.006657302,0.2841383,0.2502465,5.315692,5.242385,3.8,NaN,0,5.895659,53,40
121131,76120613,0.2540362,0.00462684,0.2650165,0.2502465,5.35951,5.252109,4.24,NaN,0,5.902834,56,49
121580,76226980,0.2595723,0.00328061,0.266867,0.2502465,5.403302,5.264841,4.13,NaN,0,5.913157,59,52
122023,76336121,0.2549822,0.002731591,0.2575923,0.2502465,5.447073,5.283301,5.34,NaN,0,5.928839,62,57
122469,76444946,0.2790719,0.003201216,0.2662131,0.2502465,5.490796,5.316069,5.04,NaN,0,5.959189,63,57
122911,76553954,0.2608655,0.00294289,0.2712193,0.2502465,5.53449,5.35601,4.75,NaN,0,5.996269,63,58
123358,76669533,0.245488,0.001541093,0.2614933,0.2502465,5.580565,5.398879,5.14,NaN,0,6.036124,64,63
123806,76776984,0.254812,0.0007122755,0.2565267,0.2502465,5.624351,5.439692,5.14,NaN,0,6.073626,64,64
124248,76884568,0.2422316,0.0003693551,0.2521474,0.2502465,5.668168,5.48637,4.88,NaN,0,6.117153,64,65
124663,76990254,0.2317905,0.0003046095,0.2403507,0.2502465,5.711962,5.533814,5.41,NaN,0,6.161507,63,69
125105,77097557,0.2510032,0.0004794598,0.2391253,0.2502465,5.75457,5.586265,5.63,NaN,0,6.21102,62,69
125518,77201894,0.2408468,0.0007289201,0.2437569,0.2502465,5.798349,5.640595,5.34,NaN,0,6.262994,61,66
125964,77309927,0.2382273,0.0009918660000000001,0.2463687,0.2502465,5.84205,5.695441,5.61,NaN,0,6.31497,60,64
126411,77416871,0.2143648,0.0008279085,0.2331829,0.2502465,5.883899,5.749202,5.4,NaN,0,6.366221,55,61
126853,77524695,0.2263678,0.000878185,0.2205406,0.2502465,5.920144,5.799836,5.57,NaN,0,6.414422,46,54
127299,77630448,0.2224889,0.0007989705,0.2276812,0.2502465,5.95012,5.841773,5.32,NaN,0,6.45349,39,45
127710,77737880,0.2229444,0.000698477,0.2253035,0.2502465,5.974898,5.876189,5.34,NaN,0,6.485396,33,39
128157,77844361,0.2315722,0.0006805658,0.2301514,0.2502465,5.995379,5.902854,5.84,NaN,0,6.509185,28,32
128569,77951961,0.2259241,0.0005989522,0.2251129,0.2502465,6.012296,5.921806,5.62,NaN,0,6.525322,25,29
129020,78060900,0.2405324,0.0004541576,0.2328825,0.2502465,6.026002,5.936825,6.17,NaN,0,6.53761,21,22
129464,78168897,0.25801,0.0003625751,0.2412988,0.2502465,6.035775,5.946031,6.44,NaN,0,6.543992,17,15
129912,78283454,0.2685276,0.0003185272,0.2593303,0.2502465,6.042885,5.956001,6.14,NaN,0,6.551071,14,7
130361,78390422,0.2692198,0.0001697242,0.2635958,0.2502465,6.047182,5.959785,5.74,NaN,0,6.552116,12,4
130804,78500236,0.2645818,0.0001310706,0.2664281,0.2502465,6.049579,5.95934,5.81,NaN,0,6.549221,10,2
131250,78607021,0.2487396,1.192093e-05,0.2565663,0.2502465,6.050245,5.956757,6.23,NaN,0,6.543961,9,3
131694,78716918,0.2475893,0.0002269149,0.2497432,0.2502465,6.049607,5.95706,5.99,NaN,0,6.541823,8,5
132138,78822323,0.2464439,0.0006089211,0.2451462,0.2502465,6.047996,5.960212,6.01,NaN,0,6.542594,6,6
132550,78928936,0.2374234,0.0009557158,0.2428708,0.2502465,6.045567,5.965782,6.11,NaN,0,6.545722,5,7
132993,79034360,0.2332303,0.0008831471,0.234264,0.2502465,6.042392,5.973777,5.9,NaN,0,6.551939,3,8
133436,79143208,0.2290972,0.0003980547,0.2361759,0.2502465,6.038518,5.979177,5.86,NaN,0,6.55557,1,7
133851,79252963,0.2221746,0.0002286136,0.2246204,0.2502465,6.034071,5.983054,6.1,NaN,0,6.557898,0,7
134297,79360228,0.2435696,0.0002230257,0.2307291,0.2502465,6.029404,5.982436,5.76,NaN,0,6.555662,0,4
134749,79466552,0.231746,0.0003179014,0.2328746,0.2502465,6.024336,5.981273,6.04,NaN,0,6.553164,-1,2
135188,79573527,0.2373769,0.0003954917,0.234628,0.2502465,6.018963,5.978745,5.87,NaN,0,6.549332,-1,0
135630,79682494,0.2502357,0.0004589856,0.2432223,0.2502465,6.013431,5.973691,5.84,NaN,0,6.543034,-1,-3
136078,79788332,0.2463595,0.0006040484,0.2472207,0.2502465,6.007669,5.963119,6.23,NaN,0,6.531295,-1,-4
136488,79895479,0.2446252,0.0007551908,0.2477444,0.2502465,6.001746,5.953891,5.86,NaN,0,6.5209,-1,-3
136935,80001225,0.2415118,0.0008104742,0.2436151,0.2502465,5.995692,5.9438,5.98,NaN,0,6.509504,-1,-3
137376,80110731,0.2442601,0.0008251518,0.2477149,0.2502465,5.989661,5.9336,5.86,NaN,0,6.497702,-1,-3
137825,80218299,0.2427184,0.0007742494,0.2458905,0.2502465,5.983284,5.924097,5.96,NaN,0,6.486887,0,-2
138235,80326450,0.2424017,0.0008604527,0.244836,0.2502465,5.977092,5.911486,6.09,NaN,0,6.472375,0,-2
138683,80431231,0.2536164,0.000792712,0.2496962,0.2502465,5.970719,5.901366,6.1,NaN,0,6.460653,0,-3
139125,80538749,0.2464315,0.0009648502,0.2520275,0.2502465,5.964633,5.893111,5.56,NaN,0,6.45072,0,-2
139571,80645538,0.2492386,0.001348287,0.2503244,0.2502465,5.958196,5.885653,5.78,NaN,0,6.441355,0,-1
139982,80752911,0.2391514,0.001588389,0.2470506,0.2502465,5.951751,5.878623,5.81,NaN,0,6.432273,0,0
140430,80858978,0.2260252,0.001660898,0.2357706,0.2502465,5.945369,5.875794,5.75,NaN,0,6.427383,0,2
140869,80966455,0.2341095,0.001863644,0.234966,0.2502465,5.938963,5.869102,5.65,NaN,0,6.418334,0,2
141287,81074087,0.2369795,0.001421273,0.2382052,0.2502465,5.93254,5.864979,5.43,NaN,0,6.411999,0,2
141727,81183124,0.2341256,0.0007477850000000001,0.2317179,0.2502465,5.926156,5.855744,4.91,NaN,0,6.400399,0,2
142170,81292082,0.2276866,0.0004898608,0.2330702,0.2502465,5.919718,5.850484,5.14,NaN,0,6.392842,0,2
142616,81398765,0.2459557,0.0007666051,0.2356299,0.2502465,5.913263,5.845223,5.46,NaN,0,6.385743,0,2
143059,81508935,0.2430544,0.00112246,0.2453562,0.2502465,5.906766,5.835643,5.64,NaN,0,6.374148,0,-2
143475,81614509,0.2397558,0.001392409,0.2450837,0.2502465,5.900197,5.825468,5.27,NaN,0,6.362272,0,0
143922,81723210,0.2409159,0.001264602,0.2403716,0.2502465,5.893874,5.815618,5.43,NaN,0,6.350644,1,0
144368,81830959,0.2392082,0.001302034,0.2393906,0.2502465,5.88739,5.806314,5.32,NaN,0,6.339173,1,0
144813,81939980,0.2365358,0.001260385,0.2391979,0.2502465,5.881025,5.800724,5.39,NaN,0,6.33179,1,1
145261,82046558,0.2438149,0.001513556,0.2425159,0.2502465,5.874486,5.796427,5.36,NaN,0,6.325708,0,0
145671,82156105,0.2617171,0.001638442,0.2497031,0.2502465,5.867939,5.790127,5.95,NaN,0,6.317921,0,-2
146116,82263565,0.2450383,0.001808122,0.2548041,0.2502465,5.861557,5.784308,5.65,NaN,0,6.310682,1,-2
146561,82370084,0.2265649,0.002289817,0.2428845,0.2502465,5.855254,5.779635,5.22,NaN,0,6.305331,0,0
147007,82478329,0.2378456,0.003178477,0.2398292,0.2502465,5.84898,5.776077,5.15,NaN,0,6.301239,0,1
147453,82585311,0.2581438,0.003989726,0.2513123,0.2502465,5.842731,5.764455,5.26,NaN,0,6.289616,1,-1
147864,82693130,0.2553675,0.004249513,0.2581389,0.2502465,5.83626,5.75194,5.5,NaN,0,6.277544,1,-2
148312,82801555,0.2514094,0.003760308,0.2539489,0.2502465,5.829936,5.741144,5.32,NaN,0,6.267045,2,-1
148754,82909998,0.258882,0.003334939,0.2554685,0.2502465,5.823496,5.731493,5.56,NaN,0,6.258272,2,-1
149170,83017105,0.2481982,0.002469271,0.2539693,0.2502465,5.81706,5.724109,5.59,NaN,0,6.252451,2,0
149610,83125235,0.2389158,0.001901731,0.2461026,0.2502465,5.810631,5.71921,5.45,NaN,0,6.249322,2,1
150027,83231286,0.2361865,0.001834676,0.2397061,0.2502465,5.804056,5.716876,5.38,NaN,0,6.248827,1,3
150470,83340509,0.2377915,0.002077013,0.2386692,0.2502465,5.797505,5.713464,5.18,NaN,0,6.247567,1,3
150915,83447027,0.2407863,0.002190635,0.2420232,0.2502465,5.790882,5.70835,5.19,NaN,0,6.245199,1,3
151303,83555917,0.2315833,0.002189606,0.2394874,0.2502465,5.784221,5.704283,5.6,NaN,0,6.244093,1,3
151751,83663427,0.2373344,0.002106056,0.2371202,0.2502465,5.777702,5.701054,5.26,NaN,0,6.244122,0,2
152194,83771912,0.2557871,0.002031267,0.2457755,0.2502465,5.771067,5.691784,5.5,NaN,0,6.238476,0,0
152603,83879854,0.2322827,0.0013666,0.2415151,0.2502465,5.76448,5.678958,6.23,NaN,0,6.229503,1,1
153051,83987738,0.2418657,0.0009810328,0.2372508,0.2502465,5.757811,5.676429,5.5,NaN,0,6.230735,1,2
153493,84095479,0.2468027,0.0009101778,0.2424742,0.2502465,5.751112,5.676508,5.39,NaN,0,6.235034,0,0
153939,84201580,0.2521881,0.001345277,0.2518366,0.2502465,5.744386,5.669145,5.36,NaN,0,6.231507,0,-2
154381,84310801,0.2497737,0.00104931,0.2531929,0.2502465,5.737645,5.655098,5.54,NaN,0,6.221809,1,-2
154826,84417928,0.2551988,0.001569599,0.2540822,0.2502465,5.730948,5.642979,5.52,NaN,0,6.21352,1,-2
155269,84527005,0.2655959,0.001892596,0.2621596,0.2502465,5.724361,5.633626,5.84,NaN,0,6.207844,2,-3
155714,84632358,0.2601897,0.00122717,0.2622312,0.2502465,5.717803,5.629358,5.81,NaN,0,6.206811,1,-2
156157,84742774,0.2651384,0.0007888079,0.2597952,0.2502465,5.711429,5.629526,5.48,NaN,0,6.210435,1,-1
156574,84850908,0.2617966,0.0007115006,0.2635911,0.2502465,5.70492,5.627654,5.08,NaN,0,6.211944,0,-2
157017,84959541,0.2578033,0.0009227395,0.2646843,0.2502465,5.698544,5.616783,4.9,NaN,0,6.204017,1,-1
157426,85070934,0.2688471,0.001017332,0.263048,0.2502465,5.691956,5.599069,5.23,NaN,0,6.189675,2,-1
157874,85178692,0.2795178,0.001052737,0.2710523,0.2502465,5.685403,5.578732,5.43,NaN,0,6.171841,3,-2
158285,85287906,0.2781455,0.0008892715,0.2786683,0.2502465,5.678794,5.560926,5.4,NaN,0,6.156896,4,-2
158734,85393985,0.2686945,0.0006675422,0.2726403,0.2502465,5.672076,5.547921,5.23,NaN,0,6.146454,5,0
159174,85502734,0.2702571,0.0006000102,0.2695835,0.2502465,5.665434,5.536939,4.62,NaN,0,6.137815,5,2
159618,85609621,0.2966924,0.0008879602,0.2797216,0.2502465,5.658769,5.521152,4.97,NaN,0,6.124667,6,0
160033,85717279,0.2871897,0.0009868145000000001,0.2879323,0.2502465,5.652183,5.49941,5.36,NaN,0,6.105344,8,0
160479,85824294,0.2541851,0.0006855725999999999,0.2768179,0.2502465,5.645622,5.48474,5.25,NaN,0,6.092794,9,4
160892,85933292,0.2603824,0.0005343854,0.2630377,0.2502465,5.63915,5.481505,5.39,NaN,0,6.091987,8,8
161338,86040517,0.272484,0.0005914867,0.2691285,0.2502465,5.632545,5.484527,5.19,NaN,0,6.097198,7,8
161750,86148842,0.253836,0.0006613135,0.2653698,0.2502465,5.625945,5.48877,5.08,NaN,0,6.1035,6,9
162195,86257235,0.2457775,0.0007094443,0.255946,0.2502465,5.619259,5.495348,5.45,NaN,0,6.112115,5,11
162642,86366440,0.2300093,0.0002369583,0.2440424,0.2502465,5.612532,5.504718,5.49,NaN,0,6.12369,3,13
163055,86475969,0.2390866,5.233288e-05,0.2367999,0.2502465,5.605786,5.517097,5.64,NaN,0,6.138259,1,13
163503,86582538,0.2429383,0.0001014173,0.2399994,0.2502465,5.59935,5.527331,5.4,NaN,0,6.150767,0,10
163918,86689525,0.2453413,0.0002046078,0.2379092,0.2502465,5.593064,5.53617,5.37,NaN,0,6.161948,0,9
164363,86797228,0.2442261,0.0001943707,0.2390649,0.2502465,5.586872,5.542012,5.4,NaN,0,6.170651,-2,6
164805,86905212,0.2453636,0.0001247525,0.2425046,0.2502465,5.580704,5.544443,5.41,NaN,0,6.175714,-2,3
165225,87011481,0.2467846,4.389882e-05,0.2429292,0.2502465,5.574471,5.543459,5.31,NaN,0,6.177438,-3,1
165668,87119502,0.2481087,1.676381e-05,0.2442004,0.2502465,5.568386,5.543119,5.42,NaN,0,6.180105,-3,0
166115,87225775,0.2472069,1.624227e-06,0.2488108,0.2502465,5.562263,5.542555,5.52,NaN,0,6.18225,-4,-2
166556,87333344,0.2454458,5.707145e-06,0.2454659,0.2502465,5.555978,5.542353,5.6,NaN,0,6.18461,-5,-3
166971,87441442,0.2618944,6.41048e-05,0.2512242,0.2502465,5.549478,5.541806,5.51,NaN,0,6.186696,-6,-5
167413,87550021,0.2545338,0.0001380146,0.2574546,0.2502465,5.542953,5.540143,5.29,NaN,0,6.187589,-6,-7
167862,87657211,0.2571692,0.0002323091,0.2578781,0.2502465,5.536365,5.535872,5.74,NaN,0,6.186025,-6,-7
168301,87765887,0.2637855,0.0003493428,0.2586771,0.2502465,5.529802,5.531242,5.62,NaN,0,6.183807,-7,-8
168718,87879095,0.2656115,0.000474751,0.2639118,0.2502465,5.522965,5.524709,5.77,NaN,0,6.179838,-6,-9
169166,87986548,0.2568925,0.0005072355,0.262693,0.2502465,5.516515,5.519227,5.81,NaN,0,6.176621,-7,-8
169612,88096025,0.2580555,0.0004333556,0.2573225,0.2502465,5.509943,5.515152,5.67,NaN,0,6.174667,-7,-8
170059,88202494,0.2589542,0.0002374649,0.2576378,0.2502465,5.503384,5.511116,5.77,NaN,0,6.172614,-7,-7
170502,88309891,0.2509826,0.0001708567,0.2537324,0.2502465,5.496798,5.507759,5.54,NaN,0,6.171089,-7,-6
170947,88414559,0.2515202,0.0001685917,0.2503668,0.2502465,5.490402,5.506205,5.66,NaN,0,6.171381,-8,-5
171391,88522423,0.257122,0.0002020001,0.2531305,0.2502465,5.484057,5.504921,5.73,NaN,0,6.172226,-9,-6
171805,88629305,0.2635922,0.0002601147,0.2579779,0.2502465,5.477543,5.503528,5.8,NaN,0,6.173251,-9,-8
172244,88739279,0.2547958,0.0003655255,0.2570463,0.2502465,5.47107,5.503787,5.72,NaN,0,6.175722,-10,-8
172690,88848007,0.2480937,0.0003801882,0.2523295,0.2502465,5.46464,5.504927,5.76,NaN,0,6.179152,-10,-7
173134,88957765,0.2462873,0.0003488511,0.247492,0.2502465,5.45815,5.505103,5.84,NaN,0,6.181471,-11,-7
173579,89069124,0.2480175,0.0002715588,0.2481735,0.2502465,5.451471,5.506917,5.84,NaN,0,6.185436,-12,-8
174029,89176457,0.252297,0.0002505481,0.2491944,0.2502465,5.44487,5.510204,5.66,NaN,0,6.191104,-13,-9
174473,89284998,0.2485278,0.0002535135,0.2497732,0.2502465,5.43834,5.510995,5.93,NaN,0,6.19391,-14,-10
174917,89390890,0.2542008,0.0003123581,0.2526561,0.2502465,5.431855,5.508818,5.79,NaN,0,6.193686,-14,-12
175328,89498954,0.2566853,0.0001633465,0.2533513,0.2502465,5.425235,5.507963,5.52,NaN,0,6.195012,-15,-13
175776,89605334,0.2605017,8.660555e-05,0.2577024,0.2502465,5.41854,5.500299,5.81,NaN,0,6.1896,-15,-15
176224,89715012,0.2589785,0.0003780127,0.2595296,0.2502465,5.411883,5.491228,5.84,NaN,0,6.18258,-14,-16
176637,89819984,0.2507227,0.0007328987,0.255832,0.2502465,5.405278,5.483707,5.78,NaN,0,6.177173,-14,-15
177079,89929047,0.2546327,0.0009604692,0.2549821,0.2502465,5.398582,5.478166,5.78,NaN,0,6.173539,-14,-15
177494,90033915,0.2457659,0.0008399934,0.2508065,0.2502465,5.391946,5.474176,5.58,NaN,0,6.171151,-15,-14
177940,90143314,0.2430329,0.0006277859,0.2463161,0.2502465,5.38548,5.470106,5.71,NaN,0,6.168912,-15,-12
178387,90250443,0.2477011,0.0005046129,0.2448658,0.2502465,5.378876,5.465893,5.84,NaN,0,6.166309,-15,-12
178831,90359961,0.249016,0.0004151762,0.2464356,0.2502465,5.372272,5.459524,5.53,NaN,0,6.161558,-15,-13
179280,90474961,0.2409009,0.0004451275,0.2478455,0.2502465,5.365339,5.452133,5.49,NaN,0,6.156158,-15,-13
179729,90582480,0.2514381,0.0005209148,0.2453413,0.2502465,5.358842,5.442914,5.32,NaN,0,6.148282,-15,-13
180176,90690950,0.2483432,0.0005144477,0.2471949,0.2502465,5.352258,5.430162,5.63,NaN,0,6.13714,-14,-13
180623,90798884,0.2521518,0.0005086362,0.2482431,0.2502465,5.345654,5.415389,5.39,NaN,0,6.123846,-13,-14
181067,90905237,0.2513999,0.0005201697,0.250249,0.2502465,5.339194,5.399495,5.64,NaN,0,6.109639,-12,-14
181482,91011856,0.2582517,0.00053069,0.2530016,0.2502465,5.332802,5.383175,5.14,NaN,0,6.095218,-11,-13
181931,91122256,0.251164,0.0004941523,0.25169,0.2502465,5.326418,5.366558,5.22,NaN,0,6.080211,-10,-12
182375,91228282,0.2555988,0.0005057752,0.250279,0.2502465,5.31988,5.351439,5.02,NaN,0,6.066564,-10,-11
182821,91335414,0.2569697,0.0006183385999999999,0.2526905,0.2502465,5.313274,5.335621,5.22,NaN,0,6.052082,-9,-12
183268,91441240,0.2571977,0.001024246,0.256252,0.2502465,5.306765,5.319331,5.34,NaN,0,6.037394,-8,-11
183682,91549549,0.264882,0.002521336,0.263745,0.2502465,5.300127,5.305933,5.3,NaN,0,6.025194,-7,-12
184131,91657926,0.2766121,0.004807115,0.270676,0.2502465,5.293628,5.291886,5.05,NaN,0,6.012452,-6,-12
184543,91765770,0.2643767,0.005437702,0.2734219,0.2502465,5.287252,5.276749,5.18,NaN,0,5.998481,-5,-11
184987,91872235,0.2605147,0.004644006,0.2685176,0.2502465,5.280583,5.26308,4.96,NaN,0,5.985545,-5,-9
185431,91978852,0.2538069,0.003332615,0.2632962,0.2502465,5.273867,5.249726,4.99,NaN,0,5.972687,-4,-7
185843,92086138,0.2524632,0.002476484,0.2586712,0.2502465,5.267045,5.238367,5.13,NaN,0,5.961747,-4,-5
186289,92190472,0.2410958,0.002000421,0.2506761,0.2502465,5.260239,5.230498,5.08,NaN,0,5.954215,-4,-2
186731,92297731,0.2392951,0.001942605,0.2440602,0.2502465,5.253451,5.225257,5.69,NaN,0,5.949172,-4,-1
187179,92403497,0.2246245,0.001464963,0.2387475,0.2502465,5.246675,5.223976,5.43,NaN,0,5.948134,-4,1
187624,92512271,0.23277,0.001229748,0.2314536,0.2502465,5.239781,5.22541,4.98,NaN,0,5.949661,-5,1
188073,92618935,0.2438878,0.00153102,0.2424864,0.2502465,5.23272,5.224684,4.99,NaN,0,5.948896,-6,-2
188519,92728079,0.2407951,0.00147368,0.2465286,0.2502465,5.225909,5.220967,4.84,NaN,0,5.94534,-6,-3
188930,92833737,0.2478254,0.0007232726000000001,0.2478913,0.2502465,5.219046,5.214782,5.15,NaN,0,5.93904,-6,-5
189375,92944583,0.2414251,2.209842e-05,0.2472,0.2502465,5.21217,5.206352,5.12,NaN,0,5.93077,-6,-6
189823,93050839,0.2308678,0.0001867414,0.2387689,0.2502465,5.20529,5.1998,5.69,NaN,0,5.924668,-6,-4
190268,93160323,0.253461,0.0003858805,0.2400114,0.2502465,5.198415,5.194099,5.23,NaN,0,5.919151,-6,-4
190677,93267911,0.255818,0.0001573861,0.249688,0.2502465,5.191496,5.187398,5.21,NaN,0,5.913144,-6,-7
191123,93373753,0.2614903,1.478195e-05,0.256377,0.2502465,5.184592,5.17935,5.3,NaN,0,5.905935,-6,-9
191567,93482248,0.2528018,6.079674e-06,0.2548355,0.2502465,5.177758,5.170439,5.65,NaN,0,5.897802,-6,-9
192014,93588115,0.2585208,9.000301e-06,0.2558332,0.2502465,5.171042,5.163672,5.5,NaN,0,5.891905,-6,-7
192426,93694778,0.2596941,2.101064e-05,0.2573076,0.2502465,5.164299,5.158043,5.68,NaN,0,5.887062,-6,-9
192873,93800885,0.2473662,0.0001888424,0.2531899,0.2502465,5.157662,5.154624,5.5,NaN,0,5.88452,-6,-6
193283,93908538,0.2511654,0.0006135404,0.2487544,0.2502465,5.150997,5.152701,5.71,NaN,0,5.883536,-7,-6
193730,94015246,0.2554919,0.001041263,0.2536585,0.2502465,5.144362,5.150638,5.75,NaN,0,5.882494,-7,-7
194141,94122289,0.2547541,0.00120464,0.2572774,0.2502465,5.137862,5.147347,5.62,NaN,0,5.880349,-7,-7
194588,94227901,0.2598388,0.00114435,0.2571469,0.2502465,5.131384,5.144534,5.33,NaN,0,5.878619,-8,-8
195030,94336036,0.256804,0.0009460449,0.2578305,0.2502465,5.125258,5.141178,5.65,NaN,0,5.876201,-8,-9
195477,94443439,0.258187,0.0007994771,0.2604106,0.2502465,5.118737,5.137801,5.42,NaN,0,5.873687,-8,-9
195889,94550373,0.2514028,0.0006147027,0.2576993,0.2502465,5.112195,5.133063,5.58,NaN,0,5.869864,-9,-8
196341,94657413,0.2470545,0.0005660206,0.2454499,0.2502465,5.105601,5.130152,5.77,NaN,0,5.867815,-9,-6
196748,94765075,0.2664116,0.0007592738,0.2514914,0.2502465,5.099028,5.126343,5.52,NaN,0,5.865074,-9,-8
197191,94872736,0.2622693,0.001004249,0.2606927,0.2502465,5.092613,5.120317,5.36,NaN,0,5.859894,-9,-11
197605,94978280,0.2622891,0.00175932,0.263727,0.2502465,5.086066,5.113817,5.43,NaN,0,5.854165,-9,-11
198050,95086553,0.2567186,0.002384126,0.258545,0.2502465,5.079486,5.105638,5.53,NaN,0,5.846619,-9,-10
198496,95192852,0.2483934,0.002311096,0.2512073,0.2502465,5.072674,5.097589,5.19,NaN,0,5.839394,-9,-8
198936,95300861,0.2449588,0.001824617,0.2487123,0.2502465,5.065716,5.089591,5.54,NaN,0,5.832145,-9,-7
199352,95406294,0.2411943,0.001401603,0.2458168,0.2502465,5.058774,5.081415,5.44,NaN,0,5.82435,-9,-7
199794,95515488,0.242384,0.00117597,0.2460961,0.2502465,5.05196,5.072853,5.57,NaN,0,5.816238,-9,-7
200245,95620278,0.239035,0.0009241849,0.2431398,0.2502465,5.044926,5.066492,5.27,NaN,0,5.810327,-9,-7
200655,95728206,0.2376168,0.0008476824,0.2382447,0.2502465,5.038085,5.059657,5.33,NaN,0,5.803927,-9,-7
201102,95834568,0.2698541,0.001337379,0.2566088,0.2502465,5.031023,5.04959,5.13,NaN,0,5.794432,-9,-10
201527,95942993,0.2692498,0.001117468,0.2674397,0.2502465,5.02394,5.035912,5.14,NaN,0,5.780975,-8,-13
201973,96051017,0.2587633,0.0005344152,0.2653086,0.2502465,5.016859,5.021442,5.23,NaN,0,5.766788,-7,-11
202415,96157967,0.2410543,0.0003490597,0.2542205,0.2502465,5.009895,5.010003,5.6,NaN,0,5.75557,-7,-9
202829,96261370,0.2399954,0.0004471987,0.2470546,0.2502465,5.003005,5.00486,5.26,NaN,0,5.75093,-7,-6
203267,96368880,0.2529335,0.0006149411,0.2448581,0.2502465,4.996085,4.99975,5.5,NaN,0,5.745691,-7,-5
203680,96476401,0.257596,0.0008461177,0.2526595,0.2502465,4.989169,4.996603,5.07,NaN,0,5.742719,-8,-7
204123,96584136,0.2515392,0.001193315,0.2555569,0.2502465,4.982298,4.99556,5.26,NaN,0,5.741416,-8,-7
204567,96691863,0.2520581,0.001266718,0.2513083,0.2502465,4.975443,4.993702,5.34,NaN,0,5.739033,-9,-7
205012,96796930,0.2539523,0.001115024,0.2557577,0.2502465,4.968601,4.990626,5.24,NaN,0,5.735148,-9,-8
205423,96902367,0.2459244,0.0007819235,0.2514037,0.2502465,4.961932,4.987299,5.5,NaN,0,5.73102,-9,-8
205872,97008276,0.2515356,0.0004842877,0.2489495,0.2502465,4.955231,4.985005,5.6,NaN,0,5.728047,-9,-7
206314,97116916,0.2424096,0.000353992,0.2443959,0.2502465,4.948659,4.983105,5.12,NaN,0,5.725063,-10,-6
206758,97222750,0.244559,0.0002460927,0.2423795,0.2502465,4.941946,4.979545,5.19,NaN,0,5.720435,-10,-7
207200,97331774,0.2442714,0.0003196448,0.2447382,0.2502465,4.935214,4.976573,5.26,NaN,0,5.716387,-11,-8
207646,97438253,0.2468106,0.0003895164,0.2474558,0.2502465,4.928483,4.973101,4.96,NaN,0,5.711709,-11,-9
208056,97546479,0.2463462,0.0004151016,0.250991,0.2502465,4.921856,4.967212,5.17,NaN,0,5.704623,-11,-10
208506,97658265,0.2542822,0.0003620982,0.2511416,0.2502465,4.914981,4.958562,5.24,NaN,0,5.694806,-11,-11
208954,97765542,0.2492829,0.0002368689,0.250317,0.2502465,4.908342,4.946505,5.25,NaN,0,5.681703,-10,-11
209364,97870956,0.2538617,0.0002625883,0.2519922,0.2502465,4.901674,4.936052,4.78,NaN,0,5.67029,-10,-12
209807,97979043,0.2449068,0.0003614724,0.2496552,0.2502465,4.895004,4.924268,5.13,NaN,0,5.657261,-10,-10
210218,98086086,0.2519111,0.0004616976,0.2494652,0.2502465,4.88831,4.914103,5.02,NaN,0,5.645868,-9,-10
210663,98191888,0.2583639,0.0008136034,0.2541743,0.2502465,4.881662,4.904597,5.18,NaN,0,5.63534,-9,-11
211103,98300119,0.2598114,0.0009483695,0.2611756,0.2502465,4.875476,4.89432,5.06,NaN,0,5.623629,-7,-10
211516,98407971,0.2504158,0.0008397698,0.2556204,0.2502465,4.870317,4.885692,4.94,NaN,0,5.613833,-6,-8
211957,98514930,0.2618439,0.0007944703,0.2569226,0.2502465,4.866155,4.878012,5.29,NaN,0,5.604673,-5,-7
212404,98621533,0.2577767,0.0006599426,0.2584862,0.2502465,4.862613,4.870897,5,NaN,0,5.596185,-4,-6
212845,98731327,0.2609329,0.0006381273,0.2594756,0.2502465,4.859685,4.865996,5.15,NaN,0,5.589659,-3,-5
213293,98838777,0.245375,0.0005661249,0.2545904,0.2502465,4.857264,4.863474,5.25,NaN,0,5.585581,-2,-3
213733,98946914,0.2426279,0.0006732196,0.2483162,0.2502465,4.855311,4.863977,4.87,NaN,0,5.584253,-2,-1
214148,99053480,0.2471066,0.000849843,0.2474663,0.2502465,4.85365,4.865687,5.16,NaN,0,5.584284,-2,0
214588,99160077,0.2419565,0.0008308291,0.2446081,0.2502465,4.852276,4.86742,4.89,NaN,0,5.584392,-2,0
215033,99265956,0.2479763,0.0008542538,0.2463464,0.2502465,4.85114,4.869442,5.08,NaN,0,5.584582,-2,0
215474,99374131,0.2516933,0.0008234382,0.2492425,0.2502465,4.850202,4.86442,4.77,NaN,0,5.577669,-2,-1
215883,99480322,0.2361383,0.0005488098,0.2458724,0.2502465,4.849445,4.858941,5.27,NaN,0,5.569924,-1,0
216330,99587574,0.2369749,0.0003118217,0.2400161,0.2502465,4.848801,4.852674,5.03,NaN,0,5.561543,-1,1
216771,99695166,0.2406093,0.0002258718,0.2392359,0.2502465,4.848268,4.849757,4.96,NaN,0,5.556353,0,1
217216,99800919,0.2427599,0.0002635717,0.2424661,0.2502465,4.847827,4.847743,5.29,NaN,0,5.552172,0,0
217627,99908913,0.2400617,0.0003443509,0.2436344,0.2502465,4.847463,4.851736,5.53,NaN,0,5.55396,0,0
218074,100014282,0.2253442,0.0003517419,0.235716,0.2502465,4.847162,4.865427,5.15,NaN,0,5.565537,-2,2
218517,100121547,0.2334703,0.0004448891,0.2316472,0.2502465,4.846926,4.883042,5.13,NaN,0,5.581139,-3,2
218960,100227255,0.2405036,0.0005525053,0.233819,0.2502465,4.846718,4.900989,5.04,NaN,0,5.597125,-5,0
219402,100337048,0.2360919,0.000777185,0.2383376,0.2502465,4.846547,4.91515,4.94,NaN,0,5.609058,-7,-1
219846,100442916,0.223414,0.000918895,0.232431,0.2502465,4.846405,4.922802,4.9,NaN,0,5.614628,-7,-3
220290,100550576,0.2527644,0.001154184,0.2390476,0.2502465,4.846285,4.923785,5.25,NaN,0,5.61323,-7,-6
220736,100655767,0.2373101,0.001175657,0.2441778,0.2502465,4.846188,4.9232,5.06,NaN,0,5.61076,-7,-7
221143,100762241,0.2273656,0.001091585,0.2391556,0.2502465,4.846109,4.922718,5.06,NaN,0,5.607906,-7,-7
221592,100869077,0.2365195,0.001161754,0.2359592,0.2502465,4.846044,4.923215,4.78,NaN,0,5.597615,-7,-7
222036,100978565,0.2337154,0.001089424,0.2352146,0.2502465,4.845989,4.91668,4.77,NaN,0,5.575425,-7,-6
222452,101086751,0.2416909,0.001033738,0.2393145,0.2502465,4.845942,4.907263,4.82,NaN,0,5.550268,-6,-7
222897,101192280,0.2368676,0.000960499,0.2446581,0.2502465,4.845908,4.895699,4.62,NaN,0,5.521973,-5,-7
223338,101300972,0.2306936,0.0006352961,0.2372696,0.2502465,4.845875,4.882057,4.76,NaN,0,5.49176,-3,-4
223783,101407085,0.2383431,0.0004575849,0.2378045,0.2502465,4.845852,4.870805,4.88,NaN,0,5.464013,-2,-3
224189,101512449,0.2407579,0.0004035085,0.2360936,0.2502465,4.845829,4.861469,5.02,NaN,0,5.439624,-1,-3
224638,101618488,0.2374533,0.0005541593,0.2379827,0.2502465,4.845812,4.85521,4.52,NaN,0,5.417793,0,-1
225079,101725122,0.2484757,0.001001239,0.2445585,0.2502465,4.845801,4.84596,5.01,NaN,0,5.393643,0,-4
225524,101831350,0.2489059,0.001337439,0.2500082,0.2502465,4.845789,4.837214,6.27,NaN,0,5.368326,0,-3
225966,101939998,0.2460244,0.001400992,0.2473299,0.2502465,4.845778,4.84216,6.03,NaN,0,5.356785,0,-1
226415,102044945,0.2395547,0.001262277,0.2413143,0.2502465,4.845766,4.863855,5.3,NaN,0,5.361756,-1,0
226825,102152546,0.2497797,0.001094967,0.2413465,0.2502465,4.845755,4.880446,4.6,NaN,0,5.360106,-3,-1
227233,102262935,0.235619,0.0009644628,0.24444,0.2502465,4.845751,4.89319,4.79,NaN,0,5.355287,-4,-2
227679,102370279,0.203196,0.0006695688,0.2283602,0.2502465,4.845751,4.89782,4.77,NaN,0,5.342353,-5,0
228126,102483374,0.2323242,0.0009278208,0.2222922,0.2502465,4.845751,4.901852,4.23,NaN,0,5.329662,-5,0
228574,102589757,0.2555021,0.001156777,0.2381915,0.2502465,4.845751,4.897104,4.38,NaN,0,5.30819,-5,-4
229019,102698862,0.248933,0.001064688,0.2473188,0.2502465,4.845751,4.886761,4.49,NaN,0,5.281795,-4,-6
229430,102803083,0.2493097,0.0009302199,0.2456097,0.2502465,4.845751,4.876104,4.7,NaN,0,5.256917,-3,-5
229873,102911547,0.2529247,0.0007258356,0.2448581,0.2502465,4.845751,4.865261,4.52,NaN,0,5.230937,-1,-4
230319,103017720,0.2388589,0.0009012073,0.2445943,0.2502465,4.845751,4.855933,4.43,NaN,0,5.207983,-1,-4
230736,103126953,0.2509049,0.001400977,0.2464861,0.2502465,4.845751,4.847407,4.57,NaN,0,5.185923,0,-3
231181,103234552,0.2571096,0.001748234,0.252881,0.2502465,4.845751,4.838995,4.48,NaN,0,5.165808,0,-4
231625,103345258,0.2432874,0.001654223,0.2475323,0.2502465,4.845751,4.829928,4.63,NaN,0,5.144869,1,-1
232069,103452316,0.246325,0.001878753,0.2512892,0.2502465,4.845751,4.822047,4.16,NaN,0,5.126108,2,-1
232479,103561413,0.2558109,0.002240568,0.2566889,0.2502465,4.845751,4.811122,4.3,NaN,0,5.105151,3,-2
232928,103668470,0.2512982,0.002347559,0.2567051,0.2502465,4.845751,4.801227,4.58,NaN,0,5.088732,4,0
233367,103776584,0.2562304,0.00253281,0.2564363,0.2502465,4.845751,4.79445,4.37,NaN,0,5.073418,5,1
233779,103883943,0.2570925,0.002467602,0.2590655,0.2502465,4.845751,4.788634,4.49,NaN,0,5.061751,5,0
234225,103991110,0.2469614,0.00226441,0.2572714,0.2502465,4.845751,4.783473,4.27,NaN,0,5.05157,6,2
234668,104099766,0.2560795,0.002027154,0.2532123,0.2502465,4.845751,4.780368,4.25,NaN,0,5.045115,6,4
235084,104205856,0.2477005,0.001219422,0.2515515,0.2502465,4.845751,4.779035,4.37,NaN,0,5.041279,6,4
235524,104315087,0.2511871,0.001025736,0.2517496,0.2502465,4.845751,4.778995,4.64,NaN,0,5.038729,6,5
235969,104423136,0.2580412,0.001054883,0.2529736,0.2502465,4.845751,4.779905,4.59,NaN,0,5.037129,6,5
236413,104530973,0.2559567,0.0009862483,0.2567618,0.2502465,4.845751,4.781134,4.65,NaN,0,5.037519,6,5
236858,104638309,0.2503711,0.0009709597,0.2549355,0.2502465,4.845751,4.783266,4.66,NaN,0,5.037896,6,6
237268,104745907,0.2371638,0.00150843,0.2460246,0.2502465,4.845751,4.786698,4.74,NaN,0,5.040253,5,7
237712,104852164,0.2332793,0.002427235,0.2403571,0.2502465,4.845751,4.792957,4.64,NaN,0,5.046344,5,8
238153,104959212,0.2376241,0.003927171,0.2460779,0.2502465,4.845751,4.798399,4.83,NaN,0,5.051466,4,8
238597,105068280,0.2407078,0.004409075,0.243036,0.2502465,4.845751,4.804172,4.8,NaN,0,5.056582,4,7
239042,105174801,0.2261354,0.003813133,0.2403239,0.2502465,4.845751,4.80954,4.68,NaN,0,5.061981,3,7
239460,105281120,0.2407682,0.00373213,0.2411298,0.2502465,4.845751,4.815145,4.67,NaN,0,5.068203,3,7
239872,105388127,0.2433684,0.003565714,0.2395821,0.2502465,4.845751,4.818016,4.91,NaN,0,5.07061,2,5
240313,105495438,0.2478215,0.003325,0.2449747,0.2502465,4.845751,4.820478,5.3,NaN,0,5.071691,2,3
240760,105602549,0.2377027,0.002848774,0.2469988,0.2502465,4.845751,4.823637,5.5,NaN,0,5.075658,2,2
241202,105710918,0.2459727,0.002961189,0.2471356,0.2502465,4.845751,4.827549,5.61,NaN,0,5.079372,1,1
241647,105819083,0.2479085,0.002978668,0.2517121,0.2502465,4.845751,4.832808,5.93,NaN,0,5.083684,1,0
242056,105926275,0.256197,0.003275335,0.2567489,0.2502465,4.845751,4.839015,5.45,NaN,0,5.088534,0,-1
242504,106032913,0.2573743,0.003547937,0.2576901,0.2502465,4.845751,4.844188,5.08,NaN,0,5.093272,0,-2
242946,106140443,0.2632227,0.003876299,0.2610784,0.2502465,4.845751,4.844949,5.36,NaN,0,5.092591,0,-2
243390,106246006,0.2405161,0.003304079,0.2560151,0.2502465,4.845751,4.844296,5.17,NaN,0,5.091267,0,-1
243801,106352550,0.2255422,0.002892658,0.2370454,0.2502465,4.845751,4.84379,4.65,NaN,0,5.088991,0,3
244243,106460546,0.252453,0.003081381,0.2399781,0.2502465,4.845751,4.844976,4.19,NaN,0,5.089017,0,2
244687,106568009,0.2561919,0.003107458,0.2529322,0.2502465,4.845751,4.83662,4.07,NaN,0,5.078822,0,-1
245103,106672904,0.2594354,0.003554136,0.2592736,0.2502465,4.845751,4.818065,4.18,NaN,0,5.059787,2,-1
245540,106779235,0.2700432,0.003814608,0.2648404,0.2502465,4.845751,4.790624,4.86,NaN,0,5.030263,5,-2
245982,106888527,0.2648616,0.00358057,0.2671421,0.2502465,4.845751,4.768134,5.62,NaN,0,5.006964,7,0
246428,106993690,0.2519023,0.003298104,0.2647152,0.2502465,4.845751,4.761905,4.69,NaN,0,4.999003,8,2
246840,107101908,0.2457955,0.002931952,0.2578706,0.2502465,4.845751,4.766754,4.74,NaN,0,5.001205,7,5
247285,107208898,0.2548896,0.002979636,0.2561281,0.2502465,4.845751,4.771967,4.34,NaN,0,5.005373,7,6
247726,107315887,0.255157,0.002989113,0.2551697,0.2502465,4.845751,4.772472,4.89,NaN,0,5.003063,7,8
248172,107421858,0.236051,0.002596825,0.2472294,0.2502465,4.845751,4.77487,5.35,NaN,0,5.004262,7,8
248581,107530762,0.2261656,0.002114877,0.2350746,0.2502465,4.845751,4.786901,5.52,NaN,0,5.01476,5,12
249026,107638219,0.2230928,0.002021044,0.2266794,0.2502465,4.845751,4.810117,4.52,NaN,0,5.034604,3,13
249467,107745968,0.2255523,0.002022967,0.2282784,0.2502465,4.845751,4.830229,4.33,NaN,0,5.054952,1,10
249913,107853972,0.2453177,0.002145812,0.2326199,0.2502465,4.845751,4.837953,4.26,NaN,0,5.060151,0,7
250353,107961566,0.2601987,0.002235323,0.2503996,0.2502465,4.845751,4.83398,4.48,NaN,0,5.056178,1,1
250800,108069463,0.2656594,0.001643956,0.2600296,0.2502465,4.845751,4.822008,4.61,NaN,0,5.042359,2,-2
251208,108177106,0.2534397,0.000616461,0.257494,0.2502465,4.845751,4.807604,4.81,NaN,0,5.026957,3,-1
251651,108284327,0.2516588,0.0001056194,0.2529501,0.2502465,4.845751,4.797859,4.77,NaN,0,5.015373,4,0
252096,108390775,0.2518852,1.770258e-05,0.2505394,0.2502477,4.845751,4.792042,4.82,NaN,0,5.006351,5,1
252507,108498727,0.2529959,1.829863e-05,0.2526143,0.2502607,4.845751,4.788965,4.84,NaN,0,5.000841,5,3
252954,108605356,0.2461442,2.503395e-05,0.2471887,0.2502607,4.845751,4.788741,4.64,NaN,0,4.997573,5,4
253395,108714133,0.2410919,8.206069e-05,0.2447661,0.2502225,4.845751,4.789866,4.92,NaN,0,4.995661,5,5
253841,108820447,0.244482,0.0001009256,0.2428171,0.2501635,4.845751,4.793351,5,NaN,0,4.995514,5,6
254282,108927085,0.2514309,0.0002138317,0.2510666,0.2501326,4.845751,4.797345,4.73,NaN,0,4.998318,4,4
254729,109032890,0.2537762,0.0004562736,0.253329,0.2501528,4.845751,4.799443,4.93,NaN,0,4.998714,4,3
255170,109141078,0.2509251,0.0007616282,0.2521423,0.2501828,4.845751,4.801138,4.39,NaN,0,4.999631,4,4
255615,109247505,0.2546715,0.000951916,0.2524571,0.2502027,4.845751,4.800094,4.73,NaN,0,4.997122,4,3
256055,109354434,0.251682,0.0008300245,0.255425,0.2502421,4.845751,4.793378,4.98,NaN,0,4.991406,5,2
256471,109467250,0.2582049,0.0007358789,0.2564543,0.250283,4.845751,4.789568,4.73,NaN,0,4.988001,5,3
256921,109573734,0.24298,0.0005228519,0.2525035,0.2503345,4.845751,4.785963,4.73,NaN,0,4.984861,5,4
257331,109682315,0.2438345,0.0005760491,0.2454987,0.2503198,4.845751,4.786755,4.8,NaN,0,4.988147,5,6
257776,109790042,0.2529794,0.0006288886,0.2495828,0.2502833,4.845751,4.787673,4.64,NaN,0,4.991408,5,5
258219,109896858,0.2458054,0.0006011426,0.2508783,0.2502882,4.845751,4.789796,4.8,NaN,0,4.995423,5,6
258665,110004900,0.2371981,0.0005360395,0.2440554,0.2502601,4.845751,4.793326,4.87,NaN,0,5.002554,5,7
259075,110111360,0.2492476,0.0006811917,0.2453011,0.2502037,4.845751,4.797287,4.89,NaN,0,5.011116,4,6
259519,110218320,0.2462388,0.0006373078,0.2469996,0.2501684,4.845751,4.800167,5.13,NaN,0,5.017909,4,6
259962,110327749,0.252892,0.0008173287,0.2470363,0.2501252,4.845751,4.805111,4.38,NaN,0,5.029163,4,4
260406,110432942,0.2532192,0.001645833,0.2522156,0.25012,4.845751,4.808318,4.96,NaN,0,5.037139,3,3
260817,110542135,0.250114,0.002432853,0.2513489,0.25012,4.845751,4.810362,4.55,NaN,0,5.044485,3,4
261263,110650213,0.2395767,0.002540961,0.2439877,0.25012,4.845751,4.813029,4.12,NaN,0,5.051608,3,3
261703,110756779,0.2335223,0.002586424,0.2479772,0.25012,4.845751,4.814205,4.53,NaN,0,5.058002,3,3
262118,110862913,0.2325559,0.002301887,0.2419066,0.25012,4.845751,4.813121,4.72,NaN,0,5.061221,3,5
262555,110970228,0.2501272,0.002194762,0.2398775,0.25012,4.845751,4.81247,4.86,NaN,0,5.066399,3,5
263000,111078261,0.2444727,0.002061144,0.2514434,0.25012,4.845751,4.811374,4.69,NaN,0,5.070148,3,2
263442,111185437,0.2175617,0.001342058,0.2366756,0.25012,4.845751,4.811465,4.59,NaN,0,5.074923,3,6
263850,111292099,0.222632,0.0003743172,0.2298136,0.2500327,4.845751,4.812668,4.95,NaN,0,5.079956,3,7
264294,111397988,0.2250386,6.973743e-06,0.2248394,0.2497842,4.845751,4.815993,4.88,NaN,0,5.087889,2,7
264706,111506129,0.2160067,0.0004043281,0.2191215,0.2495365,4.845751,4.821093,5.91,NaN,0,5.0963,2,9
265151,111611510,0.2194092,0.0008668303,0.2205879,0.2493145,4.845751,4.835216,4.64,NaN,0,5.114055,1,8
265594,111721250,0.2440778,0.0008158833,0.2285384,0.249193,4.845751,4.844629,4.64,NaN,0,5.127588,0,3
266007,111829577,0.2438327,0.000338465,0.241466,0.2490867,4.845751,4.841636,5.6,NaN,0,5.128867,0,-1
266449,111937310,0.2571462,0.0001153648,0.2502727,0.2490483,4.845751,4.834282,5.06,NaN,0,5.125495,1,-3
266899,112044202,0.2478695,6.769598e-05,0.2471461,0.2490477,4.845751,4.828368,4.95,NaN,0,5.121795,1,-2
267339,112152438,0.2522767,9.971857e-05,0.2494977,0.2490415,4.845751,4.82034,4.88,NaN,0,5.117909,2,-1
267783,112260722,0.2553547,8.782744e-05,0.2481676,0.2490288,4.845751,4.815469,4.88,NaN,0,5.1158,3,0
268223,112367755,0.2470579,2.267957e-05,0.2519932,0.2490444,4.845751,4.81217,4.58,NaN,0,5.115193,3,-1
268637,112480300,0.2536657,5.00679e-06,0.2506366,0.2490646,4.845751,4.809908,4.4,NaN,0,5.115007,3,0
269083,112586209,0.2544031,3.117323e-05,0.2526397,0.2490858,4.845751,4.808734,4.65,NaN,0,5.116915,3,0
269523,112693506,0.2550825,4.518032e-05,0.2575208,0.2491538,4.845751,4.80623,4.51,NaN,0,5.116799,3,0
269938,112799314,0.2503275,1.549721e-05,0.2555339,0.2492256,4.845751,4.803322,4.94,NaN,0,5.11644,4,1
270379,112907477,0.2426149,5.668402e-05,0.2512589,0.249267,4.845751,4.801684,4.69,NaN,0,5.11651,4,2
270793,113012894,0.2594464,0.0003618002,0.2501969,0.2492595,4.845751,4.800771,5.13,NaN,0,5.117459,4,2
271234,113122240,0.2463301,0.0009609312,0.2500277,0.2492852,4.845751,4.801756,5.01,NaN,0,5.121465,4,4
271647,113228208,0.2452945,0.001842931,0.246892,0.2492852,4.845751,4.806312,4.59,NaN,0,5.128203,3,6
272091,113336581,0.2529912,0.002553105,0.2500805,0.2492852,4.845751,4.808099,4.52,NaN,0,5.131875,3,4
272536,113443505,0.2480487,0.002548963,0.2522101,0.2492852,4.845751,4.807442,4.87,NaN,0,5.134346,3,3
272979,113552081,0.2541279,0.002203465,0.2541255,0.2492852,4.845751,4.805527,4.53,NaN,0,5.134254,4,3
273426,113659256,0.253566,0.001863033,0.2574866,0.2492852,4.845751,4.804236,4.76,NaN,0,5.134954,4,2
273837,113767768,0.2525062,0.001427233,0.2564305,0.2492852,4.845751,4.800279,4.55,NaN,0,5.133454,4,3
274286,113878123,0.2526843,0.001067847,0.2563768,0.2492852,4.845751,4.796052,4.76,NaN,0,5.132011,4,3
274728,113985550,0.2524299,0.000921458,0.2564287,0.2493215,4.845751,4.789596,4.88,NaN,0,5.12857,5,3
275174,114095504,0.2609992,0.0007517636,0.2583929,0.2493979,4.845751,4.788102,4.89,NaN,0,5.130333,5,3
275618,114201866,0.2618609,0.0004950166,0.2609225,0.2495046,4.845751,4.788277,4.99,NaN,0,5.134696,5,3
276058,114310948,0.257179,0.0001962483,0.2580724,0.249606,4.845751,4.793949,4.64,NaN,0,5.143939,5,3
276502,114416882,0.2603039,0.0001176596,0.25902,0.2496902,4.845751,4.798594,5.09,NaN,0,5.152925,4,4
276913,114523317,0.2594607,0.0002613366,0.2586434,0.2497739,4.845751,4.803876,4.87,NaN,0,5.16332,4,3
277359,114631503,0.2612154,0.0004023612,0.2599144,0.2498659,4.845751,4.808623,4.78,NaN,0,5.1724,3,2
277769,114742024,0.2607459,0.0002816319,0.2610728,0.2499624,4.845751,4.810506,4.75,NaN,0,5.182019,3,2
278214,114847462,0.259462,0.0001024008,0.2606999,0.2500755,4.845751,4.811365,4.57,NaN,0,5.189523,3,2
278657,114954537,0.2612311,1.15633e-05,0.2601818,0.2501763,4.845751,4.808346,4.73,NaN,0,5.193218,3,2
279075,115063866,0.2623641,6.973743e-06,0.2611229,0.2502694,4.845751,4.805606,4.73,NaN,0,5.198817,4,2
279518,115171306,0.2635732,0.0001142025,0.2625453,0.2503844,4.845751,4.802312,4.62,NaN,0,5.20216,4,2
279959,115279985,0.2638399,0.0005145370999999999,0.2635304,0.2505114,4.845751,4.799513,4.5,NaN,0,5.207525,4,2
280374,115387297,0.2623485,0.00113982,0.2640863,0.2506446,4.845751,4.798581,4.5,NaN,0,5.21291,4,3
280816,115496897,0.2567401,0.00146842,0.2613254,0.2507213,4.845751,4.79624,4.71,NaN,0,5.216803,4,4
281260,115602576,0.2553163,0.001554698,0.2582879,0.2507213,4.845751,4.797422,4.42,NaN,0,5.223058,4,5
281671,115710550,0.2563891,0.001634151,0.258092,0.2507213,4.845751,4.796836,4.59,NaN,0,5.227538,4,5
282117,115816984,0.260245,0.001918465,0.2604007,0.2507213,4.845751,4.795133,4.67,NaN,0,5.230504,5,4
282559,115926718,0.257113,0.002146065,0.2606504,0.2507213,4.845751,4.7943,4.46,NaN,0,5.234111,5,5
283007,116032692,0.2565235,0.002201706,0.258725,0.2507213,4.845751,4.795844,4.21,NaN,0,5.239927,4,5
283448,116142928,0.2542587,0.002034664,0.2574266,0.2507213,4.845751,4.796261,4.55,NaN,0,5.242618,4,5
283893,116247542,0.2590677,0.001714647,0.2580346,0.2507213,4.845751,4.797493,4.29,NaN,0,5.245796,4,5
284302,116356082,0.2596157,0.001325995,0.2595711,0.2507475,4.845751,4.798364,4.49,NaN,0,5.249391,4,4
284748,116460845,0.2602937,0.001063913,0.2599664,0.2508367,4.845751,4.799013,4.23,NaN,0,5.251512,4,4
285190,116568661,0.2584238,0.0009882152,0.2588705,0.2509227,4.845751,4.801388,4.39,NaN,0,5.257053,4,5
285635,116679514,0.2461173,0.0008406341,0.253526,0.2509384,4.845406,4.803744,4.62,NaN,0,5.261652,2,3
286079,116787527,0.2324681,0.0006084293,0.2445822,0.2509384,4.842943,4.805949,4.65,NaN,0,5.265017,0,1
286489,116895230,0.2196796,0.0004243553,0.230254,0.2509384,4.835504,4.804907,4.49,NaN,0,5.266821,-8,-1
286903,117001333,0.2057441,0.0002824664,0.2124124,0.2509384,4.820248,4.797423,4.23,NaN,0,5.260344,-19,-9
287317,117110230,0.1896745,0.0002889186,0.2007834,0.2509384,4.793752,4.777477,4.27,NaN,0,5.243091,-33,-21
287761,117217474,0.1834251,0.0002789199,0.1898107,0.2509384,4.752722,4.741687,4.08,NaN,0,5.21007,-50,-37
288203,117327581,0.2087174,0.0003484786,0.1966526,0.2509384,4.696614,4.686499,4,NaN,0,5.157415,-65,-55
288646,117432652,0.2042426,0.0002620965,0.2060993,0.2509384,4.627468,4.616606,4.05,NaN,0,5.088522,-77,-71
289088,117540936,0.2129012,0.0002670139,0.2079445,0.2509384,4.54755,4.529614,4.05,NaN,0,5.004139,-87,-83
289532,117648230,0.2167476,0.0002737045,0.2129449,0.2509384,4.458697,4.430875,3.56,NaN,0,4.908093,-94,-95
289975,117756487,0.2266117,0.0002727956,0.2220435,0.2509384,4.362526,4.317911,3.63,NaN,0,4.796212,-100,-104
290382,117865074,0.2243394,0.0003341287,0.2259314,0.2509384,4.260272,4.186812,3.58,NaN,0,4.667807,-103,-110
290829,117971860,0.2445249,0.0005440712,0.2356564,0.2509384,4.152989,4.047218,3.26,NaN,0,4.530899,-104,-114
291274,118082250,0.2442369,0.0008715391,0.2428159,0.2509384,4.038627,3.894015,3.32,NaN,0,4.381235,-104,-117
291721,118188047,0.2586904,0.001086175,0.2491389,0.2509384,3.923758,3.747029,3.22,NaN,0,4.235943,-104,-119
292134,118297977,0.2445598,0.0007450283,0.2478902,0.2509384,3.806071,3.592484,3.23,NaN,0,4.083771,-103,-118
292578,118404106,0.2382031,0.0005129129,0.2425958,0.2509384,3.686039,3.445472,3.15,NaN,0,3.937598,-103,-114
293020,118513005,0.2367338,0.0004653335,0.2393719,0.2509384,3.564052,3.297855,3.02,NaN,0,3.792683,-102,-111
293464,118618911,0.2379405,0.000588119,0.2402846,0.2509384,3.440519,3.156702,2.63,NaN,0,3.652361,-102,-110
293905,118726097,0.2348617,0.0007065535,0.2379618,0.2509384,3.318992,3.018294,2.78,NaN,0,3.516333,-101,-108
294320,118833354,0.2328362,0.0007151663,0.2339982,0.2509384,3.193163,2.883144,2.6,NaN,0,3.38348,-101,-105
294764,118941909,0.2462029,0.0009371042,0.236554,0.2509384,3.06641,2.748338,2.35,NaN,0,3.249361,-102,-106
295209,119047739,0.2385835,0.001144394,0.2433468,0.2509384,2.938872,2.614504,2.25,NaN,0,3.117907,-102,-106
295654,119155429,0.2368738,0.00117287,0.2421983,0.2509384,2.810815,2.487279,2.18,NaN,0,2.992978,-102,-104
296064,119261872,0.2335409,0.001170233,0.2360671,0.2509384,2.682304,2.361585,1.7,NaN,0,2.868894,-103,-104
296510,119367743,0.2393662,0.001223847,0.2391097,0.2509384,2.553377,2.234934,1.99,NaN,0,2.743616,-104,-104
296951,119475564,0.2481754,0.00136137,0.2460259,0.2509384,2.427426,2.105938,1.86,NaN,0,2.615917,-104,-106
297477,119687414,0.2329507,0.0009826124,0.2418505,0.2509384,2.171308,1.856904,1.69,NaN,0,2.367097,-105,-107
297922,119795107,0.2317699,0.000629425,0.2377947,0.2509384,2.041212,1.734457,1.24,NaN,0,2.243101,-106,-106
298332,119901046,0.2397591,0.0004492998,0.2363302,0.2509384,1.914532,1.612117,1.44,NaN,0,2.118678,-106,-105
298779,120006578,0.2292481,0.0004427433,0.2344907,0.2509384,1.78428,1.486025,1.5,NaN,0,1.992037,-107,-104
299220,120114510,0.2313927,0.0003584772,0.2307957,0.2509384,1.653968,1.364368,1.41,NaN,0,1.870059,-108,-105
299665,120221499,0.2354283,0.0002142489,0.2334011,0.2509384,1.523627,1.249761,1.2,NaN,0,1.755139,-109,-105
300111,120330088,0.2376661,0.0001168698,0.234347,0.2509384,1.393232,1.12884,1.29,NaN,0,1.633669,-110,-107
300558,120437225,0.2320797,6.598234e-05,0.2339976,0.2509384,1.262809,1.011212,1.46,NaN,0,1.517498,-112,-109
300999,120544433,0.2343438,0.0001197308,0.2305393,0.2509384,1.132237,0.8928376,0.91,NaN,0,1.399574,-113,-108
301442,120650870,0.2350956,0.0001856983,0.2314283,0.2509384,1.001569,0.7761906,0.97,NaN,0,1.282767,-115,-111
301884,120760883,0.2367277,0.000159502,0.232647,0.2509384,0.8708118,0.6560965,0.75,NaN,0,1.162673,-116,-112
302298,120868478,0.2670788,0.0001443028,0.2464687,0.2509384,0.7406109,0.5367355,0.8100000000000001,NaN,0,1.043472,-115,-115
302741,120977244,0.2822249,0.0002031624,0.268225,0.2509384,0.6144408,0.4101366,0.78,NaN,0,0.9187956,-108,-114
303182,121085726,0.3048253,0.0004609227,0.2900949,0.2509384,0.4965885,0.292162,0.73,NaN,0,0.8019731,-97,-108
303594,121190525,0.3169491,0.0006572902,0.3043404,0.2509384,0.3913406,0.1979495,0.65,NaN,0,0.7089279000000001,-83,-95
304034,121299562,0.2977591,0.000643611,0.3086804,0.2509384,0.3045202,0.117832,0.34,NaN,0,0.6291308,-66,-76
304483,121405284,0.2820565,0.0004890859,0.291381,0.2509384,0.2306154,0.05981929,0.72,NaN,0,0.5733535,-53,-58
304925,121513448,0.2655841,0.0003868639,0.2803282,0.2509384,0.1724616,0.01478614,0.5,NaN,0,0.5294037,-43,-42
305367,121620123,0.2547058,0.0004456639,0.2648592,0.2509384,0.1214603,-0.01532386,0.21,NaN,0,0.5019793,-35,-29
305776,121727535,0.2571682,0.0004530847,0.2601216,0.2509384,0.08031407,-0.03754485,0.54,NaN,0,0.4801551,-28,-21
306222,121836742,0.2448339,0.0004103333,0.2527699,0.2509384,0.04529442,-0.05224849,0.25,NaN,0,0.4656039,-23,-13
306670,121944486,0.2417347,0.0004476756,0.2435468,0.2509384,0.01704161,-0.05936189,0.35,NaN,0,0.458811,-20,-6
307117,122050877,0.2482938,0.0005215555,0.2429603,0.2509384,-0.007004398,-0.06173993,0.64,NaN,0,0.4565855,-17,-5
307557,122157048,0.2439938,0.0006231219,0.2443616,0.2509384,-0.02688,-0.06141533,0.44,NaN,0,0.4562159,-15,-5
308004,122269288,0.250663,0.0007021129000000001,0.2485924,0.2509384,-0.04408947,-0.0603152,0.3,NaN,0,0.4574763,-13,-5
308449,122375242,0.2544477,0.0005454719,0.2517281,0.2509384,-0.05753322,-0.05833355,0.17,NaN,0,0.4581685,-12,-6
308900,122482991,0.2497641,0.0003010333,0.2545696,0.2509384,-0.06864534,-0.05872034,0.32,NaN,0,0.4570112,-11,-6
309340,122590550,0.2561323,0.0002342165,0.2531394,0.2509384,-0.07783023999999999,-0.05978116,0.22,NaN,0,0.454577,-10,-6
309749,122699119,0.2426898,0.0002787709,0.2501563,0.2509384,-0.08542213999999999,-0.06141326,0.37,NaN,0,0.4516479,-9,-6
310195,122806098,0.2384284,0.0003240556,0.243679,0.2509384,-0.09169736000000001,-0.05972015,0.24,NaN,0,0.4518915,-9,-4
310606,122911918,0.2378411,0.0002341717,0.2441006,0.2509384,-0.09688421999999999,-0.05659054,0.05,NaN,0,0.4545709,-8,-3
311052,123018279,0.2451073,0.0001400411,0.2435993,0.2509384,-0.1011896,-0.05382448,0.59,NaN,0,0.4561163,-8,-3
311494,123126869,0.2386732,0.0001183301,0.2449065,0.2509384,-0.1050089,-0.05140882,0.4,NaN,0,0.4581581,-9,-6
311938,123233429,0.2488418,0.0003267825,0.247136,0.2509384,-0.1085844,-0.04914288,0.12,NaN,0,0.4598976,-9,-5
312345,123340765,0.2364982,0.0005992353,0.2414819,0.2509384,-0.1118773,-0.04503673,0.17,NaN,0,0.4627068,-10,-5
312792,123447508,0.240266,0.0006323308,0.240362,0.2509384,-0.115004,-0.04309406,0.59,NaN,0,0.4640391,-10,-7
313203,123556104,0.2374619,0.0004836023,0.2419039,0.2509384,-0.1179118,-0.03926792,0.12,NaN,0,0.4681017,-10,-7
313650,123668962,0.2426142,0.0003418028,0.2407636,0.2509384,-0.1207467,-0.03733157,0.25,NaN,0,0.468352,-11,-8
314095,123775875,0.2420557,0.0003438145,0.2422881,0.2509384,-0.123427,-0.03626267,0.29,NaN,0,0.4694209,-11,-10
314539,123885964,0.224694,0.0003982782,0.2398913,0.2509384,-0.1263642,-0.03892466,-0.09,NaN,0,0.4667589,-12,-10
314987,123991131,0.2396366,0.0005519688,0.2371155,0.2509384,-0.1310804,-0.04390991,0.18,NaN,0,0.4615372,-14,-12
315399,124099991,0.2406484,0.0005757362,0.2400649,0.2509384,-0.1377687,-0.05299884,0.16,NaN,0,0.452372,-16,-15
315810,124205943,0.2167197,0.0004736334,0.2291127,0.2509384,-0.1470311,-0.06408492,-0.1,NaN,0,0.440973,-20,-17
316249,124312925,0.2267215,0.000449568,0.2259199,0.2509384,-0.160129,-0.08070412,-0.27,NaN,0,0.425483,-24,-22
316696,124420844,0.23237,0.0003586411,0.2295459,0.2509384,-0.1780066,-0.1039399,-0.06,NaN,0,0.4019344,-28,-26
317137,124527352,0.2297045,6.182492000000001e-05,0.2299206,0.2509384,-0.1994291,-0.131296,-0.27,NaN,0,0.3741053,-30,-30
317552,124633926,0.2359261,3.841519e-05,0.2320526,0.2509384,-0.223743,-0.1630465,-0.23,NaN,0,0.342042,-33,-33
317992,124742759,0.2227932,4.531443e-05,0.2327909,0.2509384,-0.250467,-0.2010258,-0.28,NaN,0,0.3037422,-34,-35
318437,124848382,0.2301719,1.616776e-05,0.229647,0.2509384,-0.2791803,-0.2398749,0.18,NaN,0,0.2671133,-35,-35
318879,124957319,0.2111242,2.844632e-05,0.2249703,0.2509384,-0.3093693,-0.2759681,-0.23,NaN,0,0.2316304,-35,-35
319291,125062532,0.2208895,0.0001599342,0.2225104,0.2509384,-0.3409305,-0.3098058,-0.24,NaN,0,0.1983268,-36,-34
319738,125169423,0.2192247,0.0003384501,0.2213899,0.2509384,-0.3735518,-0.3463628,-1.28,NaN,0,0.1631431,-37,-34
320149,125279672,0.1663757,0.0002335459,0.2146921,0.2509384,-0.4080751,-0.3869921,-0.59,NaN,0,0.1245738,-37,-31
320596,125387103,0.0009498745,7.863855e-07,0.07453281,0.2509384,-0.4427204,-0.4028281,-0.41,NaN,0,0.1100424,-41,-2
321039,125494241,0.07155864000000001,6.728619000000001e-05,0.09348326,0.2509384,-0.4807701,-0.4118932,-0.65,NaN,0,0.1026557,-50,-12
321484,125599563,-0.06899473,-9.290874e-06,0.02438568,0.2509384,-0.5264682000000001,-0.4291928,-0.98,NaN,0,0.08621060999999999,-63,-9
321895,125708671,-0.1010426,-1.662225e-05,0,0.2509384,-0.5388798,-0.4463499,-0.84,NaN,0,0.06905347000000001,-65,-7
322339,125814555,-0.1182893,-1.541525e-05,0,0.2509384,-0.5388798,-0.463643,-0.36,NaN,0,0.0534389,-64,-8
322784,125924230,-0.1202284,-1.496077e-05,0,0.2509384,-0.5388798,-0.477154,-0.49,NaN,0,0.03992787,-62,-6
323196,126029292,-0.1251033,-1.581013e-05,0,0.2509384,-0.5388798,-0.4874979,-0.63,NaN,0,0.0303545,-61,-7
323638,126137650,-0.1217145,-1.584738e-05,0,0.2509384,-0.5388798,-0.4965404,-0.25,NaN,0,0.02299818,-60,-6
324082,126244737,-0.1218803,-1.496822e-05,0,0.2509384,-0.5388798,-0.5037282,-0.4,NaN,0,0.01588669,-60,-6
324491,126352890,-0.1230004,-1.619011e-05,0,0.2509384,-0.5388798,-0.5082319,-0.06,NaN,0,0.01138291,-59,-6
324940,126460543,-0.1194993,-1.498312e-05,0,0.2509384,-0.5388798,-0.5122366,-0.63,NaN,0,0.007301956,-59,-7
325378,126569711,-0.1246559,-1.707673e-05,0,0.2509384,-0.5388798,-0.5123749,-0.58,NaN,0,0.008010477,-59,-7
325788,126676954,-0.1115622,-1.331419e-05,0,0.2509384,-0.5388798,-0.5149969,-0.4,NaN,0,0.005388528,-59,-6
326235,126784535,-0.109963,-1.304597e-05,0,0.2509384,-0.5388798,-0.5157598,-0.51,NaN,0,0.005464882,-59,-7
326678,126891122,-0.06607676,-1.018494e-05,0,0.2509384,-0.5179749,-0.5179749,-0.25,NaN,0,0.00494352,-7,-7
327127,126996472,-0.03665927,-5.073845e-06,0,0.2509384,-0.519272,-0.519272,-0.21,NaN,0,0.004493266,-6,-6
327567,127102286,-0.02065647,-3.034249e-06,0,0.2509384,-0.5202599999999999,-0.5202599999999999,-0.38,NaN,0,0.005191296,-7,-7
328015,127206922,-0.01146042,-1.679175e-06,0,0.2509384,-0.5204412,-0.5204412,-0.19,NaN,0,0.005696803,-7,-7
328456,127312572,-0.006457776,-1.104549e-06,0,0.2509384,-0.5224942,-0.5224942,0.02,NaN,0,0.005337507,-7,-7
328903,127417879,-0.003583014,-6.437767e-07,0,0.2509384,-0.5236619,-0.5236619,-0.4,NaN,0,0.004017204,-8,-8
329311,127522717,-0.002019227,-2.903398e-07,0,0.2509384,-0.5248405,-0.5248405,-0.18,NaN,0,0.003677815,-7,-7
329757,127627799,-0.001120597,-1.844019e-07,0,0.2509384,-0.5253993,-0.5253993,-0.29,NaN,0,0.003729373,-6,-6
330197,127733096,-0.00063169,-9.895302000000001e-08,0,0.2509384,-0.5254282,-0.5254282,-0.24,NaN,0,0.005386561,-7,-7
330645,127838273,-0.0003508627,-5.922629e-08,0,0.2509384,-0.5254375,-0.5254375,-0.35,NaN,0,0.006071597,-6,-6
331088,127943242,-0.0002010167,-3.509922e-08,0,0.2509384,-0.526414,-0.526414,-0.41,NaN,0,0.006628603,-6,-6
331532,128048057,-0.0001118183,-1.733133e-08,0,0.2509384,-0.528165,-0.528165,-0.6,NaN,0,0.00571683,-7,-7
331974,128153509,-6.246567e-05,-1.142325e-08,0,0.2509384,-0.5305213,-0.5305213,-0.27,NaN,0,0.004977971,-7,-7
332422,128263995,-3.451109e-05,-5.81349e-09,0,0.2509384,-0.5332605,-0.5332605,-0.35,NaN,0,0.002841443,-7,-7
332867,128368576,-1.946092e-05,-3.141395e-09,0,0.2509384,-0.5354897,-0.5354897,-0.37,NaN,0,0.001451463,-7,-7
333309,128474113,-1.114607e-05,-1.934495e-09,0,0.2509384,-0.5382787,-0.5382787,-0.14,NaN,0,0.0002036393,-6,-6
333755,128578974,-6.556511e-06,-1.113222e-09,0,0.2509384,-0.5409909000000001,-0.5409909000000001,-0.23,NaN,0,2.43485e-05,-6,-6
334163,128684736,-4.082918e-06,-7.084964e-10,0,0.2509384,-0.5439973,-0.5439973,-0.44,NaN,0,-0.002287775,-7,-7
334608,128789553,-2.682209e-06,-4.815774e-10,0,0.2509384,-0.5465847,-0.5465847,-0.12,NaN,0,-0.002349764,-7,-7
335025,128895410,-2.205372e-06,-3.858531e-10,0,0.2509384,-0.5493498,-0.5493498,-0.64,NaN,0,-0.004420608,-7,-7
335477,129000911,-2.17557e-06,-3.742571e-10,0,0.2509384,-0.5536348,-0.5536348,-0.1,NaN,0,-0.00701949,-6,-6
335921,129107130,-2.17557e-06,-3.658442e-10,0,0.2509384,-0.5517991,-0.5517991,-0.53,NaN,0,-0.002803475,-7,-7
336371,129212534,-2.17557e-06,-3.524292e-10,0,0.2509384,-0.5495031,-0.5495031,-0.27,NaN,0,9.521842e-05,-6,-6
336786,129318506,-2.17557e-06,-3.551577e-10,0,0.2509384,-0.5470992,-0.5470992,-0.61,NaN,0,0.004955798,-7,-7
337239,129422526,-2.17557e-06,-3.749392e-10,0,0.2509384,-0.5464516,-0.5464516,-0.75,NaN,0,0.006457955,-7,-7
337686,129529293,-2.17557e-06,-3.669811e-10,0,0.2509384,-0.5514616,-0.5514616,-0.21,NaN,0,0.002973765,-7,-7
338136,129632881,-2.17557e-06,-3.612968e-10,0,0.2509384,-0.5532298,-0.5532298,-0.13,NaN,0,0.003578335,-7,-7
338583,129739001,-2.17557e-06,-3.562945e-10,0,0.2509384,-0.54972,-0.54972,-0.05,NaN,0,0.007942586999999999,-7,-7
339033,129844925,-2.17557e-06,-3.615241e-10,0,0.2509384,-0.5413924,-0.5413924,-0.35,NaN,0,0.01688054,-7,-7
339483,129949582,-2.17557e-06,-3.6448e-10,0,0.2509384,-0.5340282,-0.5340282,-0.51,NaN,0,0.02677014,-7,-7
339934,130054252,-2.17557e-06,-3.574314e-10,0,0.2509384,-0.532048,-0.532048,-0.28,NaN,0,0.03028378,-7,-7
340350,130160427,-2.17557e-06,-3.635705e-10,0,0.2509384,-0.526732,-0.526732,-0.68,NaN,0,0.03644666,-7,-7
340795,130265906,-2.17557e-06,-3.651621e-10,0,0.2509384,-0.5259492,-0.5259492,-0.68,NaN,0,0.03960982,-7,-7
341250,130372352,-2.17557e-06,-3.610694e-10,0,0.2509384,-0.5286977,-0.5286977,-0.61,NaN,0,0.0392417,-7,-7
341697,130481566,-2.17557e-06,-3.551577e-10,0,0.2509384,-0.5343419,-0.5343419,-0.54,NaN,0,0.03428414,-7,-7
342147,130584769,-2.17557e-06,-3.49246e-10,0,0.2509384,-0.5377071,-0.5377071,-0.37,NaN,0,0.03314671,-7,-7
342594,130689969,-2.17557e-06,-3.467449e-10,0,0.2509384,-0.5412444,-0.5412444,-0.55,NaN,0,0.03129551,-7,-7
343045,130794249,-2.17557e-06,-3.49246e-10,0,0.2509384,-0.5454149,-0.5454149,-0.79,NaN,0,0.02857462,-7,-7
343495,130899557,-2.17557e-06,-3.276455e-10,0,0.2509384,-0.5522242000000001,-0.5522242000000001,-0.29,NaN,0,0.0231463,-7,-7
343949,131004253,-2.17557e-06,-3.983587e-10,0,0.2509384,-0.5571361,-0.5571361,-0.35,NaN,0,0.01850901,-8,-8
344395,131109658,-2.17557e-06,-5.35465e-10,0,0.2509384,-0.5603053,-0.5603053,-0.17,NaN,0,0.01532457,-7,-7
344847,131213571,-2.17557e-06,-6.85759e-10,0,0.2509384,-0.5606255999999999,-0.5606255999999999,-0.29,NaN,0,0.01512633,-7,-7
345260,131320040,-2.17557e-06,-8.394636e-10,0,0.2509384,-0.5605914,-0.5605914,-0.5600000000000001,NaN,0,0.01515291,-8,-8
345713,131424952,-2.17557e-06,-1.107765e-09,0,0.2509384,-0.5639321,-0.5639321,-0.48,NaN,0,0.01194958,-8,-8
346159,131530490,-2.17557e-06,-1.186436e-09,0,0.2509384,-0.5681765,-0.5681765,-0.86,NaN,0,0.007827199999999999,-8,-8
346610,131634996,-2.17557e-06,-1.355829e-09,0,0.2509384,-0.5765847,-0.5765847,-0.49,NaN,0,-0.0004284009,-8,-8
347057,131740862,-2.17557e-06,-1.44928e-09,0,0.2509384,-0.5832193,-0.5832193,-0.45,NaN,0,-0.007017218,-8,-8
347508,131845933,-2.17557e-06,-1.521585e-09,0,0.2509384,-0.5888771,-0.5888771,-0.62,NaN,0,-0.01267513,-8,-8
347925,131950103,-2.17557e-06,-1.600711e-09,0,0.2509384,-0.594974,-0.594974,-0.63,NaN,0,-0.01850494,-8,-8
348379,132055278,-2.17557e-06,-1.649823e-09,0,0.2509384,-0.6025716,-0.6025716,-0.45,NaN,0,-0.02603384,-8,-8
348821,132162118,-2.17557e-06,-1.674834e-09,0,0.2509384,-0.608631,-0.608631,-0.51,NaN,0,-0.03195598,-7,-7
349265,132268736,-2.17557e-06,-1.656417e-09,0,0.2509384,-0.6143082,-0.6143082,-0.53,NaN,0,-0.03779342,-7,-7
349712,132370970,-2.17557e-06,-1.681428e-09,0,0.2509384,-0.617923,-0.617923,-0.63,NaN,0,-0.04135468,-7,-7
350157,132478293,-2.17557e-06,-1.725539e-09,0,0.2509384,-0.6225731,-0.6225731,-0.35,NaN,0,-0.04600479,-7,-7
350602,132582332,-2.17557e-06,-1.698709e-09,0,0.2509384,-0.6248608,-0.6248608,-0.31,NaN,0,-0.04860535,-7,-7
351043,132687460,-2.17557e-06,-1.686203e-09,0,0.2509384,-0.6241729,-0.6241729,-0.52,NaN,0,-0.04777243,-7,-7
351488,132790964,-2.17557e-06,-1.482476e-09,0,0.2509384,-0.6234444,-0.6234444,-0.46,NaN,0,-0.0469143,-6,-6
351932,132893532,-2.17557e-06,-1.195758e-09,0,0.2509384,-0.6226348,-0.6226348,-0.42,NaN,0,-0.04625728,-6,-6
352378,132996277,-2.17557e-06,-6.969003e-10,0,0.2509384,-0.62146,-0.62146,-0.45,NaN,0,-0.04481544,-5,-5
352821,133101839,-2.17557e-06,-5.827587e-10,0,0.2509384,-0.6207739,-0.6207739,-0.5600000000000001,NaN,0,-0.04399201,-6,-6
353266,133206319,-2.17557e-06,-6.489245e-10,0,0.2509384,-0.6211401,-0.6211401,-0.61,NaN,0,-0.04436585,-6,-6
353515,133309545,-2.17557e-06,-6.177743e-10,0,0.2509384,-0.6222815,-0.6222815,-0.34,NaN,0,-0.04538514,-6,-6
353962,133413261,-2.17557e-06,-5.400124999999999e-10,0,0.2509384,-0.62138,-0.62138,-0.17,NaN,0,-0.04404881,-6,-6
354372,133517046,-2.17557e-06,-6.211849e-10,0,0.2509384,-0.6191428,-0.6191428,-0.53,NaN,0,-0.04167428,-6,-6
354817,133620903,-2.17557e-06,-5.620677e-10,0,0.2509384,-0.6174141,-0.6174141,-0.11,NaN,0,-0.03994551,-6,-6
355257,133725556,-2.17557e-06,-5.895799e-10,0,0.2509384,-0.6156639,-0.6156639,-0.48,NaN,0,-0.03821065,-6,-6
355569,133826649,-2.17557e-06,-6.123173e-10,0,0.2509384,-0.6137009,-0.6137009,-0.59,NaN,0,-0.03624763,-6,-6
356013,133930996,-2.17557e-06,-5.329639e-10,0,0.2509384,-0.6130359,-0.6130359,-0.76,NaN,0,-0.03552922,-6,-6
356459,134034762,-2.17557e-06,-6.366463e-10,0,0.2509384,-0.614433,-0.614433,-0.44,NaN,0,-0.03678896,-6,-6
356871,134140064,-2.145767e-06,-4.372396e-10,0,0.2509384,-0.6178393,-0.6178393,-0.36,NaN,0,-0.04006561,-7,-7
357315,134241240,-2.115965e-06,-4.497451e-10,0,0.2509384,-0.6194148,-0.6194148,-0.57,NaN,0,-0.04157241,-5,-5
357758,134346561,-2.115965e-06,-8.515144e-10,0,0.2509384,-0.6214191,-0.6214191,-0.46,NaN,0,-0.04345461,-4,-4
358203,134449549,-2.115965e-06,-3.148898e-09,0,0.2509384,-0.6207638,-0.6207638,-0.53,NaN,0,-0.04250946,0,0
358613,134554911,-2.115965e-06,-7.266181e-09,0,0.2509384,-0.6167728,-0.6167728,-0.42,NaN,0,-0.03847267,0,0
359058,134659337,-2.086163e-06,-9.104497e-09,0,0.2509384,-0.6092551,-0.6092551,-0.22,NaN,0,-0.03111514,11,11
359499,134763888,-0.01785821,-2.891198e-05,0,0.2509384,-0.5738127,-0.5738127,-0.24,NaN,0,0.004601873,45,45
359943,134867919,-0.03659841,-2.739578e-05,0,0.2509384,-0.4956575,-0.4956575,-0.31,NaN,0,0.0829173,84,84
360389,134973574,-0.02092347,-0.0001963172,0,0.2509384,-0.3834904,-0.3834904,-0.07000000000000001,NaN,0,0.1955804,107,107
360830,135077350,-0.01142994,-0.0002380628,0,0.2509384,-0.2513565,-0.2513565,-0.19,NaN,0,0.3287366,121,121
361246,135181515,-0.00614807,-0.0002524499,0,0.2509384,-0.1116766,-0.1116766,0.16,NaN,0,0.4693244,121,121
361687,135287316,-0.003307134,-0.0002447932,0,0.2509384,0.02820526,0.02820526,0.29,NaN,0,0.6097860000000001,113,113
362136,135393554,-0.001779139,-0.0002798932,0,0.2509384,0.1546981,0.1546981,0.13,NaN,0,0.7365918,101,101
362577,135501562,-0.0003893375,-0.000122648,0,0.2509384,0.2644961,0.2644961,0.36,NaN,0,0.8467864000000001,78,78
363023,135605572,0.005016357,0.002389884,0,0.2509384,0.3393345,0.3393345,0.76,NaN,0,0.9218155,52,52
363432,135710260,0.002880678,0.001733154,0,0.2509384,0.3862512,0.3862512,0.63,NaN,0,0.9599433000000001,29,29
363877,135815296,0.001549065,0.001070611,0,0.2509384,0.4091875,0.4091875,0.62,NaN,0,0.9704818,9,9
364321,135919905,0.0008589625,0.0006377752,0,0.2509384,0.4141852,0.4141852,0.76,NaN,0,0.963547,-3,-3
364767,136023757,0.0004616976,0.0003809408,0,0.2509384,0.41352,0.41352,1.03,NaN,0,0.9500264,-2,-2
365209,136127919,0.0002557635,0.0002265415,0,0.2509384,0.4268636,0.4268636,0.9399999999999999,NaN,0,0.9510485,10,10
365656,136231342,0.0001372397,0.0001344791,0,0.2509384,0.4490906,0.4490906,1.11,NaN,0,0.9597105,8,8
366099,136335924,7.578731000000001e-05,7.644736999999999e-05,0,0.2509384,0.4655478,0.4655478,1.04,NaN,0,0.9649143,0,0
366512,136440573,4.041195e-05,4.298081e-05,0,0.2509384,0.4740539,0.4740539,1.02,NaN,0,0.9618388,-3,-3
366953,136545305,2.130866e-05,2.421043e-05,0,0.2509384,0.4942495,0.4942495,0.8,NaN,0,0.9702319,5,5
367399,136649531,1.114607e-05,1.331683e-05,0,0.2509384,0.5135946,0.5135946,1.19,NaN,0,0.9766833,0,0
367840,136752688,5.811453e-06,6.832341e-06,0,0.2509384,0.5281003,0.5281003,0.76,NaN,0,0.9788979,-6,-6
368287,136856552,2.741814e-06,2.696572e-06,0,0.2509384,0.537334,0.537334,1.06,NaN,0,0.9741623,-11,-11
368729,136962343,1.192093e-06,1.032964e-06,0,0.2509384,0.5353905,0.5353905,1.26,NaN,0,0.9590886,-27,-27
369173,137067268,2.384186e-07,2.145159e-07,0,0.2509384,0.5276744,0.5276744,0.72,NaN,0,0.9393944,-19,-19
369587,137172305,1.490116e-07,1.537973e-07,0,0.2509384,0.5325646000000001,0.5325646000000001,0.96,NaN,0,0.9316274,-3,-3
370033,137280098,-0.001989663,-0.002276829,0,0.2509384,0.5581118,0.5581118,0.74,NaN,0,0.9444411,18,18
370480,137384232,-0.001070559,-0.001209032,0,0.2509384,0.5846384999999999,0.5846384999999999,0.9399999999999999,NaN,0,0.9596,5,5
370921,137490083,-0.0005942583,-0.000671959,0,0.2509384,0.5955106999999999,0.5955106999999999,0.61,NaN,0,0.9593486,-13,-13
371366,137593526,-0.0003199875,-0.0003550057,0,0.2509384,0.5893608,0.5893608,0.88,NaN,0,0.9420674,-19,-19
371808,137700441,-0.000175029,-0.000217665,0,0.2509384,0.5858045,0.5858045,0.73,NaN,0,0.9273722,-9,-9
372255,137804737,-9.450316e-05,-0.0001317934,0,0.2509384,0.5996835,0.5996835,0.6899999999999999,NaN,0,0.9296087,10,10
372665,137911574,-5.200505e-05,-6.996972e-05,0,0.2509384,0.6220406000000001,0.6220406000000001,0.72,NaN,0,0.9433981,9,9
373111,138014447,-2.840161e-05,-3.861692e-05,0,0.2509384,0.6288835,0.6288835,0.67,NaN,0,0.9426116,-9,-9
373551,138121682,-1.588464e-05,-2.465515e-05,0,0.2509384,0.6203011,0.6203011,0.6,NaN,0,0.9241719,-20,-20
373689,138223876,-8.881092e-06,-1.492406e-05,0,0.2509384,0.6108155,0.6108155,0.77,NaN,0,0.9050885,-10,-10
374134,138329081,-5.275011e-06,-8.040470999999999e-06,0,0.2509384,0.6146608,0.6146608,0.85,NaN,0,0.8984892,9,9
374579,138431279,-3.248453e-06,-4.381316e-06,0,0.2509384,0.6255339,0.6255339,0.87,NaN,0,0.8995204999999999,3,3
375020,138536936,-2.17557e-06,-2.985411e-06,0,0.2509384,0.6326368999999999,0.6326368999999999,0.6899999999999999,NaN,0,0.8965527,-13,-13
375465,138639088,-1.549721e-06,-2.197356e-06,0,0.2509384,0.6244586,0.6244586,0.85,NaN,0,0.8778991,-19,-19
375875,138744919,-1.490116e-06,-2.289889e-06,0,0.2509384,0.6208019,0.6208019,1.13,NaN,0,0.8645226,-10,-10
376322,138849259,-1.490116e-06,-2.413921e-06,0,0.2509384,0.6292136,0.6292136,1,NaN,0,0.862215,3,3
376764,138953893,-1.490116e-06,-2.219377e-06,0,0.2509384,0.6522464,0.6522464,1.24,NaN,0,0.8746811,10,10
377210,139057441,-1.490116e-06,-2.119605e-06,0,0.2509384,0.6730299,0.6730299,0.91,NaN,0,0.8876902,0,0
377651,139160744,-1.490116e-06,-2.176097e-06,0,0.2509384,0.6855928,0.6855928,1.01,NaN,0,0.8907851,-19,-19
378096,139263921,-1.490116e-06,-2.345264e-06,0,0.2509384,0.6820983,0.6820983,1.05,NaN,0,0.8789059,-22,-22
378509,139369089,-1.490116e-06,-2.476508e-06,0,0.2509384,0.6921763,0.6921763,1.16,NaN,0,0.8786689,0,0
378950,139474287,-1.490116e-06,-2.719753e-06,0,0.2509384,0.7249456,0.7249456,1.09,NaN,0,0.8994448,21,21
379395,139577283,-1.490116e-06,-2.728251e-06,0,0.2509384,0.7642910000000001,0.7642910000000001,1.42,NaN,0,0.9246224,13,13
379804,139682037,-1.490116e-06,-2.70084e-06,0,0.2509384,0.7888983000000001,0.7888983000000001,1.43,NaN,0,0.9365878,-7,-7
380252,139785569,-1.490116e-06,-2.547666e-06,0,0.2509384,0.8031081,0.8031081,1.72,NaN,0,0.9383236,-13,-13
380693,139889525,-1.490116e-06,-2.483438e-06,0,0.2509384,0.8184935,0.8184935,1.35,NaN,0,0.9408993,-3,-3
381140,139992938,-1.490116e-06,-2.506909e-06,0,0.2509384,0.8556442,0.8556442,1.56,NaN,0,0.965408,18,18
381549,140097504,-1.490116e-06,-2.39354e-06,0,0.2509384,0.9038782,0.9038782,1.37,NaN,0,1.000153,20,20
381995,140203990,-1.490116e-06,-2.369933e-06,0,0.2509384,0.9402459,0.9402459,1.4,NaN,0,1.025725,5,5
382406,140309074,-1.490116e-06,-2.350776e-06,0,0.2509384,0.961094,0.961094,1.11,NaN,0,1.035946,-9,-9
382855,140413949,-1.490116e-06,-2.356347e-06,0,0.2509384,0.9695903,0.9695903,1.4,NaN,0,1.032288,-11,-11
383296,140520727,-1.490116e-06,-2.528634e-06,0,0.2509384,0.9807152,0.9807152,1.38,NaN,0,1.030504,1,1
383741,140625138,-0.01154131,-0.01884226,0,0.2509384,1.013759,1.013759,1.24,NaN,0,1.050311,30,30
384182,140731064,-0.00630495,-0.009109243,0,0.2509384,1.055591,1.055591,1.35,NaN,0,1.078227,21,21
384630,140835504,-0.003375292,-0.004479528,0,0.2509384,1.076695,1.076695,1.24,NaN,0,1.086689,0,0
385072,140941068,-0.001844108,-0.002283273,0,0.2509384,1.086707,1.086707,1.09,NaN,0,1.085585,-8,-8
385518,141046079,-0.0009921193,-0.001211224,0,0.2509384,1.098082,1.098082,1.06,NaN,0,1.084074,2,2
385928,141151705,-0.0005338787999999999,-0.0006289242,0,0.2509384,1.125431,1.125431,1.04,NaN,0,1.099368,23,23
386373,141256913,-0.0002875328,-0.0003291428,0,0.2509384,1.162446,1.162446,0.96,NaN,0,1.125427,26,26
386817,141361232,-0.0001550615,-0.0001695351,0,0.2509384,1.199607,1.199607,0.87,NaN,0,1.15264,14,14
387260,141469585,-7.861852999999999e-05,-8.769345000000001e-05,0,0.2509384,1.211033,1.211033,1.14,NaN,0,1.154293,-4,-4
387705,141571891,-4.267693e-05,-4.995224e-05,0,0.2509384,1.217628,1.217628,0.84,NaN,0,1.152115,2,2
388148,141681978,-0.001176059,-0.001451419,0,0.2509384,1.234851,1.234851,0.78,NaN,0,1.158877,27,27
388596,141790970,-0.005915493,-0.006929603,0,0.2509384,1.271167,1.271167,0.91,NaN,0,1.183558,41,41
389038,141897444,-0.003231704,-0.003673584,0,0.2509384,1.304232,1.304232,0.89,NaN,0,1.205836,26,26
389487,142001478,-0.0009853542,-0.001082015,0,0.2509384,1.313102,1.313102,1.04,NaN,0,1.204177,3,3
389928,142107728,-0.0005386472,-0.0005283244,0,0.2509384,1.301568,1.301568,1.09,NaN,0,1.18229,-5,-5
390373,142212040,-0.0002901554,-0.0002282894,0,0.2509384,1.287552,1.287552,0.8,NaN,0,1.157142,-2,-2
390785,142319041,-0.0001587868,-9.665461e-05,0,0.2509384,1.281087,1.281087,0.89,NaN,0,1.139141,9,9
391230,142422911,-8.568168e-05,-3.965863e-05,0,0.2509384,1.279872,1.279872,0.59,NaN,0,1.128154,5,5
391672,142528766,-4.786253e-05,-1.745344e-05,0,0.2509384,1.270547,1.270547,0.79,NaN,0,1.109902,-2,-2
392118,142633262,-2.601743e-05,-8.122821e-06,0,0.2509384,1.251258,1.251258,0.76,NaN,0,1.078978,-11,-11
392526,142737035,-1.472235e-05,-3.872417e-06,0,0.2509384,1.228114,1.228114,0.47,NaN,0,1.04658,-11,-11
392974,142841846,-8.285046e-06,-1.7467e-06,0,0.2509384,1.202575,1.202575,0.42,NaN,0,1.012358,-4,-4
393416,142947895,-4.917383e-06,-8.181651e-07,0,0.2509384,1.189855,1.189855,0.53,NaN,0,0.9945045,4,4
393863,143052930,-3.039837e-06,-4.448925e-07,0,0.2509384,1.177559,1.177559,0.55,NaN,0,0.9795147,2,2
394305,143159254,-2.205372e-06,-2.779761e-07,0,0.2509384,1.168901,1.168901,0.26,NaN,0,0.9672328,0,0
394752,143263759,-2.205372e-06,-2.082784e-07,0,0.2509384,1.152146,1.152146,0.54,NaN,0,0.9494706000000001,-5,-5
395193,143368738,-2.145767e-06,-1.430578e-07,0,0.2509384,1.121048,1.121048,0.46,NaN,0,0.9173654,-7,-7
395634,143473616,-2.115965e-06,-8.366055000000001e-08,0,0.2509384,1.08632,1.08632,0.36,NaN,0,0.8843313,-11,-11
396081,143577874,-2.115965e-06,-4.168919e-08,0,0.2509384,1.046717,1.046717,0.2,NaN,0,0.845659,-4,-4
396521,143681069,-2.115965e-06,-2.623597e-08,0,0.2509384,1.016727,1.016727,0.13,NaN,0,0.8168517,-1,-1
396936,143784032,-2.115965e-06,-1.688295e-08,0,0.2509384,0.9798918,0.9798918,0.02,NaN,0,0.7811152,-1,-1
397379,143888165,-2.115965e-06,-7.023345e-09,0,0.2509384,0.9420549,0.9420549,-0.25,NaN,0,0.7437055,0,0
