LineNo,FileName,Offset,Length,Data
2021,0,0,64,0
2200,0,64,64,0
2501,0,128,64,0
2680,0,192,64,0
2952,0,256,64,0
3266,0,320,64,0
3541,0,384,64,0
3816,0,448,7,737
5134,0,192,50,0
5797,0,0,64,0
6076,0,64,58,0
6752,0,0,64,0
7156,0,64,64,0
7375,0,128,64,0
7547,0,192,64,0
7862,0,256,64,0
8137,0,320,64,0
8493,0,384,64,0
8762,0,448,64,0
9073,0,512,64,0
9437,0,576,64,0
9702,0,640,64,0
9962,0,704,64,0
10179,0,768,64,0
10448,0,832,64,0
10807,0,896,64,0
11073,0,960,64,0
11304,0,1024,64,0
11664,0,1088,64,0
11938,0,1152,28,0
12468,0,0,64,0
12685,0,64,58,0
13874,0,0,64,0
14098,0,64,64,0
14504,0,128,64,0
14674,0,192,64,0
14926,0,256,64,0
15277,0,320,64,0
15595,0,384,64,0
16136,0,512,64,0
16366,0,576,64,0
16644,0,640,64,0
16998,0,704,64,0
17259,0,768,64,0
17566,0,832,64,0
17742,0,896,64,0
18014,0,960,64,0
18384,0,1024,64,0
18659,0,1088,64,0
18980,0,1152,64,0
19166,0,1216,64,0
19438,0,1280,64,0
19649,0,1344,64,0
19871,0,1408,64,0
20090,0,1472,64,0
20266,0,1536,64,0
20668,0,1600,64,0
20900,0,1664,64,0
21173,0,1728,64,0
21491,0,1792,64,0
21671,0,1856,64,0
22034,0,1920,64,0
22252,0,1984,64,0
22472,0,2048,64,0
22863,0,2112,64,0
23049,0,2176,64,0
23274,0,2240,64,0
23547,0,2304,64,0
23818,0,2368,64,0
24179,0,2432,64,0
24410,0,2496,64,0
24760,0,2560,64,0
25029,0,2624,64,0
25243,0,2688,64,0
25594,0,2752,64,0
25954,0,2816,64,0
26266,0,2880,64,0
26717,0,2944,64,0
26818,0,3008,64,0
27346,0,3072,64,0
27653,0,3136,64,0
28135,0,3200,64,0
28411,0,3264,64,0
28870,0,3328,64,0
29232,0,3392,64,0
29717,0,3456,64,0
29982,0,3520,64,0
30457,0,3584,64,0
30732,0,3648,64,0
31189,0,3712,64,0
31505,0,3776,64,0
32225,0,3840,64,0
32719,0,3904,64,0
33416,0,3968,64,0
33904,0,4032,64,0
34315,0,4096,64,0
34854,0,4160,64,0
35254,0,4224,64,0
35699,0,4288,64,0
36125,0,4352,64,0
36398,0,4416,64,0
36758,0,4480,64,0
37212,0,4544,64,0
41113,0,5184,64,0
41701,0,5248,64,0
41982,0,5312,64,0
42526,0,5376,64,0
42963,0,5440,64,0
43280,0,5504,64,0
43815,0,5568,64,0
44132,0,5632,64,0
49000,0,6272,64,0
49186,0,6336,64,0
49452,0,6400,64,0
49855,0,6464,10,0
50754,0,0,64,0
51160,0,64,64,0
51930,0,192,64,0
52249,0,256,64,0
53080,0,384,64,0
53561,0,448,64,0
54362,0,576,64,0
54630,0,640,64,0
55263,0,704,64,0
55841,0,768,64,0
56593,0,832,64,0
57598,0,960,64,0
57875,0,1024,64,0
58362,0,1088,64,0
58767,0,1152,64,0
59123,0,1216,64,0
59569,0,1280,64,0
59879,0,1344,64,0
60275,0,1408,64,0
60707,0,1472,64,0
61099,0,1536,64,0
61360,0,1600,64,0
62247,0,1664,64,0
62795,0,1728,64,0
63154,0,1792,64,0
63470,0,1856,64,0
64041,0,1920,64,0
64443,0,1984,64,0
64932,0,2048,64,0
65467,0,2112,64,0
65769,0,2176,64,0
66369,0,2240,64,0
66599,0,2304,64,0
67180,0,2368,64,0
67672,0,2432,64,0
68685,0,2496,64,0
69399,0,2560,64,0
69626,0,2624,64,0
70422,0,2688,64,0
70924,0,2752,64,0
71629,0,2816,64,0
71863,0,2880,64,0
72229,0,2944,64,0
72718,0,3008,64,0
73046,0,3072,64,0
73702,0,3136,64,0
74020,0,3200,64,0
74692,0,3264,64,0
75142,0,3328,64,0
75500,0,3392,64,0
76076,0,3456,64,0
76420,0,3520,64,0
76811,0,3584,64,0
77172,0,3648,64,0
77656,0,3712,64,0
77929,0,3776,64,0
78333,0,3840,64,0
78686,0,3904,64,0
79133,0,3968,64,0
79360,0,4032,64,0
79983,0,4096,64,0
80393,0,4160,64,0
80842,0,4224,64,0
81381,0,4288,64,0
81950,0,4352,64,0
82354,0,4416,64,0
82927,0,4480,64,0
83556,0,4544,64,0
83861,0,4608,64,0
84403,0,4672,64,0
84583,0,4736,64,0
85073,0,4800,64,0
85343,0,4864,64,0
85880,0,4928,64,0
86156,0,4992,64,0
86717,0,5056,64,0
86939,0,5120,64,0
87419,0,5184,64,0
87862,0,5248,64,0
88167,0,5312,64,0
88797,0,5376,64,0
89104,0,5440,64,0
89546,0,5504,64,0
89906,0,5568,64,0
90311,0,5632,64,0
90900,0,5696,64,0
91252,0,5760,64,0
91885,0,5824,64,0
92191,0,5888,64,0
92732,0,5952,64,0
93221,0,6016,64,0
93587,0,6080,64,0
94116,0,6144,64,0
94432,0,6208,64,0
95330,0,6272,64,0
95734,0,6336,64,0
96050,0,6400,64,0
96401,0,6464,64,0
96634,0,6528,64,0
97304,0,6592,64,0
97793,0,6656,64,0
98068,0,6720,64,0
98643,0,6784,64,0
98912,0,6848,64,0
99280,0,6912,64,0
99670,0,6976,64,0
1.0003e+05,0,7040,64,0
1.0061e+05,0,7104,64,0
1.0101e+05,0,7168,64,0
1.0151e+05,0,7232,64,0
1.0181e+05,0,7296,64,0
1.0227e+05,0,7360,64,0
1.0294e+05,0,7424,64,0
1.0331e+05,0,7488,64,0
1.0388e+05,0,7552,64,0
1.0441e+05,0,7616,64,0
1.048e+05,0,7680,64,0
1.0543e+05,0,7744,64,0
1.0588e+05,0,7808,64,0
1.0616e+05,0,7872,64,0
1.0674e+05,0,7936,64,0
1.0692e+05,0,8000,64,0
1.0714e+05,0,8064,64,0
1.076e+05,0,8128,64,0
1.0809e+05,0,8192,64,0
1.0841e+05,0,8256,64,0
1.089e+05,0,8320,64,0
1.0926e+05,0,8384,64,0
1.0975e+05,0,8448,64,0
1.1011e+05,0,8512,64,0
1.1087e+05,0,8576,64,0
1.1132e+05,0,8640,64,0
1.1163e+05,0,8704,64,0
1.1226e+05,0,8768,64,0
1.1271e+05,0,8832,64,0
1.1311e+05,0,8896,64,0
1.1374e+05,0,8960,64,0
1.142e+05,0,9024,64,0
1.1451e+05,0,9088,64,0
1.1504e+05,0,9152,64,0
1.1527e+05,0,9216,64,0
1.1571e+05,0,9280,64,0
1.1598e+05,0,9344,64,0
1.1657e+05,0,9408,64,0
1.1702e+05,0,9472,64,0
1.1733e+05,0,9536,64,0
1.1751e+05,0,9600,64,0
1.1808e+05,0,9664,64,0
1.1827e+05,0,9728,64,0
1.1876e+05,0,9792,64,0
1.1912e+05,0,9856,64,0
1.1966e+05,0,9920,64,0
1.2015e+05,0,9984,64,0
1.2058e+05,0,10048,64,0
1.2104e+05,0,10112,64,0
1.2162e+05,0,10176,64,0
1.2198e+05,0,10240,64,0
1.2234e+05,0,10304,64,0
1.2257e+05,0,10368,64,0
1.2284e+05,0,10432,64,0
1.2373e+05,0,10496,64,0
1.2414e+05,0,10560,64,0
1.2459e+05,0,10624,64,0
1.2494e+05,0,10688,64,0
1.2549e+05,0,10752,64,0
1.2576e+05,0,10816,64,0
1.2638e+05,0,10880,64,0
1.2687e+05,0,10944,64,0
1.2728e+05,0,11008,64,0
1.279e+05,0,11072,64,0
1.2843e+05,0,11136,64,0
1.2875e+05,0,11200,64,0
1.2928e+05,0,11264,64,0
1.2956e+05,0,11328,64,0
1.2982e+05,0,11392,64,0
1.3022e+05,0,11456,64,0
1.3067e+05,0,11520,64,0
1.3095e+05,0,11584,64,0
1.3153e+05,0,11648,64,0
1.318e+05,0,11712,64,0
1.323e+05,0,11776,64,0
1.3257e+05,0,11840,64,0
1.3302e+05,0,11904,64,0
1.3359e+05,0,11968,64,0
1.3403e+05,0,12032,64,0
1.3453e+05,0,12096,64,0
1.3494e+05,0,12160,64,0
1.3529e+05,0,12224,64,0
1.3579e+05,0,12288,64,0
1.362e+05,0,12352,64,0
1.3665e+05,0,12416,64,0
1.3719e+05,0,12480,64,0
1.3772e+05,0,12544,64,0
1.3822e+05,0,12608,64,0
1.3867e+05,0,12672,64,0
1.3902e+05,0,12736,64,0
1.393e+05,0,12800,64,0
1.3979e+05,0,12864,64,0
1.4006e+05,0,12928,64,0
1.405e+05,0,12992,64,0
1.4068e+05,0,13056,64,0
1.4117e+05,0,13120,64,0
1.4154e+05,0,13184,64,0
1.4207e+05,0,13248,64,0
1.4266e+05,0,13312,64,0
1.4293e+05,0,13376,64,0
1.4342e+05,0,13440,64,0
1.4377e+05,0,13504,64,0
1.4422e+05,0,13568,64,0
1.4449e+05,0,13632,64,0
1.4507e+05,0,13696,64,0
1.4548e+05,0,13760,64,0
1.4575e+05,0,13824,64,0
1.4602e+05,0,13888,64,0
1.4656e+05,0,13952,64,0
1.4696e+05,0,14016,64,0
1.4741e+05,0,14080,64,0
1.4781e+05,0,14144,64,0
1.4816e+05,0,14208,64,0
1.4871e+05,0,14272,64,0
1.492e+05,0,14336,64,0
1.4973e+05,0,14400,64,0
1.5013e+05,0,14464,64,0
1.5041e+05,0,14528,64,0
1.5089e+05,0,14592,64,0
1.5117e+05,0,14656,64,0
1.5175e+05,0,14720,64,0
1.5197e+05,0,14784,64,0
1.5237e+05,0,14848,64,0
1.5273e+05,0,14912,64,0
1.5331e+05,0,14976,64,0
1.5376e+05,0,15040,64,0
1.5412e+05,0,15104,64,0
1.5444e+05,0,15168,64,0
1.547e+05,0,15232,64,0
1.55e+05,0,15296,64,0
1.5557e+05,0,15360,64,0
1.561e+05,0,15424,64,0
1.5641e+05,0,15488,64,0
1.5682e+05,0,15552,64,0
1.5714e+05,0,15616,64,0
1.5763e+05,0,15680,64,0
1.583e+05,0,15744,64,0
1.5866e+05,0,15808,64,0
1.5912e+05,0,15872,64,0
1.5961e+05,0,15936,64,0
1.6006e+05,0,16000,64,0
1.6042e+05,0,16064,64,0
1.6068e+05,0,16128,64,0
1.61e+05,0,16192,64,0
1.6136e+05,0,16256,64,0
1.6172e+05,0,16320,64,0
