LineNo,TimeUS,I,MagX,MagY,MagZ,OfsX,OfsY,OfsZ,MOX,MOY,MOZ,Health,S
1086,1.6421e+09,2,128,-44,385,-399,44,42,0,0,0,1,1.6421e+09
2017,1.6424e+09,2,113,-48,385,-399,44,42,0,0,0,1,1.6424e+09
2450,1.6425e+09,2,122,-52,379,-399,44,42,0,0,0,1,1.6425e+09
2860,1.6426e+09,2,118,-51,384,-399,44,42,0,0,0,1,1.6426e+09
3313,1.6427e+09,2,122,-44,383,-399,44,42,0,0,0,1,1.6427e+09
3764,1.6428e+09,2,122,-49,380,-399,44,42,0,0,0,1,1.6428e+09
4215,1.6429e+09,2,119,-46,385,-399,44,42,0,0,0,1,1.6429e+09
4648,1.643e+09,2,123,-45,389,-399,44,42,0,0,0,1,1.643e+09
5083,1.6431e+09,2,112,-46,376,-399,44,42,0,0,0,1,1.6431e+09
5523,1.6432e+09,2,130,-45,379,-399,44,42,0,0,0,1,1.6432e+09
5977,1.6433e+09,2,126,-46,376,-399,44,42,0,0,0,1,1.6433e+09
6393,1.6434e+09,2,124,-49,377,-399,44,42,0,0,0,1,1.6434e+09
6844,1.6435e+09,2,117,-48,383,-399,44,42,0,0,0,1,1.6435e+09
7248,1.6436e+09,2,114,-54,385,-399,44,42,0,0,0,1,1.6436e+09
7679,1.6437e+09,2,117,-49,383,-399,44,42,0,0,0,1,1.6437e+09
8129,1.6438e+09,2,118,-54,387,-399,44,42,0,0,0,1,1.6438e+09
8582,1.6439e+09,2,114,-51,389,-399,44,42,0,0,0,1,1.6439e+09
9027,1.644e+09,2,119,-45,385,-399,44,42,0,0,0,1,1.644e+09
9478,1.6441e+09,2,118,-46,386,-399,44,42,0,0,0,1,1.6441e+09
9878,1.6442e+09,2,116,-47,383,-399,44,42,0,0,0,1,1.6442e+09
10312,1.6444e+09,2,121,-49,381,-399,44,42,0,0,0,1,1.6444e+09
10764,1.6445e+09,2,118,-47,383,-399,44,42,0,0,0,1,1.6445e+09
11212,1.6446e+09,2,120,-51,386,-399,44,42,0,0,0,1,1.6446e+09
11667,1.6447e+09,2,117,-51,379,-399,44,42,0,0,0,1,1.6447e+09
12115,1.6448e+09,2,113,-51,383,-399,44,42,0,0,0,1,1.6448e+09
12550,1.6449e+09,2,112,-48,385,-399,44,42,0,0,0,1,1.6449e+09
12950,1.645e+09,2,114,-52,390,-399,44,42,0,0,0,1,1.645e+09
13400,1.6451e+09,2,113,-57,380,-399,44,42,0,0,0,1,1.6451e+09
13633,1.6452e+09,2,124,-52,383,-399,44,42,0,0,0,1,1.6452e+09
14055,1.6453e+09,2,120,-53,387,-399,44,42,0,0,0,1,1.6453e+09
14498,1.6454e+09,2,110,-58,385,-399,44,42,0,0,0,1,1.6454e+09
14929,1.6455e+09,2,116,-48,394,-399,44,42,0,0,0,1,1.6455e+09
15363,1.6456e+09,2,111,-45,388,-399,44,42,0,0,0,1,1.6456e+09
15784,1.6457e+09,2,110,-53,394,-399,44,42,0,0,0,1,1.6457e+09
16236,1.6458e+09,2,114,-46,389,-399,44,42,0,0,0,1,1.6458e+09
16688,1.6459e+09,2,114,-52,390,-399,44,42,0,0,0,1,1.6459e+09
17129,1.646e+09,2,114,-47,387,-399,44,42,0,0,0,1,1.646e+09
17560,1.6461e+09,2,111,-54,388,-399,44,42,0,0,0,1,1.6461e+09
17970,1.6462e+09,2,116,-56,395,-399,44,42,0,0,0,1,1.6462e+09
18393,1.6463e+09,2,112,-53,388,-399,44,42,0,0,0,1,1.6463e+09
18841,1.6464e+09,2,113,-48,390,-399,44,42,0,0,0,1,1.6464e+09
19293,1.6465e+09,2,108,-50,389,-399,44,42,0,0,0,1,1.6465e+09
19731,1.6466e+09,2,109,-54,386,-399,44,42,0,0,0,1,1.6466e+09
20136,1.6467e+09,2,108,-51,391,-399,44,42,0,0,0,1,1.6467e+09
20580,1.6468e+09,2,112,-52,394,-399,44,42,0,0,0,1,1.6468e+09
21035,1.6469e+09,2,110,-51,395,-399,44,42,0,0,0,1,1.6469e+09
21451,1.647e+09,2,114,-55,388,-399,44,42,0,0,0,1,1.647e+09
21905,1.6471e+09,2,112,-52,384,-399,44,42,0,0,0,1,1.6471e+09
22337,1.6472e+09,2,112,-48,391,-399,44,42,0,0,0,1,1.6472e+09
22771,1.6473e+09,2,103,-51,392,-399,44,42,0,0,0,1,1.6473e+09
23189,1.6475e+09,2,106,-49,390,-399,44,42,0,0,0,1,1.6475e+09
23638,1.6476e+09,2,100,-49,396,-399,44,42,0,0,0,1,1.6476e+09
24091,1.6477e+09,2,103,-54,399,-399,44,42,0,0,0,1,1.6477e+09
24544,1.6478e+09,2,90,-74,404,-399,44,42,0,0,0,1,1.6478e+09
24979,1.6479e+09,2,104,-77,400,-399,44,42,0,0,0,1,1.6479e+09
25410,1.648e+09,2,103,-60,397,-399,44,42,0,0,0,1,1.648e+09
25863,1.6481e+09,2,107,-66,402,-399,44,42,0,0,0,1,1.6481e+09
26312,1.6482e+09,2,104,-76,404,-399,44,42,0,0,0,1,1.6482e+09
26765,1.6483e+09,2,89,-87,419,-399,44,42,0,0,0,1,1.6483e+09
27206,1.6484e+09,2,78,-93,425,-399,44,42,0,0,0,1,1.6484e+09
27608,1.6485e+09,2,66,-127,447,-399,44,42,0,0,0,1,1.6485e+09
28045,1.6486e+09,2,46,-149,466,-399,44,42,0,0,0,1,1.6486e+09
28498,1.6487e+09,2,56,-158,460,-399,44,42,0,0,0,1,1.6487e+09
28918,1.6488e+09,2,23,-166,482,-399,44,42,0,0,0,1,1.6488e+09
29371,1.6489e+09,2,40,-159,476,-399,44,42,0,0,0,1,1.6489e+09
29805,1.649e+09,2,64,-130,461,-399,44,42,0,0,0,1,1.649e+09
30238,1.6491e+09,2,81,-128,448,-399,44,42,0,0,0,1,1.6491e+09
30681,1.6492e+09,2,73,-150,446,-399,44,42,0,0,0,1,1.6492e+09
31133,1.6493e+09,2,77,-157,446,-399,44,42,0,0,0,1,1.6493e+09
31550,1.6495e+09,2,66,-177,460,-399,44,42,0,0,0,1,1.6495e+09
31997,1.6496e+09,2,55,-183,455,-399,44,42,0,0,0,1,1.6496e+09
32449,1.6497e+09,2,49,-196,453,-399,44,42,0,0,0,1,1.6497e+09
32899,1.6498e+09,2,40,-205,463,-399,44,42,0,0,0,1,1.6498e+09
33332,1.6499e+09,2,43,-202,462,-399,44,42,0,0,0,1,1.6499e+09
33768,1.65e+09,2,44,-206,473,-399,44,42,0,0,0,1,1.65e+09
34220,1.6501e+09,2,54,-182,456,-399,44,42,0,0,0,1,1.6501e+09
34669,1.6502e+09,2,63,-161,450,-399,44,42,0,0,0,1,1.6502e+09
35121,1.6503e+09,2,60,-159,456,-399,44,42,0,0,0,1,1.6503e+09
35561,1.6504e+09,2,54,-168,461,-399,44,42,0,0,0,1,1.6504e+09
35995,1.6505e+09,2,51,-154,466,-399,44,42,0,0,0,1,1.6505e+09
36401,1.6506e+09,2,55,-152,469,-399,44,42,0,0,0,1,1.6506e+09
36853,1.6507e+09,2,52,-163,466,-399,44,42,0,0,0,1,1.6507e+09
37304,1.6508e+09,2,0,-176,426,-399,44,42,0,0,0,1,1.6508e+09
37755,1.6509e+09,2,49,-163,463,-399,44,42,0,0,0,1,1.6509e+09
38206,1.651e+09,2,49,-156,459,-399,44,42,0,0,0,1,1.651e+09
38626,1.6511e+09,2,42,-170,474,-399,44,42,0,0,0,1,1.6511e+09
39058,1.6513e+09,2,42,-179,470,-399,44,42,0,0,0,1,1.6513e+09
39485,1.6514e+09,2,42,-178,473,-399,44,42,0,0,0,1,1.6514e+09
39938,1.6515e+09,2,35,-202,478,-399,44,42,0,0,0,1,1.6515e+09
40384,1.6516e+09,2,44,-194,477,-399,44,42,0,0,0,1,1.6516e+09
40837,1.6517e+09,2,54,-183,462,-399,44,42,0,0,0,1,1.6517e+09
41254,1.6518e+09,2,58,-176,459,-399,44,42,0,0,0,1,1.6518e+09
41707,1.6519e+09,2,45,-174,458,-399,44,42,0,0,0,1,1.6519e+09
42151,1.652e+09,2,51,-170,471,-399,44,42,0,0,0,1,1.652e+09
42577,1.6521e+09,2,62,-171,458,-399,44,42,0,0,0,1,1.6521e+09
43009,1.6522e+09,2,52,-171,466,-399,44,42,0,0,0,1,1.6522e+09
43423,1.6523e+09,2,47,-173,472,-399,44,42,0,0,0,1,1.6523e+09
43865,1.6524e+09,2,71,-167,460,-399,44,42,0,0,0,1,1.6524e+09
44311,1.6525e+09,2,69,-165,446,-399,44,42,0,0,0,1,1.6525e+09
44754,1.6526e+09,2,71,-168,458,-399,44,42,0,0,0,1,1.6526e+09
45197,1.6528e+09,2,64,-173,458,-399,44,42,0,0,0,1,1.6528e+09
45644,1.6529e+09,2,56,-159,464,-399,44,42,0,0,0,1,1.6529e+09
46088,1.653e+09,2,67,-135,446,-399,44,42,0,0,0,1,1.653e+09
46514,1.6531e+09,2,51,-126,459,-399,44,42,0,0,0,1,1.6531e+09
46911,1.6532e+09,2,70,-107,452,-399,44,42,0,0,0,1,1.6532e+09
47359,1.6533e+09,2,77,-120,444,-399,44,42,0,0,0,1,1.6533e+09
47801,1.6534e+09,2,79,-140,444,-399,44,42,0,0,0,1,1.6534e+09
48244,1.6535e+09,2,72,-156,450,-399,44,42,0,0,0,1,1.6535e+09
48684,1.6536e+09,2,57,-154,458,-399,44,42,0,0,0,1,1.6536e+09
49101,1.6537e+09,2,51,-155,461,-399,44,42,0,0,0,1,1.6537e+09
49544,1.6538e+09,2,49,-147,467,-399,44,42,0,0,0,1,1.6538e+09
49990,1.6539e+09,2,50,-128,466,-399,44,42,0,0,0,1,1.6539e+09
50399,1.654e+09,2,38,-127,466,-399,44,42,0,0,0,1,1.654e+09
50842,1.6542e+09,2,49,-141,469,-399,44,42,0,0,0,1,1.6542e+09
51292,1.6543e+09,2,36,-156,469,-399,44,42,0,0,0,1,1.6543e+09
51701,1.6544e+09,2,32,-166,473,-399,44,42,0,0,0,1,1.6544e+09
52147,1.6545e+09,2,32,-163,476,-399,44,42,0,0,0,1,1.6545e+09
52554,1.6546e+09,2,30,-172,483,-399,44,42,0,0,0,1,1.6546e+09
52982,1.6547e+09,2,29,-168,477,-399,44,42,0,0,0,1,1.6547e+09
53414,1.6548e+09,2,23,-176,479,-399,44,42,0,0,0,1,1.6548e+09
53828,1.6549e+09,2,25,-176,484,-399,44,42,0,0,0,1,1.6549e+09
54271,1.655e+09,2,28,-180,488,-399,44,42,0,0,0,1,1.655e+09
54719,1.6551e+09,2,35,-167,479,-399,44,42,0,0,0,1,1.6551e+09
55166,1.6552e+09,2,39,-170,475,-399,44,42,0,0,0,1,1.6552e+09
55615,1.6553e+09,2,33,-181,480,-399,44,42,0,0,0,1,1.6553e+09
56057,1.6555e+09,2,33,-167,478,-399,44,42,0,0,0,1,1.6555e+09
56469,1.6556e+09,2,35,-167,466,-399,44,42,0,0,0,1,1.6556e+09
56897,1.6557e+09,2,32,-173,478,-399,44,42,0,0,0,1,1.6557e+09
57328,1.6558e+09,2,43,-184,472,-399,44,42,0,0,0,1,1.6558e+09
57773,1.6559e+09,2,45,-195,471,-399,44,42,0,0,0,1,1.6559e+09
58184,1.656e+09,2,36,-207,477,-399,44,42,0,0,0,1,1.656e+09
58632,1.6561e+09,2,46,-201,469,-399,44,42,0,0,0,1,1.6561e+09
59076,1.6562e+09,2,90,-187,455,-399,44,42,0,0,0,1,1.6562e+09
59522,1.6563e+09,2,49,-184,455,-399,44,42,0,0,0,1,1.6563e+09
59967,1.6564e+09,2,60,-184,446,-399,44,42,0,0,0,1,1.6564e+09
60412,1.6565e+09,2,54,-169,460,-399,44,42,0,0,0,1,1.6565e+09
60837,1.6566e+09,2,50,-165,456,-399,44,42,0,0,0,1,1.6566e+09
61268,1.6567e+09,2,38,-165,463,-399,44,42,0,0,0,1,1.6567e+09
61706,1.6569e+09,2,39,-164,472,-399,44,42,0,0,0,1,1.6569e+09
62116,1.657e+09,2,36,-165,470,-399,44,42,0,0,0,1,1.657e+09
62563,1.6571e+09,2,27,-176,479,-399,44,42,0,0,0,1,1.6571e+09
62976,1.6572e+09,2,21,-176,490,-399,44,42,0,0,0,1,1.6572e+09
63421,1.6573e+09,2,21,-175,484,-399,44,42,0,0,0,1,1.6573e+09
63863,1.6574e+09,2,23,-165,485,-399,44,42,0,0,0,1,1.6574e+09
64310,1.6575e+09,2,13,-171,486,-399,44,42,0,0,0,1,1.6575e+09
64752,1.6576e+09,2,11,-170,484,-399,44,42,0,0,0,1,1.6576e+09
65201,1.6577e+09,2,10,-177,483,-399,44,42,0,0,0,1,1.6577e+09
65634,1.6578e+09,2,12,-178,488,-399,44,42,0,0,0,1,1.6578e+09
66027,1.6579e+09,2,18,-174,489,-399,44,42,0,0,0,1,1.6579e+09
66463,1.658e+09,2,17,-177,488,-399,44,42,0,0,0,1,1.658e+09
66907,1.6581e+09,2,7,-170,489,-399,44,42,0,0,0,1,1.6581e+09
67353,1.6583e+09,2,5,-176,484,-399,44,42,0,0,0,1,1.6583e+09
67766,1.6584e+09,2,22,-165,476,-399,44,42,0,0,0,1,1.6584e+09
68211,1.6585e+09,2,25,-164,469,-399,44,42,0,0,0,1,1.6585e+09
68634,1.6586e+09,2,22,-184,478,-399,44,42,0,0,0,1,1.6586e+09
69083,1.6587e+09,2,6,-204,485,-399,44,42,0,0,0,1,1.6587e+09
69492,1.6588e+09,2,1,-206,496,-399,44,42,0,0,0,1,1.6588e+09
69938,1.6589e+09,2,-3,-199,482,-399,44,42,0,0,0,1,1.6589e+09
70379,1.659e+09,2,11,-173,481,-399,44,42,0,0,0,1,1.659e+09
70825,1.6591e+09,2,20,-171,477,-399,44,42,0,0,0,1,1.6591e+09
71269,1.6592e+09,2,28,-180,509,-399,44,42,0,0,0,1,1.6592e+09
71683,1.6593e+09,2,32,-164,481,-399,44,42,0,0,0,1,1.6593e+09
72093,1.6594e+09,2,41,-172,473,-399,44,42,0,0,0,1,1.6594e+09
72534,1.6595e+09,2,39,-165,476,-399,44,42,0,0,0,1,1.6595e+09
72951,1.6597e+09,2,37,-154,465,-399,44,42,0,0,0,1,1.6597e+09
73399,1.6598e+09,2,42,-165,473,-399,44,42,0,0,0,1,1.6598e+09
73845,1.6599e+09,2,35,-160,467,-399,44,42,0,0,0,1,1.6599e+09
74287,1.66e+09,2,37,-164,471,-399,44,42,0,0,0,1,1.66e+09
74701,1.6601e+09,2,42,-168,475,-399,44,42,0,0,0,1,1.6601e+09
75145,1.6602e+09,2,32,-171,475,-399,44,42,0,0,0,1,1.6602e+09
75592,1.6603e+09,2,37,-161,466,-399,44,42,0,0,0,1,1.6603e+09
76025,1.6604e+09,2,43,-157,466,-399,44,42,0,0,0,1,1.6604e+09
76423,1.6605e+09,2,50,-178,472,-399,44,42,0,0,0,1,1.6605e+09
76855,1.6606e+09,2,69,-151,446,-399,44,42,0,0,0,1,1.6606e+09
77306,1.6607e+09,2,103,-133,428,-399,44,42,0,0,0,1,1.6607e+09
77748,1.6608e+09,2,90,-138,440,-399,44,42,0,0,0,1,1.6608e+09
78196,1.6609e+09,2,81,-151,447,-399,44,42,0,0,0,1,1.6609e+09
78636,1.6611e+09,2,62,-169,460,-399,44,42,0,0,0,1,1.6611e+09
79047,1.6612e+09,2,57,-171,460,-399,44,42,0,0,0,1,1.6612e+09
79494,1.6613e+09,2,52,-174,467,-399,44,42,0,0,0,1,1.6613e+09
79937,1.6614e+09,2,47,-164,468,-399,44,42,0,0,0,1,1.6614e+09
80382,1.6615e+09,2,53,-155,458,-399,44,42,0,0,0,1,1.6615e+09
80792,1.6616e+09,2,52,-156,464,-399,44,42,0,0,0,1,1.6616e+09
81241,1.6617e+09,2,52,-161,465,-399,44,42,0,0,0,1,1.6617e+09
81686,1.6618e+09,2,55,-181,462,-399,44,42,0,0,0,1,1.6618e+09
82133,1.6619e+09,2,35,-211,476,-399,44,42,0,0,0,1,1.6619e+09
82574,1.662e+09,2,23,-211,470,-399,44,42,0,0,0,1,1.662e+09
83022,1.6621e+09,2,30,-206,477,-399,44,42,0,0,0,1,1.6621e+09
83462,1.6622e+09,2,35,-206,469,-399,44,42,0,0,0,1,1.6622e+09
83909,1.6623e+09,2,31,-196,466,-399,44,42,0,0,0,1,1.6623e+09
84350,1.6625e+09,2,31,-196,471,-399,44,42,0,0,0,1,1.6625e+09
84765,1.6626e+09,2,27,-201,476,-399,44,42,0,0,0,1,1.6626e+09
85208,1.6627e+09,2,26,-200,477,-399,44,42,0,0,0,1,1.6627e+09
85649,1.6628e+09,2,30,-193,479,-399,44,42,0,0,0,1,1.6628e+09
86067,1.6629e+09,2,38,-180,471,-399,44,42,0,0,0,1,1.6629e+09
86504,1.663e+09,2,33,-177,476,-399,44,42,0,0,0,1,1.663e+09
86931,1.6631e+09,2,35,-181,474,-399,44,42,0,0,0,1,1.6631e+09
87365,1.6632e+09,2,33,-187,469,-399,44,42,0,0,0,1,1.6632e+09
87812,1.6633e+09,2,30,-178,476,-399,44,42,0,0,0,1,1.6633e+09
88256,1.6634e+09,2,26,-175,477,-399,44,42,0,0,0,1,1.6634e+09
88699,1.6635e+09,2,29,-163,475,-399,44,42,0,0,0,1,1.6635e+09
89145,1.6636e+09,2,16,-158,486,-399,44,42,0,0,0,1,1.6636e+09
89592,1.6637e+09,2,13,-154,494,-399,44,42,0,0,0,1,1.6637e+09
90001,1.6639e+09,2,9,-148,491,-399,44,42,0,0,0,1,1.6639e+09
90448,1.664e+09,2,6,-161,494,-399,44,42,0,0,0,1,1.664e+09
90895,1.6641e+09,2,-1,-154,493,-399,44,42,0,0,0,1,1.6641e+09
91339,1.6642e+09,2,-1,-151,494,-399,44,42,0,0,0,1,1.6642e+09
91784,1.6643e+09,2,0,-153,493,-399,44,42,0,0,0,1,1.6643e+09
92194,1.6644e+09,2,9,-153,491,-399,44,42,0,0,0,1,1.6644e+09
92641,1.6645e+09,2,4,-157,496,-399,44,42,0,0,0,1,1.6645e+09
93085,1.6646e+09,2,11,-155,488,-399,44,42,0,0,0,1,1.6646e+09
93530,1.6647e+09,2,10,-155,490,-399,44,42,0,0,0,1,1.6647e+09
93973,1.6648e+09,2,13,-154,491,-399,44,42,0,0,0,1,1.6648e+09
94389,1.6649e+09,2,19,-161,485,-399,44,42,0,0,0,1,1.6649e+09
94832,1.665e+09,2,21,-147,480,-399,44,42,0,0,0,1,1.665e+09
95243,1.6651e+09,2,25,-157,481,-399,44,42,0,0,0,1,1.6651e+09
95684,1.6653e+09,2,32,-156,476,-399,44,42,0,0,0,1,1.6653e+09
96096,1.6654e+09,2,25,-166,476,-399,44,42,0,0,0,1,1.6654e+09
96543,1.6655e+09,2,27,-169,483,-399,44,42,0,0,0,1,1.6655e+09
96990,1.6656e+09,2,19,-179,482,-399,44,42,0,0,0,1,1.6656e+09
97439,1.6657e+09,2,30,-165,472,-399,44,42,0,0,0,1,1.6657e+09
97848,1.6658e+09,2,35,-170,470,-399,44,42,0,0,0,1,1.6658e+09
98294,1.6659e+09,2,44,-179,475,-399,44,42,0,0,0,1,1.6659e+09
98734,1.666e+09,2,46,-186,463,-399,44,42,0,0,0,1,1.666e+09
99184,1.6661e+09,2,47,-175,462,-399,44,42,0,0,0,1,1.6661e+09
99627,1.6662e+09,2,49,-172,469,-399,44,42,0,0,0,1,1.6662e+09
1.0007e+05,1.6663e+09,2,51,-174,465,-399,44,42,0,0,0,1,1.6663e+09
1.0051e+05,1.6664e+09,2,37,-175,469,-399,44,42,0,0,0,1,1.6664e+09
1.0093e+05,1.6666e+09,2,35,-178,480,-399,44,42,0,0,0,1,1.6666e+09
1.0137e+05,1.6667e+09,2,31,-163,476,-399,44,42,0,0,0,1,1.6667e+09
1.0182e+05,1.6668e+09,2,28,-161,480,-399,44,42,0,0,0,1,1.6668e+09
1.0226e+05,1.6669e+09,2,31,-167,476,-399,44,42,0,0,0,1,1.6669e+09
1.0271e+05,1.667e+09,2,35,-140,471,-399,44,42,0,0,0,1,1.667e+09
1.0312e+05,1.6671e+09,2,40,-116,466,-399,44,42,0,0,0,1,1.6671e+09
1.0357e+05,1.6672e+09,2,49,-109,468,-399,44,42,0,0,0,1,1.6672e+09
1.0401e+05,1.6673e+09,2,41,-86,466,-399,44,42,0,0,0,1,1.6673e+09
1.0446e+05,1.6674e+09,2,55,-82,454,-399,44,42,0,0,0,1,1.6674e+09
1.049e+05,1.6675e+09,2,51,-91,460,-399,44,42,0,0,0,1,1.6675e+09
1.0534e+05,1.6676e+09,2,43,-118,471,-399,44,42,0,0,0,1,1.6676e+09
1.0579e+05,1.6677e+09,2,57,-126,464,-399,44,42,0,0,0,1,1.6677e+09
1.062e+05,1.6678e+09,2,73,-131,450,-399,44,42,0,0,0,1,1.6678e+09
1.0665e+05,1.6679e+09,2,84,-137,447,-399,44,42,0,0,0,1,1.6679e+09
1.0709e+05,1.6681e+09,2,78,-130,440,-399,44,42,0,0,0,1,1.6681e+09
1.075e+05,1.6682e+09,2,77,-138,439,-399,44,42,0,0,0,1,1.6682e+09
1.0795e+05,1.6683e+09,2,73,-139,447,-399,44,42,0,0,0,1,1.6683e+09
1.0836e+05,1.6684e+09,2,76,-157,446,-399,44,42,0,0,0,1,1.6684e+09
1.0881e+05,1.6685e+09,2,68,-178,456,-399,44,42,0,0,0,1,1.6685e+09
1.0925e+05,1.6686e+09,2,74,-180,444,-399,44,42,0,0,0,1,1.6686e+09
1.097e+05,1.6687e+09,2,82,-190,426,-399,44,42,0,0,0,1,1.6687e+09
1.1011e+05,1.6688e+09,2,92,-205,426,-399,44,42,0,0,0,1,1.6688e+09
1.1056e+05,1.6689e+09,2,80,-211,434,-399,44,42,0,0,0,1,1.6689e+09
1.1097e+05,1.669e+09,2,80,-214,432,-399,44,42,0,0,0,1,1.669e+09
1.1142e+05,1.6691e+09,2,79,-214,433,-399,44,42,0,0,0,1,1.6691e+09
1.1186e+05,1.6692e+09,2,78,-208,431,-399,44,42,0,0,0,1,1.6692e+09
1.1231e+05,1.6694e+09,2,84,-204,436,-399,44,42,0,0,0,1,1.6694e+09
1.1276e+05,1.6695e+09,2,72,-184,436,-399,44,42,0,0,0,1,1.6695e+09
1.1316e+05,1.6696e+09,2,79,-174,443,-399,44,42,0,0,0,1,1.6696e+09
1.1361e+05,1.6697e+09,2,60,-182,458,-399,44,42,0,0,0,1,1.6697e+09
1.1405e+05,1.6698e+09,2,69,-171,449,-399,44,42,0,0,0,1,1.6698e+09
1.145e+05,1.6699e+09,2,62,-171,448,-399,44,42,0,0,0,1,1.6699e+09
1.1494e+05,1.67e+09,2,73,-169,447,-399,44,42,0,0,0,1,1.67e+09
1.1536e+05,1.6701e+09,2,78,-169,439,-399,44,42,0,0,0,1,1.6701e+09
1.158e+05,1.6702e+09,2,78,-164,439,-399,44,42,0,0,0,1,1.6702e+09
1.1625e+05,1.6703e+09,2,84,-162,436,-399,44,42,0,0,0,1,1.6703e+09
1.167e+05,1.6704e+09,2,89,-172,423,-399,44,42,0,0,0,1,1.6704e+09
1.1714e+05,1.6705e+09,2,88,-158,436,-399,44,42,0,0,0,1,1.6705e+09
1.1756e+05,1.6707e+09,2,80,-161,436,-399,44,42,0,0,0,1,1.6707e+09
1.18e+05,1.6708e+09,2,90,-153,434,-399,44,42,0,0,0,1,1.6708e+09
1.1845e+05,1.6709e+09,2,85,-144,437,-399,44,42,0,0,0,1,1.6709e+09
1.1889e+05,1.671e+09,2,64,-141,453,-399,44,42,0,0,0,1,1.671e+09
1.1934e+05,1.6711e+09,2,61,-126,450,-399,44,42,0,0,0,1,1.6711e+09
1.1975e+05,1.6712e+09,2,46,-135,465,-399,44,42,0,0,0,1,1.6712e+09
1.2019e+05,1.6713e+09,2,45,-155,471,-399,44,42,0,0,0,1,1.6713e+09
1.2064e+05,1.6714e+09,2,43,-176,486,-399,44,42,0,0,0,1,1.6714e+09
1.2108e+05,1.6715e+09,2,40,-183,474,-399,44,42,0,0,0,1,1.6715e+09
1.2153e+05,1.6716e+09,2,49,-162,471,-399,44,42,0,0,0,1,1.6716e+09
1.2194e+05,1.6717e+09,2,62,-151,454,-399,44,42,0,0,0,1,1.6717e+09
1.2238e+05,1.6718e+09,2,68,-131,452,-399,44,42,0,0,0,1,1.6718e+09
1.2283e+05,1.6719e+09,2,73,-136,450,-399,44,42,0,0,0,1,1.6719e+09
1.2327e+05,1.672e+09,2,85,-130,442,-399,44,42,0,0,0,1,1.672e+09
1.2372e+05,1.6722e+09,2,73,-125,439,-399,44,42,0,0,0,1,1.6722e+09
1.2413e+05,1.6723e+09,2,69,-137,446,-399,44,42,0,0,0,1,1.6723e+09
1.2458e+05,1.6724e+09,2,28,-160,470,-399,44,42,0,0,0,1,1.6724e+09
1.2502e+05,1.6725e+09,2,18,-157,473,-399,44,42,0,0,0,1,1.6725e+09
1.2544e+05,1.6726e+09,2,20,-162,478,-399,44,42,0,0,0,1,1.6726e+09
1.2589e+05,1.6727e+09,2,25,-151,470,-399,44,42,0,0,0,1,1.6727e+09
1.2633e+05,1.6728e+09,2,49,-153,463,-399,44,42,0,0,0,1,1.6728e+09
1.2678e+05,1.6729e+09,2,53,-157,457,-399,44,42,0,0,0,1,1.6729e+09
1.2719e+05,1.673e+09,2,64,-170,460,-399,44,42,0,0,0,1,1.673e+09
1.2763e+05,1.6731e+09,2,57,-162,455,-399,44,42,0,0,0,1,1.6731e+09
1.2808e+05,1.6732e+09,2,60,-155,450,-399,44,42,0,0,0,1,1.6732e+09
1.2852e+05,1.6733e+09,2,90,-155,437,-399,44,42,0,0,0,1,1.6733e+09
1.2896e+05,1.6734e+09,2,94,-162,437,-399,44,42,0,0,0,1,1.6734e+09
1.2938e+05,1.6736e+09,2,94,-180,432,-399,44,42,0,0,0,1,1.6736e+09
1.2983e+05,1.6737e+09,2,84,-177,436,-399,44,42,0,0,0,1,1.6737e+09
1.3027e+05,1.6738e+09,2,81,-179,435,-399,44,42,0,0,0,1,1.6738e+09
1.3072e+05,1.6739e+09,2,67,-184,455,-399,44,42,0,0,0,1,1.6739e+09
1.3117e+05,1.674e+09,2,74,-185,458,-399,44,42,0,0,0,1,1.674e+09
1.3158e+05,1.6741e+09,2,65,-181,451,-399,44,42,0,0,0,1,1.6741e+09
1.3202e+05,1.6742e+09,2,66,-172,459,-399,44,42,0,0,0,1,1.6742e+09
1.3244e+05,1.6743e+09,2,60,-174,449,-399,44,42,0,0,0,1,1.6743e+09
1.3288e+05,1.6744e+09,2,47,-187,467,-399,44,42,0,0,0,1,1.6744e+09
1.3333e+05,1.6745e+09,2,52,-199,461,-399,44,42,0,0,0,1,1.6745e+09
1.3377e+05,1.6746e+09,2,27,-228,478,-399,44,42,0,0,0,1,1.6746e+09
1.3422e+05,1.6747e+09,2,29,-248,440,-399,44,42,0,0,0,1,1.6747e+09
1.3466e+05,1.6749e+09,2,36,-251,473,-399,44,42,0,0,0,1,1.6749e+09
1.3507e+05,1.675e+09,2,29,-246,470,-399,44,42,0,0,0,1,1.675e+09
1.3552e+05,1.6751e+09,2,45,-241,458,-399,44,42,0,0,0,1,1.6751e+09
1.3593e+05,1.6752e+09,2,41,-220,462,-399,44,42,0,0,0,1,1.6752e+09
1.3638e+05,1.6753e+09,2,55,-205,452,-399,44,42,0,0,0,1,1.6753e+09
1.3682e+05,1.6754e+09,2,56,-193,452,-399,44,42,0,0,0,1,1.6754e+09
1.3724e+05,1.6755e+09,2,71,-205,447,-399,44,42,0,0,0,1,1.6755e+09
1.3768e+05,1.6756e+09,2,87,-187,441,-399,44,42,0,0,0,1,1.6756e+09
1.3813e+05,1.6757e+09,2,56,-183,452,-399,44,42,0,0,0,1,1.6757e+09
1.3857e+05,1.6758e+09,2,65,-154,452,-399,44,42,0,0,0,1,1.6758e+09
1.3902e+05,1.6759e+09,2,79,-130,436,-399,44,42,0,0,0,1,1.6759e+09
1.3943e+05,1.676e+09,2,87,-137,437,-399,44,42,0,0,0,1,1.676e+09
1.3988e+05,1.6761e+09,2,80,-143,441,-399,44,42,0,0,0,1,1.6761e+09
1.4032e+05,1.6763e+09,2,99,-140,427,-399,44,42,0,0,0,1,1.6763e+09
1.4077e+05,1.6764e+09,2,98,-136,436,-399,44,42,0,0,0,1,1.6764e+09
1.4122e+05,1.6765e+09,2,102,-131,421,-399,44,42,0,0,0,1,1.6765e+09
1.4163e+05,1.6766e+09,2,95,-126,433,-399,44,42,0,0,0,1,1.6766e+09
1.4208e+05,1.6767e+09,2,91,-134,444,-399,44,42,0,0,0,1,1.6767e+09
1.4252e+05,1.6768e+09,2,89,-150,442,-399,44,42,0,0,0,1,1.6768e+09
1.4297e+05,1.6769e+09,2,68,-167,456,-399,44,42,0,0,0,1,1.6769e+09
1.4341e+05,1.677e+09,2,67,-128,461,-399,44,42,0,0,0,1,1.677e+09
1.4386e+05,1.6771e+09,2,79,-102,441,-399,44,42,0,0,0,1,1.6771e+09
1.4427e+05,1.6772e+09,2,81,-90,448,-399,44,42,0,0,0,1,1.6772e+09
1.4471e+05,1.6773e+09,2,67,-110,455,-399,44,42,0,0,0,1,1.6773e+09
1.4516e+05,1.6774e+09,2,67,-113,453,-399,44,42,0,0,0,1,1.6774e+09
1.4557e+05,1.6775e+09,2,61,-118,461,-399,44,42,0,0,0,1,1.6775e+09
1.4601e+05,1.6777e+09,2,90,-135,460,-399,44,42,0,0,0,1,1.6777e+09
1.4646e+05,1.6778e+09,2,130,-137,462,-399,44,42,0,0,0,1,1.6778e+09
1.4687e+05,1.6779e+09,2,23,-165,471,-399,44,42,0,0,0,1,1.6779e+09
1.4731e+05,1.678e+09,2,60,-164,471,-399,44,42,0,0,0,1,1.678e+09
1.4776e+05,1.6781e+09,2,64,-141,459,-399,44,42,0,0,0,1,1.6781e+09
1.4817e+05,1.6782e+09,2,65,-130,454,-399,44,42,0,0,0,1,1.6782e+09
1.4862e+05,1.6783e+09,2,63,-107,464,-399,44,42,0,0,0,1,1.6783e+09
1.4906e+05,1.6784e+09,2,71,-82,449,-399,44,42,0,0,0,1,1.6784e+09
1.495e+05,1.6785e+09,2,77,-81,450,-399,44,42,0,0,0,1,1.6785e+09
1.4995e+05,1.6786e+09,2,70,-86,455,-399,44,42,0,0,0,1,1.6786e+09
1.5036e+05,1.6787e+09,2,79,-96,451,-399,44,42,0,0,0,1,1.6787e+09
1.508e+05,1.6788e+09,2,79,-102,452,-399,44,42,0,0,0,1,1.6788e+09
1.5125e+05,1.6789e+09,2,74,-117,455,-399,44,42,0,0,0,1,1.6789e+09
1.517e+05,1.6791e+09,2,64,-152,468,-399,44,42,0,0,0,1,1.6791e+09
1.5211e+05,1.6792e+09,2,63,-170,466,-399,44,42,0,0,0,1,1.6792e+09
1.5255e+05,1.6793e+09,2,56,-171,462,-399,44,42,0,0,0,1,1.6793e+09
1.53e+05,1.6794e+09,2,58,-165,462,-399,44,42,0,0,0,1,1.6794e+09
1.5341e+05,1.6795e+09,2,56,-141,463,-399,44,42,0,0,0,1,1.6795e+09
1.5385e+05,1.6796e+09,2,65,-124,455,-399,44,42,0,0,0,1,1.6796e+09
1.5427e+05,1.6797e+09,2,64,-120,462,-399,44,42,0,0,0,1,1.6797e+09
1.547e+05,1.6798e+09,2,64,-127,472,-399,44,42,0,0,0,1,1.6798e+09
1.5513e+05,1.6799e+09,2,52,-136,470,-399,44,42,0,0,0,1,1.6799e+09
1.5556e+05,1.68e+09,2,60,-137,468,-399,44,42,0,0,0,1,1.68e+09
1.5601e+05,1.6801e+09,2,60,-140,467,-399,44,42,0,0,0,1,1.6801e+09
1.5642e+05,1.6802e+09,2,65,-141,469,-399,44,42,0,0,0,1,1.6802e+09
1.5686e+05,1.6803e+09,2,60,-148,470,-399,44,42,0,0,0,1,1.6803e+09
1.5728e+05,1.6805e+09,2,66,-143,462,-399,44,42,0,0,0,1,1.6805e+09
1.5773e+05,1.6806e+09,2,72,-146,459,-399,44,42,0,0,0,1,1.6806e+09
1.5817e+05,1.6807e+09,2,64,-132,465,-399,44,42,0,0,0,1,1.6807e+09
1.5862e+05,1.6808e+09,2,73,-130,451,-399,44,42,0,0,0,1,1.6808e+09
1.5903e+05,1.6809e+09,2,58,-143,470,-399,44,42,0,0,0,1,1.6809e+09
1.5947e+05,1.681e+09,2,67,-136,464,-399,44,42,0,0,0,1,1.681e+09
1.5992e+05,1.6811e+09,2,64,-141,459,-399,44,42,0,0,0,1,1.6811e+09
1.6033e+05,1.6812e+09,2,72,-147,461,-399,44,42,0,0,0,1,1.6812e+09
1.6078e+05,1.6813e+09,2,66,-143,457,-399,44,42,0,0,0,1,1.6813e+09
1.6122e+05,1.6814e+09,2,67,-144,459,-399,44,42,0,0,0,1,1.6814e+09
1.6167e+05,1.6815e+09,2,77,-140,456,-399,44,42,0,0,0,1,1.6815e+09
1.6211e+05,1.6816e+09,2,78,-148,459,-399,44,42,0,0,0,1,1.6816e+09
1.6255e+05,1.6817e+09,2,75,-140,460,-399,44,42,0,0,0,1,1.6817e+09
1.6299e+05,1.6818e+09,2,68,-139,459,-399,44,42,0,0,0,1,1.6818e+09
1.6344e+05,1.682e+09,2,68,-134,462,-399,44,42,0,0,0,1,1.682e+09
1.6385e+05,1.6821e+09,2,69,-132,466,-399,44,42,0,0,0,1,1.6821e+09
1.6429e+05,1.6822e+09,2,78,-130,461,-399,44,42,0,0,0,1,1.6822e+09
1.6471e+05,1.6823e+09,2,71,-137,455,-399,44,42,0,0,0,1,1.6823e+09
1.6514e+05,1.6824e+09,2,78,-136,452,-399,44,42,0,0,0,1,1.6824e+09
1.6557e+05,1.6825e+09,2,76,-132,461,-399,44,42,0,0,0,1,1.6825e+09
1.66e+05,1.6826e+09,2,78,-130,457,-399,44,42,0,0,0,1,1.6826e+09
1.6644e+05,1.6827e+09,2,82,-136,452,-399,44,42,0,0,0,1,1.6827e+09
1.6685e+05,1.6828e+09,2,79,-134,459,-399,44,42,0,0,0,1,1.6828e+09
1.6729e+05,1.6829e+09,2,78,-144,451,-399,44,42,0,0,0,1,1.6829e+09
1.6774e+05,1.683e+09,2,74,-142,453,-399,44,42,0,0,0,1,1.683e+09
1.6819e+05,1.6831e+09,2,72,-142,452,-399,44,42,0,0,0,1,1.6831e+09
1.686e+05,1.6832e+09,2,75,-144,455,-399,44,42,0,0,0,1,1.6832e+09
1.6905e+05,1.6833e+09,2,78,-141,453,-399,44,42,0,0,0,1,1.6833e+09
1.6946e+05,1.6835e+09,2,75,-149,456,-399,44,42,0,0,0,1,1.6835e+09
1.6987e+05,1.6836e+09,2,79,-157,455,-399,44,42,0,0,0,1,1.6836e+09
1.7031e+05,1.6837e+09,2,73,-153,461,-399,44,42,0,0,0,1,1.6837e+09
1.7075e+05,1.6838e+09,2,77,-153,449,-399,44,42,0,0,0,1,1.6838e+09
1.7117e+05,1.6839e+09,2,69,-153,462,-399,44,42,0,0,0,1,1.6839e+09
1.7161e+05,1.684e+09,2,72,-158,461,-399,44,42,0,0,0,1,1.684e+09
1.7206e+05,1.6841e+09,2,79,-140,443,-399,44,42,0,0,0,1,1.6841e+09
1.725e+05,1.6842e+09,2,75,-132,450,-399,44,42,0,0,0,1,1.6842e+09
1.7294e+05,1.6843e+09,2,70,-128,457,-399,44,42,0,0,0,1,1.6843e+09
1.7339e+05,1.6844e+09,2,70,-129,460,-399,44,42,0,0,0,1,1.6844e+09
1.7383e+05,1.6845e+09,2,73,-130,461,-399,44,42,0,0,0,1,1.6845e+09
1.7423e+05,1.6846e+09,2,76,-130,448,-399,44,42,0,0,0,1,1.6846e+09
1.7465e+05,1.6848e+09,2,80,-138,449,-399,44,42,0,0,0,1,1.6848e+09
1.7506e+05,1.6849e+09,2,73,-149,454,-399,44,42,0,0,0,1,1.6849e+09
1.7551e+05,1.685e+09,2,69,-151,452,-399,44,42,0,0,0,1,1.685e+09
1.7596e+05,1.6851e+09,2,79,-163,444,-399,44,42,0,0,0,1,1.6851e+09
1.764e+05,1.6852e+09,2,71,-170,446,-399,44,42,0,0,0,1,1.6852e+09
1.7684e+05,1.6853e+09,2,74,-173,452,-399,44,42,0,0,0,1,1.6853e+09
1.7729e+05,1.6854e+09,2,56,-159,458,-399,44,42,0,0,0,1,1.6854e+09
1.7774e+05,1.6855e+09,2,66,-160,448,-399,44,42,0,0,0,1,1.6855e+09
1.7818e+05,1.6856e+09,2,66,-156,451,-399,44,42,0,0,0,1,1.6856e+09
1.7859e+05,1.6857e+09,2,59,-166,455,-399,44,42,0,0,0,1,1.6857e+09
1.7903e+05,1.6858e+09,2,83,-184,446,-399,44,42,0,0,0,1,1.6858e+09
1.7948e+05,1.6859e+09,2,75,-187,433,-399,44,42,0,0,0,1,1.6859e+09
1.7989e+05,1.686e+09,2,90,-191,437,-399,44,42,0,0,0,1,1.686e+09
1.8033e+05,1.6861e+09,2,79,-176,430,-399,44,42,0,0,0,1,1.6861e+09
1.8077e+05,1.6863e+09,2,86,-172,438,-399,44,42,0,0,0,1,1.6863e+09
1.8119e+05,1.6864e+09,2,73,-170,447,-399,44,42,0,0,0,1,1.6864e+09
1.8161e+05,1.6865e+09,2,65,-172,467,-399,44,42,0,0,0,1,1.6865e+09
1.8204e+05,1.6866e+09,2,58,-178,461,-399,44,42,0,0,0,1,1.6866e+09
1.8245e+05,1.6867e+09,2,58,-171,464,-399,44,42,0,0,0,1,1.6867e+09
1.8289e+05,1.6868e+09,2,56,-167,457,-399,44,42,0,0,0,1,1.6868e+09
1.8334e+05,1.6869e+09,2,60,-165,463,-399,44,42,0,0,0,1,1.6869e+09
1.8375e+05,1.687e+09,2,73,-162,455,-399,44,42,0,0,0,1,1.687e+09
1.842e+05,1.6871e+09,2,69,-167,450,-399,44,42,0,0,0,1,1.6871e+09
1.8464e+05,1.6872e+09,2,61,-158,462,-399,44,42,0,0,0,1,1.6872e+09
1.8508e+05,1.6873e+09,2,64,-148,458,-399,44,42,0,0,0,1,1.6873e+09
1.855e+05,1.6874e+09,2,74,-134,450,-399,44,42,0,0,0,1,1.6874e+09
1.8594e+05,1.6875e+09,2,79,-134,444,-399,44,42,0,0,0,1,1.6875e+09
1.8635e+05,1.6877e+09,2,79,-140,447,-399,44,42,0,0,0,1,1.6877e+09
1.868e+05,1.6878e+09,2,75,-155,446,-399,44,42,0,0,0,1,1.6878e+09
1.8721e+05,1.6879e+09,2,74,-151,453,-399,44,42,0,0,0,1,1.6879e+09
1.8766e+05,1.688e+09,2,76,-150,445,-399,44,42,0,0,0,1,1.688e+09
1.8808e+05,1.6881e+09,2,73,-144,447,-399,44,42,0,0,0,1,1.6881e+09
1.8848e+05,1.6882e+09,2,63,-148,454,-399,44,42,0,0,0,1,1.6882e+09
1.8892e+05,1.6883e+09,2,73,-142,445,-399,44,42,0,0,0,1,1.6883e+09
1.8933e+05,1.6884e+09,2,67,-158,456,-399,44,42,0,0,0,1,1.6884e+09
1.8978e+05,1.6885e+09,2,74,-141,453,-399,44,42,0,0,0,1,1.6885e+09
1.9018e+05,1.6886e+09,2,73,-154,447,-399,44,42,0,0,0,1,1.6886e+09
1.9063e+05,1.6887e+09,2,72,-147,455,-399,44,42,0,0,0,1,1.6887e+09
1.9108e+05,1.6888e+09,2,65,-157,451,-399,44,42,0,0,0,1,1.6888e+09
1.9152e+05,1.6889e+09,2,58,-157,455,-399,44,42,0,0,0,1,1.6889e+09
1.9196e+05,1.689e+09,2,50,-167,466,-399,44,42,0,0,0,1,1.689e+09
1.9241e+05,1.6892e+09,2,63,-152,459,-399,44,42,0,0,0,1,1.6892e+09
1.9282e+05,1.6893e+09,2,66,-138,461,-399,44,42,0,0,0,1,1.6893e+09
1.9326e+05,1.6894e+09,2,66,-145,457,-399,44,42,0,0,0,1,1.6894e+09
1.9369e+05,1.6895e+09,2,72,-136,454,-399,44,42,0,0,0,1,1.6895e+09
1.9412e+05,1.6896e+09,2,79,-142,446,-399,44,42,0,0,0,1,1.6896e+09
1.9456e+05,1.6897e+09,2,76,-149,452,-399,44,42,0,0,0,1,1.6897e+09
1.9498e+05,1.6898e+09,2,76,-152,446,-399,44,42,0,0,0,1,1.6898e+09
1.9543e+05,1.6899e+09,2,67,-161,462,-399,44,42,0,0,0,1,1.6899e+09
1.9587e+05,1.69e+09,2,77,-150,448,-399,44,42,0,0,0,1,1.69e+09
1.9631e+05,1.6901e+09,2,81,-135,454,-399,44,42,0,0,0,1,1.6901e+09
1.9672e+05,1.6902e+09,2,86,-124,445,-399,44,42,0,0,0,1,1.6902e+09
1.9713e+05,1.6903e+09,2,84,-117,450,-399,44,42,0,0,0,1,1.6903e+09
1.9758e+05,1.6905e+09,2,82,-105,446,-399,44,42,0,0,0,1,1.6905e+09
1.9803e+05,1.6906e+09,2,83,-111,456,-399,44,42,0,0,0,1,1.6906e+09
1.9847e+05,1.6907e+09,2,82,-102,448,-399,44,42,0,0,0,1,1.6907e+09
1.9891e+05,1.6908e+09,2,92,-104,435,-399,44,42,0,0,0,1,1.6908e+09
1.9934e+05,1.6909e+09,2,78,-121,448,-399,44,42,0,0,0,1,1.6909e+09
1.9974e+05,1.691e+09,2,82,-118,445,-399,44,42,0,0,0,1,1.691e+09
2.0018e+05,1.6911e+09,2,122,-121,451,-399,44,42,0,0,0,1,1.6911e+09
2.0063e+05,1.6912e+09,2,73,-119,450,-399,44,42,0,0,0,1,1.6912e+09
2.0107e+05,1.6913e+09,2,84,-119,451,-399,44,42,0,0,0,1,1.6913e+09
2.0148e+05,1.6914e+09,2,85,-113,447,-399,44,42,0,0,0,1,1.6914e+09
2.0193e+05,1.6915e+09,2,80,-118,448,-399,44,42,0,0,0,1,1.6915e+09
2.0237e+05,1.6916e+09,2,73,-121,445,-399,44,42,0,0,0,1,1.6916e+09
2.0278e+05,1.6917e+09,2,76,-126,453,-399,44,42,0,0,0,1,1.6917e+09
2.0319e+05,1.6919e+09,2,71,-126,453,-399,44,42,0,0,0,1,1.6919e+09
2.0364e+05,1.692e+09,2,69,-130,459,-399,44,42,0,0,0,1,1.692e+09
2.0408e+05,1.6921e+09,2,62,-129,464,-399,44,42,0,0,0,1,1.6921e+09
2.0452e+05,1.6922e+09,2,62,-127,455,-399,44,42,0,0,0,1,1.6922e+09
2.0491e+05,1.6923e+09,2,69,-122,452,-399,44,42,0,0,0,1,1.6923e+09
2.0534e+05,1.6924e+09,2,63,-126,458,-399,44,42,0,0,0,1,1.6924e+09
2.0575e+05,1.6925e+09,2,69,-145,457,-399,44,42,0,0,0,1,1.6925e+09
2.0619e+05,1.6926e+09,2,70,-162,452,-399,44,42,0,0,0,1,1.6926e+09
2.0664e+05,1.6927e+09,2,78,-179,450,-399,44,42,0,0,0,1,1.6927e+09
2.0708e+05,1.6928e+09,2,67,-177,457,-399,44,42,0,0,0,1,1.6928e+09
2.0753e+05,1.6929e+09,2,68,-189,453,-399,44,42,0,0,0,1,1.6929e+09
2.0797e+05,1.693e+09,2,68,-180,457,-399,44,42,0,0,0,1,1.693e+09
2.0841e+05,1.6931e+09,2,66,-158,446,-399,44,42,0,0,0,1,1.6931e+09
2.0885e+05,1.6932e+09,2,72,-155,442,-399,44,42,0,0,0,1,1.6932e+09
2.0926e+05,1.6934e+09,2,76,-147,457,-399,44,42,0,0,0,1,1.6934e+09
2.0969e+05,1.6935e+09,2,76,-154,449,-399,44,42,0,0,0,1,1.6935e+09
2.1008e+05,1.6936e+09,2,75,-177,449,-399,44,42,0,0,0,1,1.6936e+09
2.1053e+05,1.6937e+09,2,78,-186,460,-399,44,42,0,0,0,1,1.6937e+09
2.1094e+05,1.6938e+09,2,73,-206,456,-399,44,42,0,0,0,1,1.6938e+09
2.1138e+05,1.6939e+09,2,69,-201,452,-399,44,42,0,0,0,1,1.6939e+09
2.1182e+05,1.694e+09,2,29,-189,453,-399,44,42,0,0,0,1,1.694e+09
2.1227e+05,1.6941e+09,2,76,-182,455,-399,44,42,0,0,0,1,1.6941e+09
2.1271e+05,1.6942e+09,2,88,-154,445,-399,44,42,0,0,0,1,1.6942e+09
2.1312e+05,1.6943e+09,2,83,-147,437,-399,44,42,0,0,0,1,1.6943e+09
2.1357e+05,1.6944e+09,2,94,-126,436,-399,44,42,0,0,0,1,1.6944e+09
2.1401e+05,1.6945e+09,2,94,-137,429,-399,44,42,0,0,0,1,1.6945e+09
2.1444e+05,1.6946e+09,2,91,-144,433,-399,44,42,0,0,0,1,1.6946e+09
2.1483e+05,1.6947e+09,2,97,-147,436,-399,44,42,0,0,0,1,1.6947e+09
2.1527e+05,1.6949e+09,2,88,-149,444,-399,44,42,0,0,0,1,1.6949e+09
2.1568e+05,1.695e+09,2,87,-152,444,-399,44,42,0,0,0,1,1.695e+09
2.1612e+05,1.6951e+09,2,79,-153,442,-399,44,42,0,0,0,1,1.6951e+09
2.1657e+05,1.6952e+09,2,82,-158,430,-399,44,42,0,0,0,1,1.6952e+09
2.1698e+05,1.6953e+09,2,77,-171,430,-399,44,42,0,0,0,1,1.6953e+09
2.1742e+05,1.6954e+09,2,75,-180,440,-399,44,42,0,0,0,1,1.6954e+09
2.1787e+05,1.6955e+09,2,82,-202,436,-399,44,42,0,0,0,1,1.6955e+09
2.1831e+05,1.6956e+09,2,78,-197,439,-399,44,42,0,0,0,1,1.6956e+09
2.1876e+05,1.6957e+09,2,77,-184,439,-399,44,42,0,0,0,1,1.6957e+09
2.192e+05,1.6958e+09,2,74,-158,446,-399,44,42,0,0,0,1,1.6958e+09
2.1962e+05,1.6959e+09,2,88,-144,445,-399,44,42,0,0,0,1,1.6959e+09
2.2006e+05,1.696e+09,2,71,-150,449,-399,44,42,0,0,0,1,1.696e+09
2.205e+05,1.6961e+09,2,54,-161,461,-399,44,42,0,0,0,1,1.6961e+09
2.2095e+05,1.6963e+09,2,41,-184,470,-399,44,42,0,0,0,1,1.6963e+09
2.214e+05,1.6964e+09,2,55,-184,458,-399,44,42,0,0,0,1,1.6964e+09
2.218e+05,1.6965e+09,2,51,-193,455,-399,44,42,0,0,0,1,1.6965e+09
2.2224e+05,1.6966e+09,2,53,-184,464,-399,44,42,0,0,0,1,1.6966e+09
2.2267e+05,1.6967e+09,2,45,-189,468,-399,44,42,0,0,0,1,1.6967e+09
2.231e+05,1.6968e+09,2,50,-182,459,-399,44,42,0,0,0,1,1.6968e+09
2.2354e+05,1.6969e+09,2,49,-183,468,-399,44,42,0,0,0,1,1.6969e+09
2.2398e+05,1.697e+09,2,40,-189,467,-399,44,42,0,0,0,1,1.697e+09
2.2439e+05,1.6971e+09,2,39,-175,463,-399,44,42,0,0,0,1,1.6971e+09
2.2483e+05,1.6972e+09,2,33,-177,466,-399,44,42,0,0,0,1,1.6972e+09
2.2528e+05,1.6973e+09,2,35,-173,476,-399,44,42,0,0,0,1,1.6973e+09
2.2572e+05,1.6974e+09,2,34,-165,475,-399,44,42,0,0,0,1,1.6974e+09
2.2616e+05,1.6975e+09,2,35,-152,461,-399,44,42,0,0,0,1,1.6975e+09
2.266e+05,1.6976e+09,2,42,-150,464,-399,44,42,0,0,0,1,1.6976e+09
2.2702e+05,1.6978e+09,2,41,-169,470,-399,44,42,0,0,0,1,1.6978e+09
2.2745e+05,1.6979e+09,2,46,-155,473,-399,44,42,0,0,0,1,1.6979e+09
2.2787e+05,1.698e+09,2,49,-163,475,-399,44,42,0,0,0,1,1.698e+09
2.2831e+05,1.6981e+09,2,51,-156,471,-399,44,42,0,0,0,1,1.6981e+09
2.2875e+05,1.6982e+09,2,45,-156,473,-399,44,42,0,0,0,1,1.6982e+09
2.292e+05,1.6983e+09,2,38,-159,485,-399,44,42,0,0,0,1,1.6983e+09
2.2964e+05,1.6984e+09,2,31,-146,470,-399,44,42,0,0,0,1,1.6984e+09
2.3009e+05,1.6985e+09,2,40,-140,470,-399,44,42,0,0,0,1,1.6985e+09
2.3053e+05,1.6986e+09,2,35,-139,474,-399,44,42,0,0,0,1,1.6986e+09
2.3094e+05,1.6987e+09,2,39,-135,467,-399,44,42,0,0,0,1,1.6987e+09
2.3139e+05,1.6988e+09,2,40,-139,473,-399,44,42,0,0,0,1,1.6988e+09
2.3183e+05,1.6989e+09,2,37,-149,479,-399,44,42,0,0,0,1,1.6989e+09
2.3226e+05,1.6991e+09,2,34,-154,471,-399,44,42,0,0,0,1,1.6991e+09
2.3268e+05,1.6992e+09,2,41,-150,475,-399,44,42,0,0,0,1,1.6992e+09
2.3312e+05,1.6993e+09,2,28,-154,515,-399,44,42,0,0,0,1,1.6993e+09
2.3354e+05,1.6994e+09,2,25,-164,481,-399,44,42,0,0,0,1,1.6994e+09
2.3398e+05,1.6995e+09,2,11,-168,485,-399,44,42,0,0,0,1,1.6995e+09
2.3443e+05,1.6996e+09,2,4,-166,493,-399,44,42,0,0,0,1,1.6996e+09
2.3487e+05,1.6997e+09,2,8,-154,488,-399,44,42,0,0,0,1,1.6997e+09
2.3528e+05,1.6998e+09,2,0,-155,491,-399,44,42,0,0,0,1,1.6998e+09
2.3573e+05,1.6999e+09,2,5,-139,487,-399,44,42,0,0,0,1,1.6999e+09
2.3614e+05,1.7e+09,2,15,-152,483,-399,44,42,0,0,0,1,1.7e+09
2.3659e+05,1.7001e+09,2,6,-159,498,-399,44,42,0,0,0,1,1.7001e+09
2.3701e+05,1.7002e+09,2,4,-159,484,-399,44,42,0,0,0,1,1.7002e+09
2.3744e+05,1.7003e+09,2,24,-156,483,-399,44,42,0,0,0,1,1.7003e+09
2.3785e+05,1.7004e+09,2,27,-157,472,-399,44,42,0,0,0,1,1.7004e+09
2.3826e+05,1.7006e+09,2,34,-161,471,-399,44,42,0,0,0,1,1.7006e+09
2.3871e+05,1.7007e+09,2,22,-159,473,-399,44,42,0,0,0,1,1.7007e+09
2.3916e+05,1.7008e+09,2,25,-163,482,-399,44,42,0,0,0,1,1.7008e+09
2.396e+05,1.7009e+09,2,20,-170,483,-399,44,42,0,0,0,1,1.7009e+09
2.4004e+05,1.701e+09,2,19,-153,486,-399,44,42,0,0,0,1,1.701e+09
2.4049e+05,1.7011e+09,2,26,-147,473,-399,44,42,0,0,0,1,1.7011e+09
2.4089e+05,1.7012e+09,2,35,-149,472,-399,44,42,0,0,0,1,1.7012e+09
2.4131e+05,1.7013e+09,2,37,-148,470,-399,44,42,0,0,0,1,1.7013e+09
2.4175e+05,1.7014e+09,2,29,-145,482,-399,44,42,0,0,0,1,1.7014e+09
2.4219e+05,1.7015e+09,2,35,-143,472,-399,44,42,0,0,0,1,1.7015e+09
2.4264e+05,1.7016e+09,2,25,-156,474,-399,44,42,0,0,0,1,1.7016e+09
2.4305e+05,1.7018e+09,2,32,-152,479,-399,44,42,0,0,0,1,1.7018e+09
2.435e+05,1.7019e+09,2,34,-147,471,-399,44,42,0,0,0,1,1.7019e+09
2.4391e+05,1.702e+09,2,45,-139,464,-399,44,42,0,0,0,1,1.702e+09
2.4435e+05,1.7021e+09,2,38,-153,467,-399,44,42,0,0,0,1,1.7021e+09
2.4475e+05,1.7022e+09,2,40,-167,466,-399,44,42,0,0,0,1,1.7022e+09
2.4518e+05,1.7023e+09,2,40,-158,467,-399,44,42,0,0,0,1,1.7023e+09
2.4561e+05,1.7024e+09,2,32,-148,478,-399,44,42,0,0,0,1,1.7024e+09
2.4605e+05,1.7025e+09,2,41,-135,454,-399,44,42,0,0,0,1,1.7025e+09
2.4646e+05,1.7026e+09,2,45,-132,462,-399,44,42,0,0,0,1,1.7026e+09
2.4691e+05,1.7027e+09,2,47,-123,469,-399,44,42,0,0,0,1,1.7027e+09
2.4735e+05,1.7028e+09,2,46,-119,466,-399,44,42,0,0,0,1,1.7028e+09
2.478e+05,1.7029e+09,2,53,-128,463,-399,44,42,0,0,0,1,1.7029e+09
2.4824e+05,1.703e+09,2,52,-137,455,-399,44,42,0,0,0,1,1.703e+09
2.4866e+05,1.7032e+09,2,42,-147,467,-399,44,42,0,0,0,1,1.7032e+09
2.4908e+05,1.7033e+09,2,49,-152,458,-399,44,42,0,0,0,1,1.7033e+09
2.495e+05,1.7034e+09,2,47,-146,461,-399,44,42,0,0,0,1,1.7034e+09
2.4994e+05,1.7035e+09,2,48,-142,461,-399,44,42,0,0,0,1,1.7035e+09
2.5039e+05,1.7036e+09,2,48,-180,469,-399,44,42,0,0,0,1,1.7036e+09
2.5083e+05,1.7037e+09,2,40,-174,470,-399,44,42,0,0,0,1,1.7037e+09
2.5124e+05,1.7038e+09,2,30,-178,471,-399,44,42,0,0,0,1,1.7038e+09
2.5169e+05,1.7039e+09,2,33,-182,469,-399,44,42,0,0,0,1,1.7039e+09
2.5214e+05,1.704e+09,2,33,-191,480,-399,44,42,0,0,0,1,1.704e+09
2.5258e+05,1.7041e+09,2,18,-193,483,-399,44,42,0,0,0,1,1.7041e+09
2.5302e+05,1.7042e+09,2,30,-194,482,-399,44,42,0,0,0,1,1.7042e+09
2.5347e+05,1.7043e+09,2,44,-187,475,-399,44,42,0,0,0,1,1.7043e+09
2.5388e+05,1.7044e+09,2,62,-185,462,-399,44,42,0,0,0,1,1.7044e+09
2.5432e+05,1.7045e+09,2,87,-170,441,-399,44,42,0,0,0,1,1.7045e+09
2.5476e+05,1.7047e+09,2,89,-161,432,-399,44,42,0,0,0,1,1.7047e+09
2.5521e+05,1.7048e+09,2,92,-136,415,-399,44,42,0,0,0,1,1.7048e+09
2.5565e+05,1.7049e+09,2,107,-122,420,-399,44,42,0,0,0,1,1.7049e+09
2.5609e+05,1.705e+09,2,88,-138,432,-399,44,42,0,0,0,1,1.705e+09
2.5654e+05,1.7051e+09,2,52,-140,450,-399,44,42,0,0,0,1,1.7051e+09
2.5695e+05,1.7052e+09,2,44,-164,463,-399,44,42,0,0,0,1,1.7052e+09
2.5739e+05,1.7053e+09,2,40,-175,465,-399,44,42,0,0,0,1,1.7053e+09
2.578e+05,1.7054e+09,2,42,-173,470,-399,44,42,0,0,0,1,1.7054e+09
2.5823e+05,1.7055e+09,2,33,-162,467,-399,44,42,0,0,0,1,1.7055e+09
2.5866e+05,1.7056e+09,2,39,-164,468,-399,44,42,0,0,0,1,1.7056e+09
2.591e+05,1.7057e+09,2,37,-170,476,-399,44,42,0,0,0,1,1.7057e+09
2.5955e+05,1.7058e+09,2,38,-166,472,-399,44,42,0,0,0,1,1.7058e+09
2.5997e+05,1.7059e+09,2,33,-170,469,-399,44,42,0,0,0,1,1.7059e+09
2.6041e+05,1.7061e+09,2,40,-160,469,-399,44,42,0,0,0,1,1.7061e+09
2.6085e+05,1.7062e+09,2,53,-146,462,-399,44,42,0,0,0,1,1.7062e+09
2.6124e+05,1.7063e+09,2,57,-140,449,-399,44,42,0,0,0,1,1.7063e+09
2.6166e+05,1.7064e+09,2,67,-152,458,-399,44,42,0,0,0,1,1.7064e+09
2.6211e+05,1.7065e+09,2,52,-149,459,-399,44,42,0,0,0,1,1.7065e+09
2.6252e+05,1.7066e+09,2,55,-145,458,-399,44,42,0,0,0,1,1.7066e+09
2.6296e+05,1.7067e+09,2,49,-150,460,-399,44,42,0,0,0,1,1.7067e+09
2.6341e+05,1.7068e+09,2,52,-161,463,-399,44,42,0,0,0,1,1.7068e+09
2.6385e+05,1.7069e+09,2,49,-171,475,-399,44,42,0,0,0,1,1.7069e+09
2.6426e+05,1.707e+09,2,36,-172,474,-399,44,42,0,0,0,1,1.707e+09
2.6471e+05,1.7071e+09,2,30,-177,472,-399,44,42,0,0,0,1,1.7071e+09
2.6515e+05,1.7072e+09,2,15,-187,493,-399,44,42,0,0,0,1,1.7072e+09
2.656e+05,1.7073e+09,2,23,-205,484,-399,44,42,0,0,0,1,1.7073e+09
2.66e+05,1.7074e+09,2,20,-213,486,-399,44,42,0,0,0,1,1.7074e+09
2.6645e+05,1.7076e+09,2,22,-217,476,-399,44,42,0,0,0,1,1.7076e+09
2.6689e+05,1.7077e+09,2,36,-209,468,-399,44,42,0,0,0,1,1.7077e+09
2.6734e+05,1.7078e+09,2,45,-214,472,-399,44,42,0,0,0,1,1.7078e+09
2.6778e+05,1.7079e+09,2,46,-198,466,-399,44,42,0,0,0,1,1.7079e+09
2.6822e+05,1.708e+09,2,50,-215,467,-399,44,42,0,0,0,1,1.708e+09
2.6865e+05,1.7081e+09,2,34,-222,472,-399,44,42,0,0,0,1,1.7081e+09
2.6904e+05,1.7082e+09,2,56,-200,463,-399,44,42,0,0,0,1,1.7082e+09
2.6949e+05,1.7083e+09,2,42,-210,473,-399,44,42,0,0,0,1,1.7083e+09
2.699e+05,1.7084e+09,2,49,-205,470,-399,44,42,0,0,0,1,1.7084e+09
2.7034e+05,1.7085e+09,2,35,-210,478,-399,44,42,0,0,0,1,1.7085e+09
2.7078e+05,1.7086e+09,2,39,-215,471,-399,44,42,0,0,0,1,1.7086e+09
2.712e+05,1.7087e+09,2,42,-214,465,-399,44,42,0,0,0,1,1.7087e+09
2.7164e+05,1.7088e+09,2,37,-216,475,-399,44,42,0,0,0,1,1.7088e+09
2.7209e+05,1.709e+09,2,50,-211,469,-399,44,42,0,0,0,1,1.709e+09
2.7253e+05,1.7091e+09,2,31,-212,479,-399,44,42,0,0,0,1,1.7091e+09
2.7297e+05,1.7092e+09,2,40,-207,464,-399,44,42,0,0,0,1,1.7092e+09
2.7337e+05,1.7093e+09,2,35,-209,473,-399,44,42,0,0,0,1,1.7093e+09
2.7379e+05,1.7094e+09,2,38,-202,470,-399,44,42,0,0,0,1,1.7094e+09
2.742e+05,1.7095e+09,2,31,-219,482,-399,44,42,0,0,0,1,1.7095e+09
2.7464e+05,1.7096e+09,2,30,-213,479,-399,44,42,0,0,0,1,1.7096e+09
2.7509e+05,1.7097e+09,2,29,-207,480,-399,44,42,0,0,0,1,1.7097e+09
2.7553e+05,1.7098e+09,2,36,-205,473,-399,44,42,0,0,0,1,1.7098e+09
2.7598e+05,1.7099e+09,2,18,-204,479,-399,44,42,0,0,0,1,1.7099e+09
2.7642e+05,1.71e+09,2,26,-203,488,-399,44,42,0,0,0,1,1.71e+09
2.7686e+05,1.7101e+09,2,28,-216,483,-399,44,42,0,0,0,1,1.7101e+09
2.773e+05,1.7102e+09,2,15,-216,490,-399,44,42,0,0,0,1,1.7102e+09
2.7775e+05,1.7104e+09,2,29,-208,478,-399,44,42,0,0,0,1,1.7104e+09
2.782e+05,1.7105e+09,2,24,-217,484,-399,44,42,0,0,0,1,1.7105e+09
2.7861e+05,1.7106e+09,2,22,-216,486,-399,44,42,0,0,0,1,1.7106e+09
2.7903e+05,1.7107e+09,2,24,-222,481,-399,44,42,0,0,0,1,1.7107e+09
2.7946e+05,1.7108e+09,2,24,-223,472,-399,44,42,0,0,0,1,1.7108e+09
2.799e+05,1.7109e+09,2,34,-203,469,-399,44,42,0,0,0,1,1.7109e+09
2.8034e+05,1.711e+09,2,33,-212,469,-399,44,42,0,0,0,1,1.711e+09
2.8076e+05,1.7111e+09,2,35,-214,476,-399,44,42,0,0,0,1,1.7111e+09
2.812e+05,1.7112e+09,2,29,-216,478,-399,44,42,0,0,0,1,1.7112e+09
2.8161e+05,1.7113e+09,2,23,-217,475,-399,44,42,0,0,0,1,1.7113e+09
2.8202e+05,1.7114e+09,2,29,-217,479,-399,44,42,0,0,0,1,1.7114e+09
2.8247e+05,1.7115e+09,2,38,-197,472,-399,44,42,0,0,0,1,1.7115e+09
2.8291e+05,1.7116e+09,2,41,-213,478,-399,44,42,0,0,0,1,1.7116e+09
2.8336e+05,1.7117e+09,2,28,-226,481,-399,44,42,0,0,0,1,1.7117e+09
2.8377e+05,1.7119e+09,2,24,-222,485,-399,44,42,0,0,0,1,1.7119e+09
2.8421e+05,1.712e+09,2,28,-209,481,-399,44,42,0,0,0,1,1.712e+09
2.846e+05,1.7121e+09,2,30,-202,472,-399,44,42,0,0,0,1,1.7121e+09
2.8503e+05,1.7122e+09,2,35,-207,478,-399,44,42,0,0,0,1,1.7122e+09
2.8547e+05,1.7123e+09,2,32,-208,477,-399,44,42,0,0,0,1,1.7123e+09
2.8588e+05,1.7124e+09,2,38,-190,461,-399,44,42,0,0,0,1,1.7124e+09
2.8633e+05,1.7125e+09,2,47,-196,463,-399,44,42,0,0,0,1,1.7125e+09
2.8677e+05,1.7126e+09,2,37,-210,475,-399,44,42,0,0,0,1,1.7126e+09
2.8718e+05,1.7127e+09,2,50,-192,458,-399,44,42,0,0,0,1,1.7127e+09
2.8763e+05,1.7128e+09,2,46,-166,462,-399,44,42,0,0,0,1,1.7128e+09
2.8807e+05,1.7129e+09,2,53,-141,460,-399,44,42,0,0,0,1,1.7129e+09
2.8852e+05,1.713e+09,2,62,-110,459,-399,44,42,0,0,0,1,1.713e+09
2.8896e+05,1.7131e+09,2,86,-82,459,-399,44,42,0,0,0,1,1.7131e+09
2.894e+05,1.7132e+09,2,10,-36,452,-399,44,42,0,0,0,1,1.7132e+09
2.8985e+05,1.7134e+09,2,43,-13,446,-399,44,42,0,0,0,1,1.7134e+09
2.9026e+05,1.7135e+09,2,49,-20,448,-399,44,42,0,0,0,1,1.7135e+09
2.907e+05,1.7136e+09,2,48,-40,460,-399,44,42,0,0,0,1,1.7136e+09
2.9112e+05,1.7137e+09,2,37,-59,473,-399,44,42,0,0,0,1,1.7137e+09
2.9155e+05,1.7138e+09,2,47,-61,464,-399,44,42,0,0,0,1,1.7138e+09
2.9199e+05,1.7139e+09,2,42,-83,469,-399,44,42,0,0,0,1,1.7139e+09
2.9241e+05,1.714e+09,2,46,-130,474,-399,44,42,0,0,0,1,1.714e+09
2.9285e+05,1.7141e+09,2,34,-159,467,-399,44,42,0,0,0,1,1.7141e+09
2.9329e+05,1.7142e+09,2,40,-177,470,-399,44,42,0,0,0,1,1.7142e+09
2.9373e+05,1.7143e+09,2,39,-190,476,-399,44,42,0,0,0,1,1.7143e+09
2.9418e+05,1.7144e+09,2,25,-196,475,-399,44,42,0,0,0,1,1.7144e+09
2.9459e+05,1.7145e+09,2,25,-188,471,-399,44,42,0,0,0,1,1.7145e+09
2.9503e+05,1.7147e+09,2,38,-162,464,-399,44,42,0,0,0,1,1.7147e+09
2.9548e+05,1.7148e+09,2,38,-172,467,-399,44,42,0,0,0,1,1.7148e+09
2.9591e+05,1.7149e+09,2,39,-170,471,-399,44,42,0,0,0,1,1.7149e+09
2.9633e+05,1.715e+09,2,41,-170,472,-399,44,42,0,0,0,1,1.715e+09
2.9674e+05,1.7151e+09,2,37,-174,472,-399,44,42,0,0,0,1,1.7151e+09
2.9715e+05,1.7152e+09,2,40,-169,486,-399,44,42,0,0,0,1,1.7152e+09
2.976e+05,1.7153e+09,2,36,-169,474,-399,44,42,0,0,0,1,1.7153e+09
2.9804e+05,1.7154e+09,2,30,-178,475,-399,44,42,0,0,0,1,1.7154e+09
2.9848e+05,1.7155e+09,2,35,-174,476,-399,44,42,0,0,0,1,1.7155e+09
2.9892e+05,1.7156e+09,2,30,-169,478,-399,44,42,0,0,0,1,1.7156e+09
2.9937e+05,1.7157e+09,2,41,-170,474,-399,44,42,0,0,0,1,1.7157e+09
2.9981e+05,1.7158e+09,2,25,-176,482,-399,44,42,0,0,0,1,1.7158e+09
3.0026e+05,1.7159e+09,2,19,-186,483,-399,44,42,0,0,0,1,1.7159e+09
3.0067e+05,1.716e+09,2,28,-174,481,-399,44,42,0,0,0,1,1.716e+09
3.0111e+05,1.7162e+09,2,36,-164,471,-399,44,42,0,0,0,1,1.7162e+09
3.0153e+05,1.7163e+09,2,56,-155,464,-399,44,42,0,0,0,1,1.7163e+09
3.0192e+05,1.7164e+09,2,66,-152,452,-399,44,42,0,0,0,1,1.7164e+09
3.0237e+05,1.7165e+09,2,63,-159,457,-399,44,42,0,0,0,1,1.7165e+09
3.0281e+05,1.7166e+09,2,52,-159,462,-399,44,42,0,0,0,1,1.7166e+09
3.0326e+05,1.7167e+09,2,39,-150,467,-399,44,42,0,0,0,1,1.7167e+09
3.0367e+05,1.7168e+09,2,43,-153,469,-399,44,42,0,0,0,1,1.7168e+09
3.0412e+05,1.7169e+09,2,38,-137,474,-399,44,42,0,0,0,1,1.7169e+09
3.0456e+05,1.717e+09,2,36,-121,468,-399,44,42,0,0,0,1,1.717e+09
3.05e+05,1.7171e+09,2,38,-110,466,-399,44,42,0,0,0,1,1.7171e+09
3.0544e+05,1.7172e+09,2,41,-97,465,-399,44,42,0,0,0,1,1.7172e+09
3.0588e+05,1.7173e+09,2,35,-107,475,-399,44,42,0,0,0,1,1.7173e+09
3.0632e+05,1.7175e+09,2,41,-125,463,-399,44,42,0,0,0,1,1.7175e+09
3.0677e+05,1.7176e+09,2,41,-134,471,-399,44,42,0,0,0,1,1.7176e+09
3.0719e+05,1.7177e+09,2,46,-140,467,-399,44,42,0,0,0,1,1.7177e+09
3.0763e+05,1.7178e+09,2,56,-130,462,-399,44,42,0,0,0,1,1.7178e+09
3.0805e+05,1.7179e+09,2,60,-143,462,-399,44,42,0,0,0,1,1.7179e+09
3.0849e+05,1.718e+09,2,67,-141,454,-399,44,42,0,0,0,1,1.718e+09
3.0888e+05,1.7181e+09,2,55,-148,459,-399,44,42,0,0,0,1,1.7181e+09
3.0931e+05,1.7182e+09,2,65,-159,446,-399,44,42,0,0,0,1,1.7182e+09
3.0976e+05,1.7183e+09,2,61,-156,456,-399,44,42,0,0,0,1,1.7183e+09
3.102e+05,1.7184e+09,2,59,-152,454,-399,44,42,0,0,0,1,1.7184e+09
3.1065e+05,1.7185e+09,2,59,-178,467,-399,44,42,0,0,0,1,1.7185e+09
3.1106e+05,1.7186e+09,2,103,-168,457,-399,44,42,0,0,0,1,1.7186e+09
3.115e+05,1.7187e+09,2,54,-166,465,-399,44,42,0,0,0,1,1.7187e+09
3.1195e+05,1.7189e+09,2,53,-159,458,-399,44,42,0,0,0,1,1.7189e+09
3.124e+05,1.719e+09,2,48,-165,462,-399,44,42,0,0,0,1,1.719e+09
3.1316e+05,1.7192e+09,2,48,-178,458,-399,44,42,0,0,0,1,1.7192e+09
3.1361e+05,1.7193e+09,2,33,-173,469,-399,44,42,0,0,0,1,1.7193e+09
3.1404e+05,1.7194e+09,2,29,-127,473,-399,44,42,0,0,0,1,1.7194e+09
3.1443e+05,1.7195e+09,2,36,-105,483,-399,44,42,0,0,0,1,1.7195e+09
3.1486e+05,1.7196e+09,2,25,-112,485,-399,44,42,0,0,0,1,1.7196e+09
3.1531e+05,1.7197e+09,2,35,-114,476,-399,44,42,0,0,0,1,1.7197e+09
3.1575e+05,1.7198e+09,2,37,-117,477,-399,44,42,0,0,0,1,1.7198e+09
3.162e+05,1.7199e+09,2,46,-117,473,-399,44,42,0,0,0,1,1.7199e+09
3.1664e+05,1.72e+09,2,50,-120,463,-399,44,42,0,0,0,1,1.72e+09
3.1706e+05,1.7202e+09,2,55,-113,464,-399,44,42,0,0,0,1,1.7202e+09
3.175e+05,1.7203e+09,2,49,-108,455,-399,44,42,0,0,0,1,1.7203e+09
3.1795e+05,1.7204e+09,2,67,-116,453,-399,44,42,0,0,0,1,1.7204e+09
3.1839e+05,1.7205e+09,2,63,-116,452,-399,44,42,0,0,0,1,1.7205e+09
3.1883e+05,1.7206e+09,2,67,-134,446,-399,44,42,0,0,0,1,1.7206e+09
3.1928e+05,1.7207e+09,2,60,-147,456,-399,44,42,0,0,0,1,1.7207e+09
3.1969e+05,1.7208e+09,2,61,-147,451,-399,44,42,0,0,0,1,1.7208e+09
3.2014e+05,1.7209e+09,2,67,-151,451,-399,44,42,0,0,0,1,1.7209e+09
3.2058e+05,1.721e+09,2,68,-148,456,-399,44,42,0,0,0,1,1.721e+09
3.2102e+05,1.7211e+09,2,64,-155,453,-399,44,42,0,0,0,1,1.7211e+09
3.2143e+05,1.7212e+09,2,65,-156,444,-399,44,42,0,0,0,1,1.7212e+09
3.2185e+05,1.7213e+09,2,60,-143,453,-399,44,42,0,0,0,1,1.7213e+09
3.2228e+05,1.7214e+09,2,66,-148,446,-399,44,42,0,0,0,1,1.7214e+09
3.2273e+05,1.7215e+09,2,66,-154,466,-399,44,42,0,0,0,1,1.7215e+09
3.2317e+05,1.7217e+09,2,137,-156,455,-399,44,42,0,0,0,1,1.7217e+09
3.2361e+05,1.7218e+09,2,58,-164,461,-399,44,42,0,0,0,1,1.7218e+09
3.2406e+05,1.7219e+09,2,44,-175,466,-399,44,42,0,0,0,1,1.7219e+09
3.2447e+05,1.722e+09,2,37,-190,473,-399,44,42,0,0,0,1,1.722e+09
3.2492e+05,1.7221e+09,2,36,-190,468,-399,44,42,0,0,0,1,1.7221e+09
3.2536e+05,1.7222e+09,2,42,-195,457,-399,44,42,0,0,0,1,1.7222e+09
3.258e+05,1.7223e+09,2,38,-186,460,-399,44,42,0,0,0,1,1.7223e+09
3.2621e+05,1.7224e+09,2,43,-183,460,-399,44,42,0,0,0,1,1.7224e+09
3.2666e+05,1.7225e+09,2,40,-169,461,-399,44,42,0,0,0,1,1.7225e+09
3.271e+05,1.7226e+09,2,25,-180,470,-399,44,42,0,0,0,1,1.7226e+09
3.2754e+05,1.7227e+09,2,42,-185,467,-399,44,42,0,0,0,1,1.7227e+09
3.2796e+05,1.7228e+09,2,38,-161,470,-399,44,42,0,0,0,1,1.7228e+09
3.284e+05,1.7229e+09,2,28,-139,477,-399,44,42,0,0,0,1,1.7229e+09
3.2881e+05,1.723e+09,2,39,-120,476,-399,44,42,0,0,0,1,1.723e+09
3.2926e+05,1.7232e+09,2,46,-112,470,-399,44,42,0,0,0,1,1.7232e+09
3.2968e+05,1.7233e+09,2,51,-108,464,-399,44,42,0,0,0,1,1.7233e+09
3.301e+05,1.7234e+09,2,61,-130,453,-399,44,42,0,0,0,1,1.7234e+09
3.3054e+05,1.7235e+09,2,44,-153,467,-399,44,42,0,0,0,1,1.7235e+09
3.3098e+05,1.7236e+09,2,52,-157,465,-399,44,42,0,0,0,1,1.7236e+09
3.3143e+05,1.7237e+09,2,49,-179,463,-399,44,42,0,0,0,1,1.7237e+09
3.3184e+05,1.7238e+09,2,60,-174,454,-399,44,42,0,0,0,1,1.7238e+09
3.3229e+05,1.7239e+09,2,60,-170,457,-399,44,42,0,0,0,1,1.7239e+09
3.3273e+05,1.724e+09,2,69,-160,442,-399,44,42,0,0,0,1,1.724e+09
3.3318e+05,1.7241e+09,2,69,-159,447,-399,44,42,0,0,0,1,1.7241e+09
3.3362e+05,1.7242e+09,2,76,-146,442,-399,44,42,0,0,0,1,1.7242e+09
3.3403e+05,1.7243e+09,2,81,-132,440,-399,44,42,0,0,0,1,1.7243e+09
3.3444e+05,1.7244e+09,2,91,-133,438,-399,44,42,0,0,0,1,1.7244e+09
3.3489e+05,1.7245e+09,2,75,-136,442,-399,44,42,0,0,0,1,1.7245e+09
3.3533e+05,1.7247e+09,2,84,-134,440,-399,44,42,0,0,0,1,1.7247e+09
3.3574e+05,1.7248e+09,2,78,-136,446,-399,44,42,0,0,0,1,1.7248e+09
3.3619e+05,1.7249e+09,2,72,-139,442,-399,44,42,0,0,0,1,1.7249e+09
3.3663e+05,1.725e+09,2,70,-150,445,-399,44,42,0,0,0,1,1.725e+09
3.3707e+05,1.7251e+09,2,75,-127,450,-399,44,42,0,0,0,1,1.7251e+09
3.3748e+05,1.7252e+09,2,68,-134,451,-399,44,42,0,0,0,1,1.7252e+09
3.3793e+05,1.7253e+09,2,77,-143,445,-399,44,42,0,0,0,1,1.7253e+09
3.3837e+05,1.7254e+09,2,76,-143,443,-399,44,42,0,0,0,1,1.7254e+09
3.3878e+05,1.7255e+09,2,71,-157,439,-399,44,42,0,0,0,1,1.7255e+09
3.3922e+05,1.7256e+09,2,65,-156,438,-399,44,42,0,0,0,1,1.7256e+09
3.3967e+05,1.7257e+09,2,66,-144,448,-399,44,42,0,0,0,1,1.7257e+09
3.401e+05,1.7258e+09,2,65,-146,445,-399,44,42,0,0,0,1,1.7258e+09
3.4053e+05,1.7259e+09,2,64,-132,450,-399,44,42,0,0,0,1,1.7259e+09
3.4096e+05,1.726e+09,2,61,-146,454,-399,44,42,0,0,0,1,1.726e+09
3.4141e+05,1.7262e+09,2,67,-147,447,-399,44,42,0,0,0,1,1.7262e+09
3.4185e+05,1.7263e+09,2,77,-141,440,-399,44,42,0,0,0,1,1.7263e+09
3.4226e+05,1.7264e+09,2,81,-144,438,-399,44,42,0,0,0,1,1.7264e+09
3.4271e+05,1.7265e+09,2,88,-134,435,-399,44,42,0,0,0,1,1.7265e+09
3.4315e+05,1.7266e+09,2,85,-144,430,-399,44,42,0,0,0,1,1.7266e+09
3.436e+05,1.7267e+09,2,74,-141,445,-399,44,42,0,0,0,1,1.7267e+09
3.4401e+05,1.7268e+09,2,69,-149,452,-399,44,42,0,0,0,1,1.7268e+09
3.4445e+05,1.7269e+09,2,65,-148,453,-399,44,42,0,0,0,1,1.7269e+09
3.4486e+05,1.727e+09,2,58,-147,461,-399,44,42,0,0,0,1,1.727e+09
3.4531e+05,1.7271e+09,2,62,-126,447,-399,44,42,0,0,0,1,1.7271e+09
3.4575e+05,1.7272e+09,2,64,-116,450,-399,44,42,0,0,0,1,1.7272e+09
3.462e+05,1.7273e+09,2,71,-113,450,-399,44,42,0,0,0,1,1.7273e+09
3.4664e+05,1.7274e+09,2,67,-121,447,-399,44,42,0,0,0,1,1.7274e+09
3.4705e+05,1.7276e+09,2,61,-130,454,-399,44,42,0,0,0,1,1.7276e+09
3.4747e+05,1.7277e+09,2,54,-127,455,-399,44,42,0,0,0,1,1.7277e+09
3.479e+05,1.7278e+09,2,59,-126,450,-399,44,42,0,0,0,1,1.7278e+09
3.4831e+05,1.7279e+09,2,61,-145,457,-399,44,42,0,0,0,1,1.7279e+09
3.4875e+05,1.728e+09,2,61,-157,465,-399,44,42,0,0,0,1,1.728e+09
3.492e+05,1.7281e+09,2,68,-160,457,-399,44,42,0,0,0,1,1.7281e+09
3.4964e+05,1.7282e+09,2,67,-163,449,-399,44,42,0,0,0,1,1.7282e+09
3.5008e+05,1.7283e+09,2,81,-151,444,-399,44,42,0,0,0,1,1.7283e+09
3.5049e+05,1.7284e+09,2,79,-143,447,-399,44,42,0,0,0,1,1.7284e+09
3.5094e+05,1.7285e+09,2,75,-144,447,-399,44,42,0,0,0,1,1.7285e+09
3.5135e+05,1.7286e+09,2,81,-134,445,-399,44,42,0,0,0,1,1.7286e+09
3.5179e+05,1.7287e+09,2,80,-132,445,-399,44,42,0,0,0,1,1.7287e+09
3.5223e+05,1.7288e+09,2,85,-122,445,-399,44,42,0,0,0,1,1.7288e+09
3.5268e+05,1.729e+09,2,78,-120,461,-399,44,42,0,0,0,1,1.729e+09
3.5309e+05,1.7291e+09,2,80,-110,441,-399,44,42,0,0,0,1,1.7291e+09
3.535e+05,1.7292e+09,2,80,-111,448,-399,44,42,0,0,0,1,1.7292e+09
3.5395e+05,1.7293e+09,2,79,-114,451,-399,44,42,0,0,0,1,1.7293e+09
3.5439e+05,1.7294e+09,2,82,-103,444,-399,44,42,0,0,0,1,1.7294e+09
3.5481e+05,1.7295e+09,2,92,-112,443,-399,44,42,0,0,0,1,1.7295e+09
3.5522e+05,1.7296e+09,2,85,-117,442,-399,44,42,0,0,0,1,1.7296e+09
3.5566e+05,1.7297e+09,2,82,-109,449,-399,44,42,0,0,0,1,1.7297e+09
3.561e+05,1.7298e+09,2,84,-114,443,-399,44,42,0,0,0,1,1.7298e+09
3.5655e+05,1.7299e+09,2,87,-115,445,-399,44,42,0,0,0,1,1.7299e+09
3.5699e+05,1.73e+09,2,90,-117,443,-399,44,42,0,0,0,1,1.73e+09
3.5741e+05,1.7301e+09,2,87,-116,440,-399,44,42,0,0,0,1,1.7301e+09
3.5785e+05,1.7302e+09,2,82,-127,442,-399,44,42,0,0,0,1,1.7302e+09
3.5829e+05,1.7304e+09,2,97,-110,442,-399,44,42,0,0,0,1,1.7304e+09
3.587e+05,1.7305e+09,2,81,-129,442,-399,44,42,0,0,0,1,1.7305e+09
3.5914e+05,1.7306e+09,2,79,-136,451,-399,44,42,0,0,0,1,1.7306e+09
3.5959e+05,1.7307e+09,2,69,-138,450,-399,44,42,0,0,0,1,1.7307e+09
3.6e+05,1.7308e+09,2,67,-145,453,-399,44,42,0,0,0,1,1.7308e+09
3.6045e+05,1.7309e+09,2,66,-158,458,-399,44,42,0,0,0,1,1.7309e+09
3.6085e+05,1.731e+09,2,68,-174,444,-399,44,42,0,0,0,1,1.731e+09
3.6128e+05,1.7311e+09,2,67,-175,451,-399,44,42,0,0,0,1,1.7311e+09
3.6168e+05,1.7312e+09,2,67,-167,453,-399,44,42,0,0,0,1,1.7312e+09
3.6212e+05,1.7313e+09,2,77,-162,450,-399,44,42,0,0,0,1,1.7313e+09
3.6256e+05,1.7314e+09,2,66,-155,448,-399,44,42,0,0,0,1,1.7314e+09
3.6301e+05,1.7315e+09,2,76,-129,445,-399,44,42,0,0,0,1,1.7315e+09
3.6345e+05,1.7316e+09,2,74,-117,447,-399,44,42,0,0,0,1,1.7316e+09
3.6387e+05,1.7317e+09,2,72,-117,444,-399,44,42,0,0,0,1,1.7317e+09
3.6431e+05,1.7319e+09,2,75,-117,443,-399,44,42,0,0,0,1,1.7319e+09
3.6472e+05,1.732e+09,2,85,-120,443,-399,44,42,0,0,0,1,1.732e+09
3.6517e+05,1.7321e+09,2,81,-121,429,-399,44,42,0,0,0,1,1.7321e+09
3.6561e+05,1.7322e+09,2,84,-130,437,-399,44,42,0,0,0,1,1.7322e+09
3.6602e+05,1.7323e+09,2,81,-119,440,-399,44,42,0,0,0,1,1.7323e+09
3.6646e+05,1.7324e+09,2,87,-118,443,-399,44,42,0,0,0,1,1.7324e+09
3.6688e+05,1.7325e+09,2,80,-119,435,-399,44,42,0,0,0,1,1.7325e+09
3.6728e+05,1.7326e+09,2,75,-127,444,-399,44,42,0,0,0,1,1.7326e+09
3.6772e+05,1.7327e+09,2,66,-124,448,-399,44,42,0,0,0,1,1.7327e+09
3.6817e+05,1.7328e+09,2,76,-127,443,-399,44,42,0,0,0,1,1.7328e+09
3.6862e+05,1.7329e+09,2,81,-120,431,-399,44,42,0,0,0,1,1.7329e+09
3.6905e+05,1.733e+09,2,80,-120,427,-399,44,42,0,0,0,1,1.733e+09
3.6947e+05,1.7331e+09,2,89,-111,422,-399,44,42,0,0,0,1,1.7331e+09
3.6991e+05,1.7333e+09,2,92,-111,423,-399,44,42,0,0,0,1,1.7333e+09
3.7035e+05,1.7334e+09,2,90,-111,427,-399,44,42,0,0,0,1,1.7334e+09
3.708e+05,1.7335e+09,2,85,-112,427,-399,44,42,0,0,0,1,1.7335e+09
3.7124e+05,1.7336e+09,2,74,-108,432,-399,44,42,0,0,0,1,1.7336e+09
3.7166e+05,1.7337e+09,2,89,-106,423,-399,44,42,0,0,0,1,1.7337e+09
3.721e+05,1.7338e+09,2,87,-113,427,-399,44,42,0,0,0,1,1.7338e+09
3.7254e+05,1.7339e+09,2,69,-119,442,-399,44,42,0,0,0,1,1.7339e+09
3.7294e+05,1.734e+09,2,76,-121,443,-399,44,42,0,0,0,1,1.734e+09
3.7337e+05,1.7341e+09,2,64,-127,449,-399,44,42,0,0,0,1,1.7341e+09
3.7381e+05,1.7342e+09,2,56,-134,448,-399,44,42,0,0,0,1,1.7342e+09
3.7425e+05,1.7343e+09,2,62,-124,455,-399,44,42,0,0,0,1,1.7343e+09
3.7469e+05,1.7344e+09,2,62,-134,445,-399,44,42,0,0,0,1,1.7344e+09
3.7514e+05,1.7345e+09,2,66,-139,455,-399,44,42,0,0,0,1,1.7345e+09
3.7555e+05,1.7346e+09,2,60,-128,446,-399,44,42,0,0,0,1,1.7346e+09
3.76e+05,1.7348e+09,2,61,-139,455,-399,44,42,0,0,0,1,1.7348e+09
3.7644e+05,1.7349e+09,2,62,-141,448,-399,44,42,0,0,0,1,1.7349e+09
3.7685e+05,1.735e+09,2,52,-144,452,-399,44,42,0,0,0,1,1.735e+09
3.773e+05,1.7351e+09,2,58,-137,447,-399,44,42,0,0,0,1,1.7351e+09
3.7774e+05,1.7352e+09,2,55,-137,454,-399,44,42,0,0,0,1,1.7352e+09
3.7816e+05,1.7353e+09,2,67,-147,443,-399,44,42,0,0,0,1,1.7353e+09
3.7859e+05,1.7354e+09,2,59,-144,458,-399,44,42,0,0,0,1,1.7354e+09
3.7903e+05,1.7355e+09,2,51,-144,449,-399,44,42,0,0,0,1,1.7355e+09
3.7945e+05,1.7356e+09,2,47,-141,451,-399,44,42,0,0,0,1,1.7356e+09
3.7989e+05,1.7357e+09,2,51,-135,457,-399,44,42,0,0,0,1,1.7357e+09
3.8033e+05,1.7358e+09,2,50,-141,450,-399,44,42,0,0,0,1,1.7358e+09
3.8078e+05,1.7359e+09,2,42,-141,471,-399,44,42,0,0,0,1,1.7359e+09
3.8119e+05,1.736e+09,2,57,-141,450,-399,44,42,0,0,0,1,1.736e+09
3.8164e+05,1.7361e+09,2,55,-147,458,-399,44,42,0,0,0,1,1.7361e+09
3.8208e+05,1.7363e+09,2,51,-130,457,-399,44,42,0,0,0,1,1.7363e+09
3.8252e+05,1.7364e+09,2,46,-114,474,-399,44,42,0,0,0,1,1.7364e+09
3.8288e+05,1.7365e+09,2,34,-113,479,-399,44,42,0,0,0,1,1.7365e+09
3.8328e+05,1.7366e+09,2,37,-126,478,-399,44,42,0,0,0,1,1.7366e+09
3.8372e+05,1.7367e+09,2,41,-136,466,-399,44,42,0,0,0,1,1.7367e+09
3.8416e+05,1.7368e+09,2,47,-147,471,-399,44,42,0,0,0,1,1.7368e+09
3.8461e+05,1.7369e+09,2,49,-156,464,-399,44,42,0,0,0,1,1.7369e+09
3.8502e+05,1.737e+09,2,38,-166,458,-399,44,42,0,0,0,1,1.737e+09
3.8546e+05,1.7371e+09,2,36,-171,462,-399,44,42,0,0,0,1,1.7371e+09
3.8588e+05,1.7372e+09,2,35,-154,465,-399,44,42,0,0,0,1,1.7372e+09
3.8632e+05,1.7373e+09,2,52,-149,458,-399,44,42,0,0,0,1,1.7373e+09
3.8676e+05,1.7374e+09,2,44,-150,458,-399,44,42,0,0,0,1,1.7374e+09
3.8717e+05,1.7375e+09,2,49,-155,466,-399,44,42,0,0,0,1,1.7375e+09
3.876e+05,1.7376e+09,2,51,-147,454,-399,44,42,0,0,0,1,1.7376e+09
3.8799e+05,1.7378e+09,2,60,-141,452,-399,44,42,0,0,0,1,1.7378e+09
3.8844e+05,1.7379e+09,2,52,-148,461,-399,44,42,0,0,0,1,1.7379e+09
3.8885e+05,1.738e+09,2,55,-156,468,-399,44,42,0,0,0,1,1.738e+09
3.893e+05,1.7381e+09,2,52,-149,463,-399,44,42,0,0,0,1,1.7381e+09
3.8974e+05,1.7382e+09,2,49,-153,469,-399,44,42,0,0,0,1,1.7382e+09
3.9018e+05,1.7383e+09,2,47,-159,467,-399,44,42,0,0,0,1,1.7383e+09
3.9062e+05,1.7384e+09,2,47,-147,462,-399,44,42,0,0,0,1,1.7384e+09
3.9107e+05,1.7385e+09,2,39,-161,468,-399,44,42,0,0,0,1,1.7385e+09
3.9151e+05,1.7386e+09,2,32,-147,469,-399,44,42,0,0,0,1,1.7386e+09
3.9192e+05,1.7387e+09,2,43,-148,464,-399,44,42,0,0,0,1,1.7387e+09
3.9237e+05,1.7388e+09,2,53,-139,458,-399,44,42,0,0,0,1,1.7388e+09
3.9278e+05,1.7389e+09,2,55,-143,459,-399,44,42,0,0,0,1,1.7389e+09
3.9318e+05,1.739e+09,2,58,-143,455,-399,44,42,0,0,0,1,1.739e+09
3.936e+05,1.7391e+09,2,54,-155,459,-399,44,42,0,0,0,1,1.7391e+09
3.9404e+05,1.7393e+09,2,54,-149,461,-399,44,42,0,0,0,1,1.7393e+09
3.9449e+05,1.7394e+09,2,69,-135,446,-399,44,42,0,0,0,1,1.7394e+09
3.9493e+05,1.7395e+09,2,68,-137,446,-399,44,42,0,0,0,1,1.7395e+09
3.9537e+05,1.7396e+09,2,65,-147,458,-399,44,42,0,0,0,1,1.7396e+09
3.9582e+05,1.7397e+09,2,59,-137,462,-399,44,42,0,0,0,1,1.7397e+09
3.9626e+05,1.7398e+09,2,63,-143,462,-399,44,42,0,0,0,1,1.7398e+09
3.967e+05,1.7399e+09,2,52,-144,460,-399,44,42,0,0,0,1,1.7399e+09
3.9714e+05,1.74e+09,2,59,-130,457,-399,44,42,0,0,0,1,1.74e+09
3.9759e+05,1.7401e+09,2,60,-134,454,-399,44,42,0,0,0,1,1.7401e+09
3.98e+05,1.7402e+09,2,71,-134,452,-399,44,42,0,0,0,1,1.7402e+09
3.9845e+05,1.7403e+09,2,63,-128,453,-399,44,42,0,0,0,1,1.7403e+09
3.9889e+05,1.7404e+09,2,59,-129,459,-399,44,42,0,0,0,1,1.7404e+09
3.9931e+05,1.7405e+09,2,69,-135,451,-399,44,42,0,0,0,1,1.7405e+09
3.9975e+05,1.7406e+09,2,59,-138,453,-399,44,42,0,0,0,1,1.7406e+09
4.0019e+05,1.7408e+09,2,59,-144,461,-399,44,42,0,0,0,1,1.7408e+09
4.006e+05,1.7409e+09,2,60,-136,462,-399,44,42,0,0,0,1,1.7409e+09
4.0104e+05,1.741e+09,2,58,-137,458,-399,44,42,0,0,0,1,1.741e+09
4.0149e+05,1.7411e+09,2,62,-135,453,-399,44,42,0,0,0,1,1.7411e+09
4.0193e+05,1.7412e+09,2,66,-134,458,-399,44,42,0,0,0,1,1.7412e+09
4.0237e+05,1.7413e+09,2,67,-138,448,-399,44,42,0,0,0,1,1.7413e+09
4.0281e+05,1.7414e+09,2,57,-141,453,-399,44,42,0,0,0,1,1.7414e+09
4.0326e+05,1.7415e+09,2,51,-159,461,-399,44,42,0,0,0,1,1.7415e+09
4.0367e+05,1.7416e+09,2,59,-165,461,-399,44,42,0,0,0,1,1.7416e+09
4.0411e+05,1.7417e+09,2,57,-180,458,-399,44,42,0,0,0,1,1.7417e+09
4.0452e+05,1.7418e+09,2,54,-172,461,-399,44,42,0,0,0,1,1.7418e+09
4.0497e+05,1.7419e+09,2,49,-177,456,-399,44,42,0,0,0,1,1.7419e+09
4.0541e+05,1.742e+09,2,47,-153,458,-399,44,42,0,0,0,1,1.742e+09
4.0583e+05,1.7421e+09,2,54,-144,455,-399,44,42,0,0,0,1,1.7421e+09
4.0627e+05,1.7423e+09,2,51,-135,458,-399,44,42,0,0,0,1,1.7423e+09
4.0671e+05,1.7424e+09,2,53,-132,462,-399,44,42,0,0,0,1,1.7424e+09
4.0714e+05,1.7425e+09,2,51,-135,467,-399,44,42,0,0,0,1,1.7425e+09
4.0756e+05,1.7426e+09,2,52,-137,468,-399,44,42,0,0,0,1,1.7426e+09
4.0801e+05,1.7427e+09,2,59,-142,460,-399,44,42,0,0,0,1,1.7427e+09
4.0845e+05,1.7428e+09,2,54,-146,461,-399,44,42,0,0,0,1,1.7428e+09
4.0889e+05,1.7429e+09,2,53,-152,458,-399,44,42,0,0,0,1,1.7429e+09
4.0934e+05,1.743e+09,2,55,-143,454,-399,44,42,0,0,0,1,1.743e+09
4.0975e+05,1.7431e+09,2,56,-138,467,-399,44,42,0,0,0,1,1.7431e+09
4.1019e+05,1.7432e+09,2,56,-131,460,-399,44,42,0,0,0,1,1.7432e+09
4.106e+05,1.7433e+09,2,47,-132,464,-399,44,42,0,0,0,1,1.7433e+09
4.1104e+05,1.7434e+09,2,46,-132,466,-399,44,42,0,0,0,1,1.7434e+09
4.1146e+05,1.7435e+09,2,64,-128,454,-399,44,42,0,0,0,1,1.7435e+09
4.119e+05,1.7436e+09,2,75,-125,446,-399,44,42,0,0,0,1,1.7436e+09
4.1235e+05,1.7438e+09,2,73,-124,447,-399,44,42,0,0,0,1,1.7438e+09
4.1279e+05,1.7439e+09,2,81,-123,432,-399,44,42,0,0,0,1,1.7439e+09
4.132e+05,1.744e+09,2,84,-119,443,-399,44,42,0,0,0,1,1.744e+09
4.1365e+05,1.7441e+09,2,76,-127,438,-399,44,42,0,0,0,1,1.7441e+09
4.1409e+05,1.7442e+09,2,80,-130,442,-399,44,42,0,0,0,1,1.7442e+09
4.1453e+05,1.7443e+09,2,64,-149,455,-399,44,42,0,0,0,1,1.7443e+09
4.1494e+05,1.7444e+09,2,56,-131,460,-399,44,42,0,0,0,1,1.7444e+09
4.1538e+05,1.7445e+09,2,47,-140,453,-399,44,42,0,0,0,1,1.7445e+09
4.1582e+05,1.7446e+09,2,55,-148,457,-399,44,42,0,0,0,1,1.7446e+09
4.1624e+05,1.7447e+09,2,56,-140,450,-399,44,42,0,0,0,1,1.7447e+09
4.1668e+05,1.7448e+09,2,52,-148,462,-399,44,42,0,0,0,1,1.7448e+09
4.1713e+05,1.7449e+09,2,60,-145,459,-399,44,42,0,0,0,1,1.7449e+09
4.1757e+05,1.745e+09,2,61,-137,457,-399,44,42,0,0,0,1,1.745e+09
4.1802e+05,1.7452e+09,2,55,-141,461,-399,44,42,0,0,0,1,1.7452e+09
4.1843e+05,1.7453e+09,2,44,-146,463,-399,44,42,0,0,0,1,1.7453e+09
4.1887e+05,1.7454e+09,2,49,-141,462,-399,44,42,0,0,0,1,1.7454e+09
4.1932e+05,1.7455e+09,2,57,-138,465,-399,44,42,0,0,0,1,1.7455e+09
4.1973e+05,1.7456e+09,2,53,-131,461,-399,44,42,0,0,0,1,1.7456e+09
4.2018e+05,1.7457e+09,2,47,-138,465,-399,44,42,0,0,0,1,1.7457e+09
4.2062e+05,1.7458e+09,2,60,-135,456,-399,44,42,0,0,0,1,1.7458e+09
4.2107e+05,1.7459e+09,2,52,-135,465,-399,44,42,0,0,0,1,1.7459e+09
4.2147e+05,1.746e+09,2,50,-133,466,-399,44,42,0,0,0,1,1.746e+09
4.219e+05,1.7461e+09,2,64,-137,455,-399,44,42,0,0,0,1,1.7461e+09
4.2233e+05,1.7462e+09,2,56,-138,455,-399,44,42,0,0,0,1,1.7462e+09
4.2278e+05,1.7463e+09,2,53,-136,463,-399,44,42,0,0,0,1,1.7463e+09
4.2318e+05,1.7464e+09,2,47,-138,459,-399,44,42,0,0,0,1,1.7464e+09
4.2363e+05,1.7466e+09,2,49,-132,460,-399,44,42,0,0,0,1,1.7466e+09
4.2408e+05,1.7467e+09,2,42,-118,466,-399,44,42,0,0,0,1,1.7467e+09
4.2452e+05,1.7468e+09,2,61,-109,456,-399,44,42,0,0,0,1,1.7468e+09
4.2497e+05,1.7469e+09,2,5,-105,461,-399,44,42,0,0,0,1,1.7469e+09
4.2538e+05,1.747e+09,2,42,-107,467,-399,44,42,0,0,0,1,1.747e+09
4.2579e+05,1.7471e+09,2,55,-103,464,-399,44,42,0,0,0,1,1.7471e+09
4.2623e+05,1.7472e+09,2,48,-107,467,-399,44,42,0,0,0,1,1.7472e+09
4.2668e+05,1.7473e+09,2,54,-104,461,-399,44,42,0,0,0,1,1.7473e+09
4.2711e+05,1.7474e+09,2,57,-109,455,-399,44,42,0,0,0,1,1.7474e+09
4.2753e+05,1.7475e+09,2,53,-100,464,-399,44,42,0,0,0,1,1.7475e+09
4.2797e+05,1.7476e+09,2,55,-116,468,-399,44,42,0,0,0,1,1.7476e+09
4.2841e+05,1.7477e+09,2,59,-123,466,-399,44,42,0,0,0,1,1.7477e+09
4.2882e+05,1.7478e+09,2,37,-158,473,-399,44,42,0,0,0,1,1.7478e+09
4.2927e+05,1.748e+09,2,31,-166,469,-399,44,42,0,0,0,1,1.748e+09
4.2971e+05,1.7481e+09,2,42,-155,471,-399,44,42,0,0,0,1,1.7481e+09
4.3012e+05,1.7482e+09,2,49,-157,468,-399,44,42,0,0,0,1,1.7482e+09
4.3056e+05,1.7483e+09,2,55,-140,457,-399,44,42,0,0,0,1,1.7483e+09
4.3101e+05,1.7484e+09,2,52,-135,474,-399,44,42,0,0,0,1,1.7484e+09
4.3146e+05,1.7485e+09,2,52,-137,458,-399,44,42,0,0,0,1,1.7485e+09
4.319e+05,1.7486e+09,2,59,-122,458,-399,44,42,0,0,0,1,1.7486e+09
4.3234e+05,1.7487e+09,2,64,-122,461,-399,44,42,0,0,0,1,1.7487e+09
4.3277e+05,1.7488e+09,2,51,-137,458,-399,44,42,0,0,0,1,1.7488e+09
4.3317e+05,1.7489e+09,2,62,-99,451,-399,44,42,0,0,0,1,1.7489e+09
4.336e+05,1.749e+09,2,61,-103,454,-399,44,42,0,0,0,1,1.749e+09
4.3405e+05,1.7491e+09,2,73,-102,451,-399,44,42,0,0,0,1,1.7491e+09
4.3449e+05,1.7492e+09,2,71,-97,439,-399,44,42,0,0,0,1,1.7492e+09
4.3493e+05,1.7494e+09,2,71,-108,451,-399,44,42,0,0,0,1,1.7494e+09
4.3538e+05,1.7495e+09,2,66,-120,450,-399,44,42,0,0,0,1,1.7495e+09
4.3582e+05,1.7496e+09,2,65,-82,435,-399,44,42,0,0,0,1,1.7496e+09
4.3627e+05,1.7497e+09,2,123,-20,397,-399,44,42,0,0,0,1,1.7497e+09
4.3671e+05,1.7498e+09,2,119,-36,404,-399,44,42,0,0,0,1,1.7498e+09
4.3715e+05,1.7499e+09,2,160,-20,359,-399,44,42,0,0,0,1,1.7499e+09
4.3757e+05,1.75e+09,2,157,-27,358,-399,44,42,0,0,0,1,1.75e+09
4.3801e+05,1.7501e+09,2,148,-26,371,-399,44,42,0,0,0,1,1.7501e+09
4.3845e+05,1.7502e+09,2,152,-27,371,-399,44,42,0,0,0,1,1.7502e+09
4.389e+05,1.7503e+09,2,151,-30,371,-399,44,42,0,0,0,1,1.7503e+09
4.3934e+05,1.7504e+09,2,148,-26,375,-399,44,42,0,0,0,1,1.7504e+09
4.3978e+05,1.7505e+09,2,151,-29,370,-399,44,42,0,0,0,1,1.7505e+09
4.4019e+05,1.7506e+09,2,145,-27,364,-399,44,42,0,0,0,1,1.7506e+09
4.4063e+05,1.7508e+09,2,151,-30,370,-399,44,42,0,0,0,1,1.7508e+09
4.4108e+05,1.7509e+09,2,147,-34,367,-399,44,42,0,0,0,1,1.7509e+09
4.4149e+05,1.751e+09,2,147,-34,367,-399,44,42,0,0,0,1,1.751e+09
4.4194e+05,1.7511e+09,2,143,-34,360,-399,44,42,0,0,0,1,1.7511e+09
4.4239e+05,1.7512e+09,2,149,-30,365,-399,44,42,0,0,0,1,1.7512e+09
4.4283e+05,1.7513e+09,2,144,-31,372,-399,44,42,0,0,0,1,1.7513e+09
4.4327e+05,1.7514e+09,2,146,-26,372,-399,44,42,0,0,0,1,1.7514e+09
4.4372e+05,1.7515e+09,2,143,-28,360,-399,44,42,0,0,0,1,1.7515e+09
4.4412e+05,1.7516e+09,2,153,-31,365,-399,44,42,0,0,0,1,1.7516e+09
4.4454e+05,1.7517e+09,2,162,-14,350,-399,44,42,0,0,0,1,1.7517e+09
4.4498e+05,1.7518e+09,2,156,-28,362,-399,44,42,0,0,0,1,1.7518e+09
4.4542e+05,1.7519e+09,2,143,-18,363,-399,44,42,0,0,0,1,1.7519e+09
4.4587e+05,1.752e+09,2,159,-20,359,-399,44,42,0,0,0,1,1.752e+09
4.4631e+05,1.7521e+09,2,146,-16,367,-399,44,42,0,0,0,1,1.7521e+09
4.4672e+05,1.7522e+09,2,155,-25,356,-399,44,42,0,0,0,1,1.7522e+09
4.4717e+05,1.7523e+09,2,150,-29,364,-399,44,42,0,0,0,1,1.7523e+09
4.4758e+05,1.7525e+09,2,156,-27,362,-399,44,42,0,0,0,1,1.7525e+09
4.4802e+05,1.7526e+09,2,160,-23,362,-399,44,42,0,0,0,1,1.7526e+09
4.4846e+05,1.7527e+09,2,153,-25,353,-399,44,42,0,0,0,1,1.7527e+09
4.489e+05,1.7528e+09,2,148,-26,366,-399,44,42,0,0,0,1,1.7528e+09
4.4935e+05,1.7529e+09,2,149,-22,358,-399,44,42,0,0,0,1,1.7529e+09
4.4979e+05,1.753e+09,2,155,-24,365,-399,44,42,0,0,0,1,1.753e+09
4.5019e+05,1.7531e+09,2,150,-31,364,-399,44,42,0,0,0,1,1.7531e+09
4.5059e+05,1.7532e+09,2,150,-22,362,-399,44,42,0,0,0,1,1.7532e+09
4.5103e+05,1.7533e+09,2,151,-22,367,-399,44,42,0,0,0,1,1.7533e+09
4.5147e+05,1.7534e+09,2,154,-18,362,-399,44,42,0,0,0,1,1.7534e+09
4.5192e+05,1.7535e+09,2,148,-26,363,-399,44,42,0,0,0,1,1.7535e+09
4.5236e+05,1.7536e+09,2,149,-27,364,-399,44,42,0,0,0,1,1.7536e+09
4.528e+05,1.7537e+09,2,147,-26,366,-399,44,42,0,0,0,1,1.7537e+09
4.5324e+05,1.7538e+09,2,144,-27,373,-399,44,42,0,0,0,1,1.7538e+09
4.5369e+05,1.7539e+09,2,149,-36,370,-399,44,42,0,0,0,1,1.7539e+09
4.5414e+05,1.754e+09,2,141,-28,371,-399,44,42,0,0,0,1,1.754e+09
4.5458e+05,1.7541e+09,2,137,-27,368,-399,44,42,0,0,0,1,1.7541e+09
4.5499e+05,1.7542e+09,2,146,-23,363,-399,44,42,0,0,0,1,1.7542e+09
4.5544e+05,1.7543e+09,2,145,-27,365,-399,44,42,0,0,0,1,1.7543e+09
4.5586e+05,1.7544e+09,2,148,-27,365,-399,44,42,0,0,0,1,1.7544e+09
4.5629e+05,1.7545e+09,2,144,-21,370,-399,44,42,0,0,0,1,1.7545e+09
4.5673e+05,1.7547e+09,2,145,-25,366,-399,44,42,0,0,0,1,1.7547e+09
4.5714e+05,1.7548e+09,2,147,-36,364,-399,44,42,0,0,0,1,1.7548e+09
4.5755e+05,1.7549e+09,2,140,-23,371,-399,44,42,0,0,0,1,1.7549e+09
4.5799e+05,1.755e+09,2,152,-24,361,-399,44,42,0,0,0,1,1.755e+09
4.5844e+05,1.7551e+09,2,143,-27,364,-399,44,42,0,0,0,1,1.7551e+09
4.5885e+05,1.7552e+09,2,145,-21,359,-399,44,42,0,0,0,1,1.7552e+09
4.5929e+05,1.7553e+09,2,149,-31,367,-399,44,42,0,0,0,1,1.7553e+09
4.597e+05,1.7554e+09,2,146,-25,369,-399,44,42,0,0,0,1,1.7554e+09
4.6015e+05,1.7555e+09,2,151,-25,360,-399,44,42,0,0,0,1,1.7555e+09
4.6059e+05,1.7556e+09,2,147,-29,365,-399,44,42,0,0,0,1,1.7556e+09
4.6104e+05,1.7557e+09,2,150,-29,367,-399,44,42,0,0,0,1,1.7557e+09
4.6145e+05,1.7558e+09,2,142,-23,364,-399,44,42,0,0,0,1,1.7558e+09
4.619e+05,1.7559e+09,2,152,-26,359,-399,44,42,0,0,0,1,1.7559e+09
4.6234e+05,1.756e+09,2,148,-25,366,-399,44,42,0,0,0,1,1.756e+09
4.6278e+05,1.7561e+09,2,140,-37,366,-399,44,42,0,0,0,1,1.7561e+09
4.6319e+05,1.7562e+09,2,144,-25,364,-399,44,42,0,0,0,1,1.7562e+09
4.6364e+05,1.7563e+09,2,142,-28,365,-399,44,42,0,0,0,1,1.7563e+09
4.6408e+05,1.7564e+09,2,149,-30,362,-399,44,42,0,0,0,1,1.7564e+09
4.6447e+05,1.7565e+09,2,152,-26,371,-399,44,42,0,0,0,1,1.7565e+09
4.6491e+05,1.7566e+09,2,155,-24,359,-399,44,42,0,0,0,1,1.7566e+09
4.6532e+05,1.7568e+09,2,149,-31,364,-399,44,42,0,0,0,1,1.7568e+09
4.6576e+05,1.7569e+09,2,142,-28,374,-399,44,42,0,0,0,1,1.7569e+09
4.6621e+05,1.757e+09,2,152,-26,368,-399,44,42,0,0,0,1,1.757e+09
4.6665e+05,1.7571e+09,2,147,-31,360,-399,44,42,0,0,0,1,1.7571e+09
4.6709e+05,1.7572e+09,2,148,-16,373,-399,44,42,0,0,0,1,1.7572e+09
4.6754e+05,1.7573e+09,2,150,-25,361,-399,44,42,0,0,0,1,1.7573e+09
4.6798e+05,1.7574e+09,2,149,-32,367,-399,44,42,0,0,0,1,1.7574e+09
4.6843e+05,1.7575e+09,2,152,-24,364,-399,44,42,0,0,0,1,1.7575e+09
4.6886e+05,1.7576e+09,2,143,-23,364,-399,44,42,0,0,0,1,1.7576e+09
4.6926e+05,1.7577e+09,2,157,-19,362,-399,44,42,0,0,0,1,1.7577e+09
4.6969e+05,1.7578e+09,2,152,-19,364,-399,44,42,0,0,0,1,1.7578e+09
4.7014e+05,1.7579e+09,2,153,-26,363,-399,44,42,0,0,0,1,1.7579e+09
4.7058e+05,1.758e+09,2,143,-22,370,-399,44,42,0,0,0,1,1.758e+09
4.7102e+05,1.7581e+09,2,154,-33,366,-399,44,42,0,0,0,1,1.7581e+09
4.7143e+05,1.7582e+09,2,144,-29,366,-399,44,42,0,0,0,1,1.7582e+09
4.7188e+05,1.7583e+09,2,147,-26,366,-399,44,42,0,0,0,1,1.7583e+09
4.7232e+05,1.7584e+09,2,153,-21,359,-399,44,42,0,0,0,1,1.7584e+09
4.7276e+05,1.7585e+09,2,154,-23,364,-399,44,42,0,0,0,1,1.7585e+09
4.7316e+05,1.7586e+09,2,152,-19,361,-399,44,42,0,0,0,1,1.7586e+09
4.7358e+05,1.7587e+09,2,155,-22,366,-399,44,42,0,0,0,1,1.7587e+09
4.7402e+05,1.7589e+09,2,156,-14,363,-399,44,42,0,0,0,1,1.7589e+09
4.7447e+05,1.759e+09,2,156,-24,363,-399,44,42,0,0,0,1,1.759e+09
4.7491e+05,1.7591e+09,2,149,-21,361,-399,44,42,0,0,0,1,1.7591e+09
4.7535e+05,1.7592e+09,2,157,-30,361,-399,44,42,0,0,0,1,1.7592e+09
4.758e+05,1.7593e+09,2,148,-23,363,-399,44,42,0,0,0,1,1.7593e+09
4.7621e+05,1.7594e+09,2,153,-34,366,-399,44,42,0,0,0,1,1.7594e+09
4.7665e+05,1.7595e+09,2,154,-25,371,-399,44,42,0,0,0,1,1.7595e+09
4.7706e+05,1.7596e+09,2,151,-24,367,-399,44,42,0,0,0,1,1.7596e+09
4.7748e+05,1.7597e+09,2,155,-22,362,-399,44,42,0,0,0,1,1.7597e+09
4.779e+05,1.7598e+09,2,161,-29,362,-399,44,42,0,0,0,1,1.7598e+09
4.7835e+05,1.7599e+09,2,153,-25,354,-399,44,42,0,0,0,1,1.7599e+09
4.7879e+05,1.76e+09,2,158,-25,363,-399,44,42,0,0,0,1,1.76e+09
4.7924e+05,1.7601e+09,2,156,-20,358,-399,44,42,0,0,0,1,1.7601e+09
4.7968e+05,1.7602e+09,2,160,-22,359,-399,44,42,0,0,0,1,1.7602e+09
4.8009e+05,1.7603e+09,2,153,-25,356,-399,44,42,0,0,0,1,1.7603e+09
4.8054e+05,1.7604e+09,2,150,-27,361,-399,44,42,0,0,0,1,1.7604e+09
4.8099e+05,1.7605e+09,2,151,-22,364,-399,44,42,0,0,0,1,1.7605e+09
4.8144e+05,1.7606e+09,2,154,-22,363,-399,44,42,0,0,0,1,1.7606e+09
4.8188e+05,1.7607e+09,2,147,-21,360,-399,44,42,0,0,0,1,1.7607e+09
4.823e+05,1.7609e+09,2,157,-19,361,-399,44,42,0,0,0,1,1.7609e+09
4.8273e+05,1.761e+09,2,155,-25,355,-399,44,42,0,0,0,1,1.761e+09
4.8318e+05,1.7611e+09,2,156,-27,363,-399,44,42,0,0,0,1,1.7611e+09
4.8359e+05,1.7612e+09,2,157,-20,359,-399,44,42,0,0,0,1,1.7612e+09
4.8403e+05,1.7613e+09,2,149,-18,358,-399,44,42,0,0,0,1,1.7613e+09
4.8444e+05,1.7614e+09,2,152,-21,366,-399,44,42,0,0,0,1,1.7614e+09
4.8489e+05,1.7615e+09,2,152,-28,359,-399,44,42,0,0,0,1,1.7615e+09
4.8533e+05,1.7616e+09,2,146,-28,364,-399,44,42,0,0,0,1,1.7616e+09
4.8578e+05,1.7617e+09,2,152,-34,365,-399,44,42,0,0,0,1,1.7617e+09
4.8621e+05,1.7618e+09,2,153,-17,356,-399,44,42,0,0,0,1,1.7618e+09
4.8666e+05,1.7619e+09,2,149,-21,355,-399,44,42,0,0,0,1,1.7619e+09
4.8711e+05,1.762e+09,2,162,-23,356,-399,44,42,0,0,0,1,1.762e+09
4.8756e+05,1.7621e+09,2,157,-20,360,-399,44,42,0,0,0,1,1.7621e+09
4.8801e+05,1.7622e+09,2,159,-23,361,-399,44,42,0,0,0,1,1.7622e+09
4.8846e+05,1.7623e+09,2,158,-25,359,-399,44,42,0,0,0,1,1.7623e+09
4.8887e+05,1.7624e+09,2,154,-25,357,-399,44,42,0,0,0,1,1.7624e+09
4.8932e+05,1.7625e+09,2,157,-21,357,-399,44,42,0,0,0,1,1.7625e+09
4.8976e+05,1.7626e+09,2,155,-17,358,-399,44,42,0,0,0,1,1.7626e+09
4.9019e+05,1.7627e+09,2,155,-19,361,-399,44,42,0,0,0,1,1.7627e+09
4.906e+05,1.7629e+09,2,156,-26,359,-399,44,42,0,0,0,1,1.7629e+09
4.9105e+05,1.763e+09,2,155,-24,359,-399,44,42,0,0,0,1,1.763e+09
4.915e+05,1.7631e+09,2,152,-19,359,-399,44,42,0,0,0,1,1.7631e+09
4.9195e+05,1.7632e+09,2,155,-23,361,-399,44,42,0,0,0,1,1.7632e+09
4.924e+05,1.7633e+09,2,156,-19,355,-399,44,42,0,0,0,1,1.7633e+09
4.9285e+05,1.7634e+09,2,162,-20,357,-399,44,42,0,0,0,1,1.7634e+09
4.933e+05,1.7635e+09,2,155,-26,358,-399,44,42,0,0,0,1,1.7635e+09
4.9374e+05,1.7636e+09,2,150,-23,361,-399,44,42,0,0,0,1,1.7636e+09
4.9418e+05,1.7637e+09,2,154,-27,355,-399,44,42,0,0,0,1,1.7637e+09
4.9458e+05,1.7638e+09,2,157,-19,354,-399,44,42,0,0,0,1,1.7638e+09
4.9503e+05,1.7639e+09,2,156,-24,363,-399,44,42,0,0,0,1,1.7639e+09
4.9548e+05,1.764e+09,2,159,-25,353,-399,44,42,0,0,0,1,1.764e+09
4.9593e+05,1.7641e+09,2,155,-21,363,-399,44,42,0,0,0,1,1.7641e+09
4.9638e+05,1.7642e+09,2,159,-24,360,-399,44,42,0,0,0,1,1.7642e+09
4.9683e+05,1.7643e+09,2,163,-22,357,-399,44,42,0,0,0,1,1.7643e+09
4.9728e+05,1.7644e+09,2,152,-18,359,-399,44,42,0,0,0,1,1.7644e+09
4.9773e+05,1.7645e+09,2,159,-21,355,-399,44,42,0,0,0,1,1.7645e+09
4.9816e+05,1.7646e+09,2,155,-24,356,-399,44,42,0,0,0,1,1.7646e+09
4.9859e+05,1.7647e+09,2,160,-18,350,-399,44,42,0,0,0,1,1.7647e+09
4.99e+05,1.7648e+09,2,154,-24,360,-399,44,42,0,0,0,1,1.7648e+09
4.9945e+05,1.765e+09,2,165,-22,355,-399,44,42,0,0,0,1,1.765e+09
4.999e+05,1.7651e+09,2,161,-25,358,-399,44,42,0,0,0,1,1.7651e+09
5.0031e+05,1.7652e+09,2,161,-22,355,-399,44,42,0,0,0,1,1.7652e+09
5.0076e+05,1.7653e+09,2,155,-26,360,-399,44,42,0,0,0,1,1.7653e+09
5.0121e+05,1.7654e+09,2,159,-21,362,-399,44,42,0,0,0,1,1.7654e+09
5.0164e+05,1.7655e+09,2,157,-20,363,-399,44,42,0,0,0,1,1.7655e+09
5.0208e+05,1.7656e+09,2,158,-22,358,-399,44,42,0,0,0,1,1.7656e+09
5.0253e+05,1.7657e+09,2,156,-24,361,-399,44,42,0,0,0,1,1.7657e+09
5.0294e+05,1.7658e+09,2,156,-24,361,-399,44,42,0,0,0,1,1.7658e+09
5.034e+05,1.7659e+09,2,156,-23,358,-399,44,42,0,0,0,1,1.7659e+09
5.0384e+05,1.766e+09,2,154,-21,362,-399,44,42,0,0,0,1,1.766e+09
5.043e+05,1.7661e+09,2,161,-20,364,-399,44,42,0,0,0,1,1.7661e+09
5.0474e+05,1.7662e+09,2,162,-19,358,-399,44,42,0,0,0,1,1.7662e+09
5.052e+05,1.7663e+09,2,157,-24,354,-399,44,42,0,0,0,1,1.7663e+09
5.0563e+05,1.7664e+09,2,163,-16,358,-399,44,42,0,0,0,1,1.7664e+09
5.0603e+05,1.7665e+09,2,157,-18,355,-399,44,42,0,0,0,1,1.7665e+09
5.0647e+05,1.7666e+09,2,159,-15,351,-399,44,42,0,0,0,1,1.7666e+09
5.0692e+05,1.7667e+09,2,161,-23,354,-399,44,42,0,0,0,1,1.7667e+09
5.0737e+05,1.7668e+09,2,157,-23,357,-399,44,42,0,0,0,1,1.7668e+09
5.0782e+05,1.7669e+09,2,162,-18,353,-399,44,42,0,0,0,1,1.7669e+09
5.0827e+05,1.767e+09,2,155,-18,354,-399,44,42,0,0,0,1,1.767e+09
5.0872e+05,1.7672e+09,2,156,-16,356,-399,44,42,0,0,0,1,1.7672e+09
5.0912e+05,1.7673e+09,2,155,-19,357,-399,44,42,0,0,0,1,1.7673e+09
5.0957e+05,1.7674e+09,2,157,-19,357,-399,44,42,0,0,0,1,1.7674e+09
5.0996e+05,1.7675e+09,2,158,-18,354,-399,44,42,0,0,0,1,1.7675e+09
5.1038e+05,1.7676e+09,2,165,-21,352,-399,44,42,0,0,0,1,1.7676e+09
5.1083e+05,1.7677e+09,2,149,-22,357,-399,44,42,0,0,0,1,1.7677e+09
5.1127e+05,1.7678e+09,2,157,-19,358,-399,44,42,0,0,0,1,1.7678e+09
5.1172e+05,1.7679e+09,2,150,-25,355,-399,44,42,0,0,0,1,1.7679e+09
5.1213e+05,1.768e+09,2,150,-18,362,-399,44,42,0,0,0,1,1.768e+09
5.1258e+05,1.7681e+09,2,151,-20,363,-399,44,42,0,0,0,1,1.7681e+09
5.1301e+05,1.7682e+09,2,154,-15,358,-399,44,42,0,0,0,1,1.7682e+09
5.1344e+05,1.7683e+09,2,149,-21,362,-399,44,42,0,0,0,1,1.7683e+09
5.1384e+05,1.7684e+09,2,152,-22,361,-399,44,42,0,0,0,1,1.7684e+09
5.1428e+05,1.7685e+09,2,157,-18,361,-399,44,42,0,0,0,1,1.7685e+09
5.1472e+05,1.7686e+09,2,146,-20,375,-399,44,42,0,0,0,1,1.7686e+09
5.1516e+05,1.7687e+09,2,157,-28,356,-399,44,42,0,0,0,1,1.7687e+09
5.1561e+05,1.7688e+09,2,174,-44,345,-399,44,42,0,0,0,1,1.7688e+09
5.1606e+05,1.7689e+09,2,198,-46,327,-399,44,42,0,0,0,1,1.7689e+09
5.1646e+05,1.769e+09,2,202,-44,324,-399,44,42,0,0,0,1,1.769e+09
5.1688e+05,1.7691e+09,2,177,-30,341,-399,44,42,0,0,0,1,1.7691e+09
5.1732e+05,1.7692e+09,2,130,-23,373,-399,44,42,0,0,0,1,1.7692e+09
5.1776e+05,1.7693e+09,2,99,-5,395,-399,44,42,0,0,0,1,1.7693e+09
5.1817e+05,1.7694e+09,2,43,61,405,-399,44,42,0,0,0,1,1.7694e+09
5.1862e+05,1.7695e+09,2,-6,151,404,-399,44,42,0,0,0,1,1.7695e+09
5.1906e+05,1.7696e+09,2,-52,236,360,-399,44,42,0,0,0,1,1.7696e+09
5.195e+05,1.7697e+09,2,-87,302,316,-399,44,42,0,0,0,1,1.7697e+09
5.1992e+05,1.7699e+09,2,-121,351,253,-399,44,42,0,0,0,1,1.7699e+09
5.2036e+05,1.77e+09,2,-147,382,212,-399,44,42,0,0,0,1,1.77e+09
5.2081e+05,1.7701e+09,2,-160,389,191,-399,44,42,0,0,0,1,1.7701e+09
5.2125e+05,1.7702e+09,2,-172,402,177,-399,44,42,0,0,0,1,1.7702e+09
5.2168e+05,1.7703e+09,2,-210,397,163,-399,44,42,0,0,0,1,1.7703e+09
5.2211e+05,1.7704e+09,2,-233,393,129,-399,44,42,0,0,0,1,1.7704e+09
5.2255e+05,1.7705e+09,2,-274,379,107,-399,44,42,0,0,0,1,1.7705e+09
5.2299e+05,1.7706e+09,2,-279,382,86,-399,44,42,0,0,0,1,1.7706e+09
5.2344e+05,1.7707e+09,2,-282,388,64,-399,44,42,0,0,0,1,1.7707e+09
5.2388e+05,1.7708e+09,2,-275,399,22,-399,44,42,0,0,0,1,1.7708e+09
5.2433e+05,1.7709e+09,2,-279,396,1,-399,44,42,0,0,0,1,1.7709e+09
5.2474e+05,1.771e+09,2,-290,386,-10,-399,44,42,0,0,0,1,1.771e+09
5.2518e+05,1.7711e+09,2,-312,378,-16,-399,44,42,0,0,0,1,1.7711e+09
5.2558e+05,1.7712e+09,2,-323,368,-18,-399,44,42,0,0,0,1,1.7712e+09
5.2601e+05,1.7713e+09,2,-331,366,-33,-399,44,42,0,0,0,1,1.7713e+09
5.2641e+05,1.7714e+09,2,-332,357,-59,-399,44,42,0,0,0,1,1.7714e+09
5.2685e+05,1.7715e+09,2,-342,351,-82,-399,44,42,0,0,0,1,1.7715e+09
5.273e+05,1.7716e+09,2,-363,337,-107,-399,44,42,0,0,0,1,1.7716e+09
5.2774e+05,1.7717e+09,2,-377,329,-103,-399,44,42,0,0,0,1,1.7717e+09
5.2818e+05,1.7718e+09,2,-369,324,-115,-399,44,42,0,0,0,1,1.7718e+09
5.2863e+05,1.7719e+09,2,-367,324,-116,-399,44,42,0,0,0,1,1.7719e+09
5.2907e+05,1.7721e+09,2,-360,327,-126,-399,44,42,0,0,0,1,1.7721e+09
5.2952e+05,1.7722e+09,2,-382,308,-118,-399,44,42,0,0,0,1,1.7722e+09
5.2991e+05,1.7723e+09,2,-384,306,-128,-399,44,42,0,0,0,1,1.7723e+09
5.3034e+05,1.7724e+09,2,-384,302,-133,-399,44,42,0,0,0,1,1.7724e+09
5.3078e+05,1.7725e+09,2,-382,300,-161,-399,44,42,0,0,0,1,1.7725e+09
5.3122e+05,1.7726e+09,2,-390,282,-163,-399,44,42,0,0,0,1,1.7726e+09
5.3167e+05,1.7727e+09,2,-361,273,-167,-399,44,42,0,0,0,1,1.7727e+09
5.3208e+05,1.7728e+09,2,-401,263,-161,-399,44,42,0,0,0,1,1.7728e+09
5.3252e+05,1.7729e+09,2,-418,247,-160,-399,44,42,0,0,0,1,1.7729e+09
5.3297e+05,1.773e+09,2,-428,237,-153,-399,44,42,0,0,0,1,1.773e+09
5.3342e+05,1.7731e+09,2,-433,234,-155,-399,44,42,0,0,0,1,1.7731e+09
5.3385e+05,1.7732e+09,2,-428,225,-174,-399,44,42,0,0,0,1,1.7732e+09
5.3427e+05,1.7733e+09,2,-435,217,-168,-399,44,42,0,0,0,1,1.7733e+09
5.347e+05,1.7734e+09,2,-438,213,-155,-399,44,42,0,0,0,1,1.7734e+09
5.3515e+05,1.7735e+09,2,-432,210,-164,-399,44,42,0,0,0,1,1.7735e+09
5.3556e+05,1.7736e+09,2,-434,209,-171,-399,44,42,0,0,0,1,1.7736e+09
5.36e+05,1.7737e+09,2,-430,225,-188,-399,44,42,0,0,0,1,1.7737e+09
5.3645e+05,1.7738e+09,2,-423,223,-181,-399,44,42,0,0,0,1,1.7738e+09
5.3689e+05,1.7739e+09,2,-436,216,-163,-399,44,42,0,0,0,1,1.7739e+09
5.3734e+05,1.774e+09,2,-447,195,-165,-399,44,42,0,0,0,1,1.774e+09
5.3779e+05,1.7741e+09,2,-442,180,-181,-399,44,42,0,0,0,1,1.7741e+09
5.3821e+05,1.7743e+09,2,-436,181,-194,-399,44,42,0,0,0,1,1.7743e+09
5.3864e+05,1.7744e+09,2,-437,187,-191,-399,44,42,0,0,0,1,1.7744e+09
5.3908e+05,1.7745e+09,2,-439,178,-193,-399,44,42,0,0,0,1,1.7745e+09
5.3948e+05,1.7746e+09,2,-445,168,-189,-399,44,42,0,0,0,1,1.7746e+09
5.3993e+05,1.7747e+09,2,-443,169,-202,-399,44,42,0,0,0,1,1.7747e+09
5.4037e+05,1.7748e+09,2,-455,165,-194,-399,44,42,0,0,0,1,1.7748e+09
5.4082e+05,1.7749e+09,2,-439,170,-211,-399,44,42,0,0,0,1,1.7749e+09
5.4126e+05,1.775e+09,2,-431,174,-206,-399,44,42,0,0,0,1,1.775e+09
5.4171e+05,1.7751e+09,2,-437,179,-200,-399,44,42,0,0,0,1,1.7751e+09
5.4212e+05,1.7752e+09,2,-436,184,-197,-399,44,42,0,0,0,1,1.7752e+09
5.4257e+05,1.7753e+09,2,-430,185,-207,-399,44,42,0,0,0,1,1.7753e+09
5.4297e+05,1.7754e+09,2,-429,203,-198,-399,44,42,0,0,0,1,1.7754e+09
5.434e+05,1.7755e+09,2,-415,205,-198,-399,44,42,0,0,0,1,1.7755e+09
5.4383e+05,1.7756e+09,2,-416,208,-207,-399,44,42,0,0,0,1,1.7756e+09
5.4428e+05,1.7757e+09,2,-416,209,-210,-399,44,42,0,0,0,1,1.7757e+09
5.4472e+05,1.7758e+09,2,-415,206,-202,-399,44,42,0,0,0,1,1.7758e+09
5.4516e+05,1.7759e+09,2,-428,211,-177,-399,44,42,0,0,0,1,1.7759e+09
5.4557e+05,1.776e+09,2,-432,214,-177,-399,44,42,0,0,0,1,1.776e+09
5.4602e+05,1.7761e+09,2,-434,220,-158,-399,44,42,0,0,0,1,1.7761e+09
5.4646e+05,1.7762e+09,2,-437,220,-152,-399,44,42,0,0,0,1,1.7762e+09
5.4688e+05,1.7763e+09,2,-422,230,-166,-399,44,42,0,0,0,1,1.7763e+09
5.4732e+05,1.7764e+09,2,-415,239,-172,-399,44,42,0,0,0,1,1.7764e+09
5.4777e+05,1.7765e+09,2,-416,242,-158,-399,44,42,0,0,0,1,1.7765e+09
5.4819e+05,1.7767e+09,2,-423,249,-140,-399,44,42,0,0,0,1,1.7767e+09
