LineNo,TimeUS,Instance,RPM,RawRPM,Volt,Curr,Temp,CTot,MotTemp,Err
2215,5.7079e+07,1,0,0,16.02,0.04,25,0,0,0
2623,5.7182e+07,1,0,0,16.02,0.04,25,0,0,0
3079,5.7298e+07,1,0,0,16.02,0.04,25,0,0,0
3499,5.7405e+07,1,0,0,16.02,0.04,25,0,0,0
3912,5.7508e+07,1,0,0,16.02,0.04,25,0,0,0
4370,5.7622e+07,1,0,0,16.02,0.04,25,0,0,0
5195,5.7834e+07,1,0,0,16.02,0.04,25,0,0,0
5608,5.7939e+07,1,0,0,16.02,0.04,25,0,0,0
6057,5.8049e+07,1,0,0,16.02,0.04,25,0,0,0
6467,5.8154e+07,1,0,0,16.02,0.04,25,0,0,0
6882,5.8258e+07,1,0,0,16.02,0.04,25,0,0,0
7339,5.8373e+07,1,0,0,16.02,0.04,25,0,0,0
7744,5.8473e+07,1,0,0,16.02,0.04,25,0,0,0
8160,5.8578e+07,1,0,0,16.02,0.04,25,0,0,0
8612,5.8692e+07,1,0,0,16.02,0.04,25,0,0,0
9027,5.8796e+07,1,0,0,16.02,0.04,25,0,0,0
9481,5.8912e+07,1,0,0,16.02,0.04,25,0,0,0
9900,5.9019e+07,1,0,0,16.02,0.04,25,0,0,0
10313,5.912e+07,1,0,0,16.02,0.04,25,0,0,0
11056,5.9342e+07,1,0,0,16.02,0.04,25,0,0,0
11468,5.9446e+07,1,0,0,16.01,0.04,25,0,0,0
11878,5.9548e+07,1,0,0,16.01,0.04,25,0,0,0
12333,5.9667e+07,1,0,0,16.02,0.04,25,0,0,0
12746,5.9772e+07,1,0,0,16.02,0.04,25,0,0,0
13156,5.9876e+07,1,0,0,16.02,0.04,25,0,0,0
13574,5.9981e+07,1,0,0,16.02,0.04,25,0,0,0
13988,6.0087e+07,1,0,0,16.02,0.04,25,0,0,0
14400,6.0193e+07,1,0,0,16.01,0.04,25,0,0,0
14854,6.0308e+07,1,0,0,16.02,0.04,25,0,0,0
15270,6.0413e+07,1,0,0,16.02,0.04,25,0,0,0
15679,6.0514e+07,1,0,0,16.01,0.04,25,0,0,0
16138,6.0627e+07,1,0,0,16.02,0.04,25,0,0,0
16551,6.0731e+07,1,0,0,16.02,0.04,25,0,0,0
17003,6.0844e+07,1,0,0,16.02,0.04,25,0,0,0
17418,6.0948e+07,1,0,0,16.02,0.04,25,0,0,0
18288,6.1169e+07,1,0,0,16.02,0.04,25,0,0,0
18702,6.1278e+07,1,0,0,16.02,0.04,25,0,0,0
19116,6.1381e+07,1,0,0,16.02,0.04,25,0,0,0
19528,6.1485e+07,1,0,0,16.02,0.04,25,0,0,0
20010,6.1603e+07,1,0,0,16.02,0.04,25,0,0,0
20428,6.1707e+07,1,0,0,16.02,0.04,25,0,0,0
20844,6.1816e+07,1,0,0,16.02,0.04,25,0,0,0
21258,6.1918e+07,1,0,0,16.02,0.04,25,0,0,0
21671,6.2025e+07,1,0,0,16.02,0.04,25,0,0,0
22096,6.2137e+07,1,0,0,16.02,0.04,25,0,0,0
22542,6.2251e+07,1,0,0,16.02,0.04,25,0,0,0
22952,6.2353e+07,1,0,0,16.02,0.04,25,0,0,0
23368,6.246e+07,1,0,0,16.01,0.04,25,0,0,0
23785,6.2566e+07,1,0,0,16.01,0.04,25,0,0,0
24233,6.2677e+07,1,0,0,16.02,0.04,25,0,0,0
24654,6.2783e+07,1,0,0,16.01,0.04,25,0,0,0
25105,6.2897e+07,1,0,0,16.02,0.04,25,0,0,0
25516,6.3e+07,1,0,0,16.02,0.04,25,0,0,0
25901,6.3102e+07,1,0,0,16.01,0.04,25,0,0,0
26350,6.3216e+07,1,0,0,16.01,0.04,25,0,0,0
26763,6.3318e+07,1,0,0,16.01,0.04,25,0,0,0
27212,6.3431e+07,1,0,0,16.01,0.04,25,0,0,0
27668,6.3545e+07,1,0,0,16.01,0.04,25,0,0,0
28083,6.3654e+07,1,0,0,16.01,0.04,25,0,0,0
28905,6.3864e+07,1,0,0,16.01,0.04,25,0,0,0
29356,6.3978e+07,1,0,0,16.01,0.04,25,0,0,0
29774,6.4082e+07,1,0,0,16.01,0.04,25,0,0,0
30150,6.4183e+07,1,0,0,16.02,0.04,25,0,0,0
30604,6.4296e+07,1,0,0,16.02,0.04,25,0,0,0
31435,6.4507e+07,1,0,0,16.02,0.04,25,0,0,0
31876,6.4616e+07,1,0,0,16.02,0.04,25,0,0,0
32329,6.4727e+07,1,0,0,16.02,0.04,25,0,0,0
32716,6.4833e+07,1,0,0,16.02,0.04,25,0,0,0
33129,6.4936e+07,1,0,0,16.02,0.04,25,0,0,0
33619,6.5055e+07,1,0,0,16.02,0.04,25,0,0,0
34030,6.5156e+07,1,0,0,16.02,0.04,25,0,0,0
34445,6.5266e+07,1,0,0,16.02,0.04,25,0,0,0
34860,6.537e+07,1,0,0,16.02,0.04,25,0,0,0
35274,6.5477e+07,1,0,0,16.01,0.04,25,0,0,0
35727,6.5593e+07,1,0,0,16.02,0.04,25,0,0,0
36137,6.5696e+07,1,0,0,16.02,0.04,25,0,0,0
36550,6.5802e+07,1,0,0,16.02,0.04,25,0,0,0
37013,6.5918e+07,1,0,0,16.01,0.04,25,0,0,0
37443,6.6027e+07,1,0,0,16.02,0.04,25,0,0,0
37895,6.6129e+07,1,0,0,16.02,0.04,25,0,0,0
38353,6.6239e+07,1,0,0,16.02,0.04,25,0,0,0
39295,6.6452e+07,1,0,0,16.02,0.04,25,0,0,0
39752,6.6556e+07,1,0,0,16.01,0.04,25,0,0,0
40248,6.6672e+07,1,0,0,16.02,0.04,25,0,0,0
40700,6.6775e+07,1,0,0,16.02,0.04,25,0,0,0
41154,6.6882e+07,1,0,0,16.02,0.03,25,0,0,0
41609,6.6989e+07,1,0,0,16.01,0.04,25,0,0,0
42106,6.7101e+07,1,0,0,16.01,0.03,25,0,0,0
42553,6.7206e+07,1,0,0,16.01,0.04,25,0,0,0
43053,6.7318e+07,1,0,0,16.02,0.04,25,0,0,0
43506,6.7426e+07,1,0,0,16.01,0.04,25,0,0,0
43960,6.7529e+07,1,0,0,16.02,0.04,25,0,0,0
44448,6.7637e+07,1,0,0,16.01,0.04,25,0,0,0
44944,6.775e+07,1,0,0,16.01,0.04,25,0,0,0
45361,6.7851e+07,1,0,0,16.02,0.04,25,0,0,0
45862,6.7964e+07,1,20,242,16.01,0.03,25,0,0,0
46315,6.8072e+07,1,255,400,16.01,0.06,25,0,0,0
46767,6.8179e+07,1,433,828,16,0.12,25,0,0,0
47188,6.8282e+07,1,833,1157,16,0.14,25,0,0,0
47680,6.8396e+07,1,1158,1242,16,0.11,25,0,0,0
48180,6.8508e+07,1,1244,1271,16,0.11,25,0,0,0
48628,6.8611e+07,1,1271,1285,16,0.11,25,0,0,0
49125,6.8725e+07,1,1286,1300,16.01,0.11,25,0,0,0
49573,6.8828e+07,1,1300,1300,16,0.1,25,0,0,0
50299,6.9037e+07,1,1300,1300,16,0.1,25,0,0,0
50758,6.9145e+07,1,1300,1300,16.01,0.1,25,0,0,0
51253,6.9261e+07,1,1300,1300,16,0.1,25,0,0,0
51703,6.9363e+07,1,1300,1300,16,0.1,25,0,0,0
52155,6.9471e+07,1,1300,1300,16.01,0.1,25,0,0,0
52609,6.9573e+07,1,1300,1300,16.01,0.11,25,0,0,0
53110,6.969e+07,1,1298,1285,16,0.11,25,0,0,0
53556,6.9794e+07,1,1285,1300,16,0.1,26,0,0,0
54052,6.9907e+07,1,1300,1300,16,0.1,25,0,0,0
54510,7.0015e+07,1,1300,1300,16.01,0.1,26,0,0,0
54961,7.0117e+07,1,1300,1300,16,0.1,25,0,0,0
55415,7.0226e+07,1,1300,1300,16,0.1,26,0,0,0
55869,7.0329e+07,1,1300,1300,16,0.11,26,0,0,0
56363,7.0442e+07,1,1300,1300,16,0.1,25,0,0,0
56861,7.0555e+07,1,1300,1300,16,0.11,26,0,0,0
57309,7.0658e+07,1,1300,1300,16,0.11,26,0,0,0
57808,7.0772e+07,1,1300,1300,16,0.1,26,0,0,0
58217,7.0869e+07,1,1300,1300,16,0.1,26,0,0,0
58714,7.0983e+07,1,1300,1300,16,0.1,26,0,0,0
59167,7.1088e+07,1,1300,1300,16,0.11,26,0,0,0
59657,7.1201e+07,1,1300,1300,16,0.11,26,0,0,0
60116,7.1309e+07,1,1300,1300,16,0.11,25,0,0,0
60573,7.1416e+07,1,1300,1300,16,0.1,26,0,0,0
61026,7.152e+07,1,1300,1300,16,0.1,26,0,0,0
61478,7.1624e+07,1,1299,1285,16,0.11,26,0,0,0
61974,7.1737e+07,1,1286,1300,16,0.1,26,0,0,0
62429,7.1846e+07,1,1300,1300,16,0.1,26,0,0,0
62888,7.1948e+07,1,1300,1300,16,0.11,26,0,0,0
63388,7.2064e+07,1,1300,1300,15.99,0.11,26,0,0,0
63840,7.2166e+07,1,1300,1300,16,0.11,26,0,0,0
64292,7.2272e+07,1,1299,1285,16.01,0.11,26,0,0,0
64747,7.2377e+07,1,1285,1285,16,0.11,26,0,0,0
65242,7.249e+07,1,1285,1285,16,0.11,26,0,0,0
65697,7.2599e+07,1,1285,1285,16,0.11,26,0,0,0
66149,7.2702e+07,1,1285,1300,16,0.11,26,0,0,0
66645,7.2818e+07,1,1298,1285,16,0.11,26,0,0,0
67102,7.2923e+07,1,1285,1300,16,0.1,26,0,0,0
67598,7.3037e+07,1,1300,1300,16,0.1,26,0,0,0
68054,7.3142e+07,1,1300,1300,16,0.1,26,0,0,0
68962,7.3356e+07,1,1300,1300,16,0.1,26,0,0,0
69417,7.346e+07,1,1300,1300,16,0.1,26,0,0,0
69875,7.3567e+07,1,1300,1300,15.99,0.1,26,0,0,0
70330,7.3677e+07,1,1300,1300,16,0.1,26,0,0,0
70781,7.3782e+07,1,1300,1300,16,0.1,26,0,0,0
71282,7.3895e+07,1,1300,1300,16,0.1,26,0,0,0
71737,7.4e+07,1,1300,1300,16,0.1,26,0,0,0
72238,7.4114e+07,1,1300,1300,16,0.1,26,0,0,0
72688,7.422e+07,1,1300,1300,16,0.1,26,0,0,0
73186,7.4333e+07,1,1300,1300,15.99,0.1,26,0,0,0
73639,7.4439e+07,1,1300,1300,16,0.1,26,0,0,0
74095,7.4545e+07,1,1300,1300,16,0.1,26,0,0,0
74547,7.465e+07,1,1300,1300,15.99,0.1,26,0,0,0
75003,7.4756e+07,1,1300,1300,16,0.1,26,0,0,0
75457,7.4866e+07,1,1300,1300,16,0.11,26,0,0,0
75911,7.4967e+07,1,1300,1300,16,0.1,26,0,0,0
76409,7.5084e+07,1,1300,1300,16,0.1,26,0,0,0
76861,7.5192e+07,1,1300,1300,16,0.1,26,0,0,0
77312,7.5294e+07,1,1300,1300,16,0.1,26,0,0,0
78218,7.5504e+07,1,1300,1300,16,0.1,26,0,0,0
78714,7.5622e+07,1,1300,1300,16,0.11,26,0,0,0
79164,7.5724e+07,1,1312,1485,15.97,0.2,26,0,0,0
79618,7.5831e+07,1,1509,2057,15.86,0.69,26,0,0,0
80108,7.594e+07,1,2081,2442,15.94,0.56,26,0,0,0
80565,7.6048e+07,1,2443,2457,15.98,0.5,26,0,0,0
81022,7.6153e+07,1,2455,2428,15.94,0.48,26,0,0,0
81474,7.6261e+07,1,2435,2528,15.95,0.81,26,0,0,0
82385,7.6475e+07,1,2545,3385,15.8,1.81,26,0,0,0
82887,7.6597e+07,1,3432,3928,15.66,2.86,26,0,0,0
83337,7.6701e+07,1,3932,4000,15.28,3.94,26,0,0,0
83782,7.6806e+07,1,4041,4971,15.46,3.54,26,1,0,0
84242,7.6913e+07,1,5025,5685,15.36,3.72,26,1,0,0
84657,7.7016e+07,1,5692,6157,15.38,3.93,26,1,0,0
85611,7.7246e+07,1,6123,5414,15.56,2.07,26,1,0,0
86065,7.7351e+07,1,5371,4942,15.51,1.54,26,1,0,0
86475,7.745e+07,1,4926,4600,15.43,1.51,26,1,0,0
86968,7.7568e+07,1,4594,4542,15.51,1.64,26,1,0,0
87871,7.7784e+07,1,4528,4257,15.38,2.72,26,1,0,0
88324,7.7892e+07,1,4271,4500,15.46,2.57,26,1,0,0
88775,7.8e+07,1,4487,4314,15.29,2,26,1,0,0
89228,7.8106e+07,1,4309,4028,15.33,2.62,26,1,0,0
89681,7.8215e+07,1,4013,3628,15.35,2.47,27,2,0,0
90177,7.8331e+07,1,3675,4157,15.42,2.87,27,2,0,0
90618,7.843e+07,1,4161,4342,15.41,2.9,26,2,0,0
91118,7.8548e+07,1,4366,4700,15.43,2.12,26,2,0,0
91569,7.8657e+07,1,4701,4742,15.45,2.16,27,2,0,0
92021,7.8761e+07,1,4748,4914,15.47,1.95,27,2,0,0
92474,7.8872e+07,1,4899,4757,15.41,2.38,27,2,0,0
92927,7.8984e+07,1,4755,4742,15.45,2.12,27,2,0,0
93383,7.9092e+07,1,4759,4942,15.45,2.16,27,2,0,0
93830,7.92e+07,1,4948,5000,15.43,2.12,27,2,0,0
94287,7.9309e+07,1,4993,4900,15.44,2.01,27,2,0,0
94740,7.9418e+07,1,4894,4828,15.33,2.02,27,2,0,0
95196,7.9525e+07,1,4826,4800,15.35,2.2,27,2,0,0
95649,7.9634e+07,1,4805,4885,15.28,2.31,27,2,0,0
96103,7.9741e+07,1,4896,5157,15.22,2.4,27,3,0,0
96601,7.9861e+07,1,5153,5114,15.25,2.24,27,3,0,0
97054,7.9968e+07,1,5107,5028,15.29,2.1,27,3,0,0
97465,8.0068e+07,1,5027,5014,15.27,2.31,27,3,0,0
97964,8.0185e+07,1,5017,5057,15.29,2.29,27,3,0,0
98412,8.029e+07,1,5053,5014,15.32,2.1,27,3,0,0
98866,8.0401e+07,1,5017,5057,15.27,2.68,27,3,0,0
99319,8.0508e+07,1,5060,5100,15.3,2.31,27,3,0,0
99773,8.0618e+07,1,5095,5028,15.29,2.07,27,3,0,0
1.0023e+05,8.0725e+07,1,5030,5071,15.3,2.19,27,3,0,0
1.0068e+05,8.0837e+07,1,5070,5057,15.31,2.43,27,3,0,0
1.0112e+05,8.094e+07,1,5058,5085,15.31,2.34,27,3,0,0
1.0157e+05,8.1049e+07,1,5082,5042,15.31,2.15,27,3,0,0
1.0202e+05,8.1157e+07,1,5037,4957,15.33,2.18,27,3,0,0
1.0246e+05,8.1266e+07,1,4947,4714,15.38,1.86,27,4,0,0
1.0292e+05,8.1379e+07,1,4695,4514,15.3,1.72,27,4,0,0
1.0332e+05,8.1483e+07,1,4516,4585,15.38,1.98,27,4,0,0
1.0377e+05,8.1593e+07,1,4592,4657,15.34,1.82,27,4,0,0
1.0462e+05,8.1811e+07,1,4661,4728,15.23,1.73,27,4,0,0
1.0498e+05,8.19e+07,1,4727,4685,15.39,1.69,27,4,0,0
1.0543e+05,8.2015e+07,1,4698,4828,15.29,2.34,27,4,0,0
1.0584e+05,8.2115e+07,1,4828,4842,15.25,2.09,27,4,0,0
1.0628e+05,8.2227e+07,1,4841,4814,15.35,2.15,27,4,0,0
1.0674e+05,8.2333e+07,1,4824,5071,15.27,2.33,27,4,0,0
1.0718e+05,8.2441e+07,1,5065,5000,15.23,2.42,27,4,0,0
1.0763e+05,8.2551e+07,1,4998,4985,15.28,2.19,27,4,0,0
1.0812e+05,8.2666e+07,1,4980,4928,15.33,1.93,27,4,0,0
1.0897e+05,8.2877e+07,1,4928,5028,15.27,2.54,27,4,0,0
1.0946e+05,8.2996e+07,1,5019,4942,15.33,2.12,27,5,0,0
1.0991e+05,8.3106e+07,1,4949,5028,15.27,2.35,27,5,0,0
1.1031e+05,8.3206e+07,1,5028,5028,15.3,2.06,27,5,0,0
1.108e+05,8.332e+07,1,5040,5171,15.3,2.29,27,5,0,0
1.1169e+05,8.3539e+07,1,5169,5128,15.33,2.27,27,5,0,0
1.121e+05,8.3642e+07,1,5120,5014,15.41,1.87,27,5,0,0
1.1255e+05,8.3753e+07,1,5007,4914,15.23,2.04,28,5,0,0
1.13e+05,8.3862e+07,1,4906,4828,15.35,2.33,27,5,0,0
1.1344e+05,8.3967e+07,1,4819,4728,15.33,1.99,27,5,0,0
1.1389e+05,8.4078e+07,1,4736,4828,15.25,2.24,27,5,0,0
1.143e+05,8.4185e+07,1,4816,4671,15.33,1.72,27,5,0,0
1.1475e+05,8.4294e+07,1,4657,4514,15.35,1.44,27,5,0,0
1.1519e+05,8.4403e+07,1,4507,4414,15.37,1.96,27,5,0,0
1.1563e+05,8.4505e+07,1,4409,4242,15.44,2.05,27,5,0,0
1.1605e+05,8.4617e+07,1,4247,4357,15.33,3.07,27,5,0,0
1.1694e+05,8.484e+07,1,4364,4728,15.26,2.34,27,6,0,0
1.1743e+05,8.4955e+07,1,4730,4757,15.25,2.26,27,6,0,0
1.1784e+05,8.5059e+07,1,4767,4871,15.35,2.22,28,6,0,0
1.1828e+05,8.5165e+07,1,4880,5000,15.33,2.11,27,6,0,0
1.1918e+05,8.539e+07,1,5000,5100,15.32,2.16,28,6,0,0
1.1962e+05,8.5498e+07,1,5099,5085,15.35,2.09,28,6,0,0
1.2007e+05,8.5608e+07,1,5084,5071,15.3,1.99,28,6,0,0
1.2052e+05,8.5714e+07,1,5068,4971,15.26,1.72,28,6,0,0
1.2096e+05,8.5829e+07,1,4953,4785,15.23,1.82,28,6,0,0
1.2142e+05,8.5934e+07,1,4790,4857,15.36,1.78,28,6,0,0
1.2186e+05,8.6048e+07,1,4834,4642,15.29,1.92,28,6,0,0
1.2227e+05,8.6148e+07,1,4650,4814,15.32,2.21,28,6,0,0
1.2268e+05,8.6258e+07,1,4805,4642,15.3,2.25,28,6,0,0
1.2314e+05,8.6368e+07,1,4636,4528,15.29,1.81,28,7,0,0
1.2358e+05,8.6477e+07,1,4533,4600,15.27,1.83,28,7,0,0
1.2398e+05,8.6578e+07,1,4598,4500,15.32,1.82,28,7,0,0
1.2447e+05,8.6697e+07,1,4504,4542,15.21,1.94,28,7,0,0
1.2492e+05,8.6809e+07,1,4553,4657,15.24,1.71,28,7,0,0
1.2533e+05,8.6907e+07,1,4656,4642,15.28,2.12,28,7,0,0
1.2626e+05,8.7138e+07,1,4636,4514,15.29,1.76,28,7,0,0
1.2666e+05,8.724e+07,1,4515,4528,15.2,2,28,7,0,0
1.2711e+05,8.7349e+07,1,4532,4571,15.26,1.98,28,7,0,0
1.28e+05,8.7566e+07,1,4571,4571,15.3,1.87,28,7,0,0
1.2844e+05,8.7674e+07,1,4555,4385,15.29,1.54,28,7,0,0
1.289e+05,8.7782e+07,1,4380,4342,15.24,2.32,28,7,0,0
1.2934e+05,8.7895e+07,1,4345,4385,15.27,2.31,28,7,0,0
1.2978e+05,8.7997e+07,1,4406,4614,15.28,2.17,28,7,0,0
1.3019e+05,8.8097e+07,1,4609,4428,15.35,1.46,28,7,0,0
1.3064e+05,8.8212e+07,1,4399,4100,15.29,2,28,7,0,0
1.3108e+05,8.8319e+07,1,4103,4185,14.97,3.31,28,8,0,0
1.3157e+05,8.8431e+07,1,4213,4457,15.2,3.42,28,8,0,0
1.3197e+05,8.853e+07,1,4453,4171,15.35,1.92,28,8,0,0
1.3242e+05,8.8642e+07,1,4134,3785,15.2,3.38,28,8,0,0
1.3287e+05,8.8755e+07,1,3788,3828,15.03,2.84,28,8,0,0
1.3331e+05,8.8863e+07,1,3826,3785,15.29,2.85,28,8,0,0
1.3372e+05,8.8964e+07,1,3793,3971,15.14,3.56,28,8,0,0
1.3421e+05,8.9079e+07,1,3973,4000,15.19,3.77,28,8,0,0
1.3465e+05,8.919e+07,1,3990,3928,15.16,3.07,28,8,0,0
1.351e+05,8.9299e+07,1,3904,3728,14.94,2.98,28,8,0,0
1.355e+05,8.9397e+07,1,3755,4057,15.17,2.93,28,8,0,0
1.3595e+05,8.9505e+07,1,4054,4014,15.03,3.5,28,9,0,0
1.364e+05,8.9615e+07,1,4015,4042,14.94,2.87,28,9,0,0
1.3684e+05,8.9725e+07,1,4062,4271,15.18,3.51,28,9,0,0
1.3725e+05,8.9827e+07,1,4266,4157,15.1,3.15,28,9,0,0
1.377e+05,8.9935e+07,1,4168,4414,15.08,4.15,28,9,0,0
1.3859e+05,9.0154e+07,1,4418,4557,15.24,1.68,28,9,0,0
1.3904e+05,9.0268e+07,1,4555,4542,15.19,1.91,28,9,0,0
1.3949e+05,9.0377e+07,1,4504,4142,15.21,1.42,28,9,0,0
1.399e+05,9.048e+07,1,4152,4300,15.17,3.62,28,9,0,0
1.4035e+05,9.0588e+07,1,4289,4142,15.07,3.4,29,9,0,0
1.4075e+05,9.0689e+07,1,4149,4642,15.22,2.58,29,10,0,0
1.412e+05,9.0801e+07,1,4642,4685,15.28,1.82,29,10,0,0
1.4168e+05,9.0918e+07,1,4684,4671,15.22,1.83,28,10,0,0
1.4214e+05,9.1029e+07,1,4657,4557,15.22,1.8,29,10,0,0
1.4255e+05,9.1129e+07,1,4551,4257,15.24,1.53,29,10,0,0
1.4299e+05,9.124e+07,1,4251,4128,15.19,2.85,29,10,0,0
1.434e+05,9.1342e+07,1,4136,4657,15.22,1.9,29,10,0,0
1.4389e+05,9.1458e+07,1,4663,4785,15.22,1.92,29,10,0,0
1.4434e+05,9.1567e+07,1,4783,4742,15.06,2.08,29,10,0,0
1.4478e+05,9.168e+07,1,4743,4814,15.22,2.25,29,10,0,0
1.4528e+05,9.1798e+07,1,4805,4742,15.13,2,29,10,0,0
1.4564e+05,9.189e+07,1,4739,4642,15.22,2.02,29,10,0,0
1.4612e+05,9.2007e+07,1,4642,4642,15.27,1.87,29,10,0,0
1.4657e+05,9.2115e+07,1,4651,4771,15.26,1.93,29,10,0,0
1.4701e+05,9.2226e+07,1,4754,4585,15.27,1.92,29,10,0,0
1.4742e+05,9.2329e+07,1,4578,4442,15.27,1.9,29,10,0,0
1.4787e+05,9.2439e+07,1,4431,4285,15.23,2.45,29,10,0,0
1.4832e+05,9.2552e+07,1,4265,4071,15.17,2.79,29,11,0,0
1.4873e+05,9.2654e+07,1,4080,4485,15.25,3.09,29,11,0,0
1.4922e+05,9.2771e+07,1,4507,4728,15.19,2.33,29,11,0,0
1.5007e+05,9.2984e+07,1,4723,4600,15.25,1.52,29,11,0,0
1.5051e+05,9.3092e+07,1,4611,4771,15.18,2.12,29,11,0,0
1.5142e+05,9.331e+07,1,4771,4771,15.22,1.77,29,11,0,0
1.5279e+05,9.3645e+07,1,4766,4628,15.22,2.41,29,11,0,0
1.5324e+05,9.3756e+07,1,4674,5157,15.18,2.85,29,11,0,0
1.5364e+05,9.3858e+07,1,5160,5342,15.21,2.28,29,11,0,0
1.5413e+05,9.3968e+07,1,5331,5071,15.25,1.46,29,11,0,0
1.5458e+05,9.4082e+07,1,5036,4671,15.19,1.23,29,11,0,0
1.5503e+05,9.4195e+07,1,4649,4428,15.18,2.02,29,12,0,0
1.5548e+05,9.4302e+07,1,4417,4314,15.22,1.68,29,12,0,0
1.5637e+05,9.4524e+07,1,4299,3871,15.09,3.16,29,12,0,0
1.5727e+05,9.4745e+07,1,3873,4228,14.94,4.01,29,12,0,0
1.5775e+05,9.4859e+07,1,4239,4400,14.94,3.05,29,12,0,0
1.5819e+05,9.4969e+07,1,4429,4671,15.14,2.31,29,12,0,0
1.5864e+05,9.508e+07,1,4680,4757,15.16,1.95,29,12,0,0
1.5904e+05,9.5178e+07,1,4749,4600,15.16,1.87,29,12,0,0
1.5949e+05,9.5287e+07,1,4600,4642,15.19,1.77,29,12,0,0
1.5998e+05,9.5407e+07,1,4642,4642,15.28,1.44,29,12,0,0
1.6042e+05,9.5515e+07,1,4597,4214,15.25,2.28,29,12,0,0
1.6128e+05,9.5725e+07,1,4220,4528,15.14,1.94,29,13,0,0
1.6176e+05,9.5843e+07,1,4533,4585,15.25,2.01,29,13,0,0
1.6217e+05,9.5944e+07,1,4606,4785,15.23,2.33,29,13,0,0
1.6261e+05,9.6054e+07,1,4790,4842,15.24,2.21,29,13,0,0
1.6306e+05,9.616e+07,1,4838,4785,15.24,2.18,29,13,0,0
1.6351e+05,9.6275e+07,1,4802,5042,15.21,2,29,13,0,0
1.6399e+05,9.6395e+07,1,5060,5157,15.17,1.74,29,13,0,0
1.6441e+05,9.6499e+07,1,5147,5085,15.26,1.46,29,13,0,0
1.6485e+05,9.6609e+07,1,5086,5114,15.27,1.53,29,13,0,0
1.653e+05,9.6718e+07,1,5098,4942,15.28,1.41,29,13,0,0
1.657e+05,9.6819e+07,1,4943,4985,15.18,1.82,29,13,0,0
1.6615e+05,9.6931e+07,1,4984,4971,15.19,2.1,29,13,0,0
1.6664e+05,9.7049e+07,1,4981,5142,15.19,2.02,29,13,0,0
1.6704e+05,9.7144e+07,1,5140,5057,15.13,1.79,29,13,0,0
1.6749e+05,9.7258e+07,1,5039,4814,15.14,2.01,29,13,0,0
1.6794e+05,9.7367e+07,1,4814,4814,15.15,1.59,29,13,0,0
1.6835e+05,9.7469e+07,1,4813,4742,15.2,1.81,29,14,0,0
1.6884e+05,9.7591e+07,1,4692,4214,15.17,1.3,29,14,0,0
1.6929e+05,9.7699e+07,1,4185,3914,15.14,2.11,29,14,0,0
1.6969e+05,9.7797e+07,1,3916,4114,14.86,3.87,29,14,0,0
1.7017e+05,9.7914e+07,1,4169,4742,15.19,3.25,29,14,0,0
1.7062e+05,9.8021e+07,1,4753,5000,15.26,2.09,29,14,0,0
1.7106e+05,9.8129e+07,1,5001,5071,15.26,1.95,29,14,0,0
1.7151e+05,9.8241e+07,1,5071,5085,15.25,2.1,29,14,0,0
1.72e+05,9.8356e+07,1,5085,5085,15.24,2.05,29,14,0,0
1.724e+05,9.8459e+07,1,5085,5114,15.25,2.19,29,14,0,0
1.7286e+05,9.8569e+07,1,5111,5057,15.21,2,29,14,0,0
1.7333e+05,9.8679e+07,1,5061,5157,15.18,1.88,29,14,0,0
1.7379e+05,9.8794e+07,1,5154,5128,15.13,2.12,29,14,0,0
1.7424e+05,9.8898e+07,1,5139,5257,15.14,2.28,29,14,0,0
1.7468e+05,9.9007e+07,1,5264,5371,15.07,2.19,29,14,0,0
1.7558e+05,9.9224e+07,1,5371,5400,15.02,2.6,29,15,0,0
1.7603e+05,9.9336e+07,1,5390,5257,15.08,2.56,29,15,0,0
1.7647e+05,9.9449e+07,1,5263,5357,15.03,2.63,29,15,0,0
1.7692e+05,9.9557e+07,1,5363,5442,15.08,2.62,29,15,0,0
1.7782e+05,9.9776e+07,1,5442,5471,15.12,2.9,29,15,0,0
1.7826e+05,9.9883e+07,1,5469,5400,15.11,2.34,29,15,0,0
1.7871e+05,9.9995e+07,1,5374,5142,15.08,1.96,29,15,0,0
1.7919e+05,1.0011e+08,1,5140,5114,15.16,2.1,29,15,0,0
1.7964e+05,1.0022e+08,1,5084,4857,15.17,1.74,29,15,0,0
1.8009e+05,1.0033e+08,1,4847,4771,15.14,1.79,29,15,0,0
1.8049e+05,1.0043e+08,1,4771,4771,15.18,1.71,29,15,0,0
1.8095e+05,1.0054e+08,1,4759,4642,15.13,1.85,29,15,0,0
1.8139e+05,1.0065e+08,1,4644,4671,15.17,1.92,29,15,0,0
1.8184e+05,1.0076e+08,1,4672,4700,15.18,1.85,29,16,0,0
1.8228e+05,1.0087e+08,1,4698,4685,15.2,2.07,29,16,0,0
1.8273e+05,1.0097e+08,1,4681,4614,15.16,2.08,29,16,0,0
1.8317e+05,1.0108e+08,1,4614,4628,15.19,1.97,29,16,0,0
1.8363e+05,1.0119e+08,1,4624,4542,15.19,1.93,29,16,0,0
1.8403e+05,1.0129e+08,1,4542,4585,15.16,1.99,29,16,0,0
1.8452e+05,1.0141e+08,1,4605,4857,15.15,2.04,29,16,0,0
1.85e+05,1.0153e+08,1,4863,4942,15.15,2.24,29,16,0,0
1.854e+05,1.0163e+08,1,4925,4800,15.16,1.73,29,16,0,0
1.8585e+05,1.0174e+08,1,4789,4700,15.18,1.82,29,16,0,0
1.8626e+05,1.0184e+08,1,4701,4742,15.16,2.1,29,16,0,0
1.8671e+05,1.0195e+08,1,4742,4742,15.17,2,29,16,0,0
1.8716e+05,1.0206e+08,1,4737,4685,15.14,1.94,29,16,0,0
1.8805e+05,1.0228e+08,1,4684,4671,15.19,2.11,29,16,0,0
1.8849e+05,1.0239e+08,1,4679,4771,15.16,2.24,29,16,0,0
1.889e+05,1.0249e+08,1,4777,4928,15.2,1.89,29,17,0,0
1.8938e+05,1.0261e+08,1,4914,4771,15.2,1.79,29,17,0,0
1.8983e+05,1.0272e+08,1,4762,4600,15.09,1.78,29,17,0,0
1.9024e+05,1.0282e+08,1,4617,4800,15.19,2.07,29,17,0,0
1.9069e+05,1.0294e+08,1,4781,4614,15.22,1.42,29,17,0,0
1.9109e+05,1.0304e+08,1,4611,4585,15.21,1.77,29,17,0,0
1.9154e+05,1.0314e+08,1,4586,4671,15.1,2.1,29,17,0,0
1.9199e+05,1.0326e+08,1,4668,4642,15.24,1.7,29,17,0,0
1.9284e+05,1.0347e+08,1,4643,4685,15.22,1.62,29,17,0,0
1.9329e+05,1.0358e+08,1,4687,4728,15.23,1.66,29,17,0,0
1.9373e+05,1.0369e+08,1,4729,4814,15.15,1.98,29,17,0,0
1.9418e+05,1.038e+08,1,4824,4942,15.13,2.05,29,17,0,0
1.9467e+05,1.0392e+08,1,4945,4985,15.15,1.72,29,17,0,0
1.9508e+05,1.0403e+08,1,4966,4842,15.17,1.89,29,17,0,0
1.9552e+05,1.0413e+08,1,4844,4871,15.13,1.89,29,17,0,0
1.9592e+05,1.0423e+08,1,4876,5000,15.11,2.06,29,17,0,0
1.9642e+05,1.0435e+08,1,5014,5142,15.13,2.14,29,17,0,0
1.9682e+05,1.0446e+08,1,5140,5128,15.02,2.44,29,18,0,0
1.9726e+05,1.0456e+08,1,5112,4957,15.11,2.04,29,18,0,0
1.9775e+05,1.0468e+08,1,4955,4928,15.17,2.13,29,18,0,0
1.9904e+05,1.05e+08,1,4925,4500,15.2,1.9,29,18,0,0
1.9948e+05,1.0511e+08,1,4497,4471,15.19,1.89,29,18,0,0
1.9993e+05,1.0522e+08,1,4463,4385,15.08,2.29,29,18,0,0
2.0034e+05,1.0532e+08,1,4385,4442,15.14,2.07,29,18,0,0
2.0078e+05,1.0543e+08,1,4460,4700,15.08,2.49,29,18,0,0
2.0123e+05,1.0554e+08,1,4704,4985,15.07,2.34,29,18,0,0
2.0171e+05,1.0566e+08,1,4977,4900,15.17,1.89,29,18,0,0
2.0212e+05,1.0576e+08,1,4899,4871,15.11,2.02,29,18,0,0
2.0252e+05,1.0586e+08,1,4871,4928,15.07,2.49,29,18,0,0
2.03e+05,1.0598e+08,1,4933,5000,15.11,2.2,29,18,0,0
2.0349e+05,1.0609e+08,1,5006,5071,15.11,2.44,29,19,0,0
2.0479e+05,1.0642e+08,1,5073,5128,15.08,2.04,29,19,0,0
2.052e+05,1.0652e+08,1,5135,5271,14.97,3.05,29,19,0,0
2.0564e+05,1.0663e+08,1,5273,5314,15.05,2.53,29,19,0,0
2.0609e+05,1.0674e+08,1,5324,5471,15,2.7,29,19,0,0
2.065e+05,1.0684e+08,1,5461,5371,15.01,2.57,29,19,0,0
2.0695e+05,1.0696e+08,1,5371,5371,15.02,2.58,29,19,0,0
2.0739e+05,1.0706e+08,1,5372,5385,14.99,2.74,29,19,0,0
2.0784e+05,1.0717e+08,1,5386,5400,15.02,2.5,29,19,0,0
2.0829e+05,1.0728e+08,1,5400,5400,14.97,2.79,29,19,0,0
2.0873e+05,1.0739e+08,1,5401,5457,15.01,2.8,29,19,0,0
2.0918e+05,1.075e+08,1,5457,5514,15,2.59,29,20,0,0
2.0962e+05,1.0761e+08,1,5513,5457,15.01,2.78,29,20,0,0
2.1012e+05,1.0773e+08,1,5450,5385,15.06,2.47,29,20,0,0
2.1053e+05,1.0783e+08,1,5384,5371,15,2.68,29,20,0,0
2.1098e+05,1.0794e+08,1,5366,5271,15.11,2.31,29,20,0,0
2.1142e+05,1.0805e+08,1,5270,5257,15.05,2.09,29,20,0,0
2.1186e+05,1.0816e+08,1,5251,5171,15.08,2.57,29,20,0,0
2.1231e+05,1.0827e+08,1,5172,5200,15.04,2.05,29,20,0,0
2.1276e+05,1.0838e+08,1,5211,5457,15.04,3.49,29,20,0,0
2.132e+05,1.0849e+08,1,5445,5214,15.04,2.11,29,20,0,0
2.1365e+05,1.086e+08,1,5208,4771,15.08,1.84,29,20,0,0
2.1409e+05,1.087e+08,1,4763,4500,15.14,2.05,29,20,0,0
2.145e+05,1.0881e+08,1,4503,4728,15.11,1.96,29,20,0,0
2.1498e+05,1.0892e+08,1,4745,4971,15.1,2.44,29,20,0,0
2.1542e+05,1.0903e+08,1,4971,4985,15.12,2,29,21,0,0
2.1588e+05,1.0914e+08,1,4989,5042,15.07,1.97,29,21,0,0
2.1632e+05,1.0925e+08,1,5030,4885,15.15,1.91,29,21,0,0
2.1673e+05,1.0936e+08,1,4876,4757,15.21,1.87,29,21,0,0
2.1721e+05,1.0947e+08,1,4746,4614,15.14,1.84,29,21,0,0
2.1761e+05,1.0957e+08,1,4617,4700,15.16,1.96,29,21,0,0
2.1806e+05,1.0968e+08,1,4687,4557,15.11,2.15,29,21,0,0
2.1847e+05,1.0979e+08,1,4561,4657,15.16,1.91,29,21,0,0
2.1936e+05,1.1001e+08,1,4663,4800,15.11,1.96,29,21,0,0
2.198e+05,1.1012e+08,1,4801,4828,14.96,2.03,29,21,0,0
2.2021e+05,1.1022e+08,1,4828,4828,15.1,2.1,29,21,0,0
2.2066e+05,1.1033e+08,1,4827,4800,15.02,2.37,29,21,0,0
2.211e+05,1.1044e+08,1,4808,4914,14.98,2.69,29,21,0,0
2.2155e+05,1.1054e+08,1,4915,4971,15.08,2.54,29,21,0,0
2.2199e+05,1.1066e+08,1,4977,5100,14.92,2.4,29,21,0,0
2.2244e+05,1.1077e+08,1,5111,5357,14.9,3.41,29,22,0,0
2.2288e+05,1.1087e+08,1,5350,5228,14.96,2.46,29,22,0,0
2.2333e+05,1.1099e+08,1,5237,5314,14.95,2.67,29,22,0,0
2.2373e+05,1.1108e+08,1,5319,5385,14.97,2.65,29,22,0,0
2.2414e+05,1.1119e+08,1,5383,5285,14.94,2.32,29,22,0,0
2.2463e+05,1.1131e+08,1,5276,5185,15.06,2.11,29,22,0,0
2.25e+05,1.1141e+08,1,5182,5042,14.94,2.22,29,22,0,0
2.2548e+05,1.1152e+08,1,5024,4771,15.13,1.94,29,22,0,0
2.2589e+05,1.1162e+08,1,4745,4414,15.12,1.78,29,22,0,0
2.2634e+05,1.1174e+08,1,4440,4714,15.07,2.36,29,22,0,0
2.2674e+05,1.1184e+08,1,4709,4571,15.14,1.9,29,22,0,0
2.2719e+05,1.1195e+08,1,4538,4057,15.16,2.66,29,22,0,0
2.2764e+05,1.1206e+08,1,4049,3900,14.98,3.68,29,22,0,0
2.2808e+05,1.1217e+08,1,3900,3914,14.99,3.36,29,22,0,0
2.2853e+05,1.1228e+08,1,3935,4214,15.01,3.47,29,23,0,0
2.2898e+05,1.1239e+08,1,4256,4685,15.04,4.05,29,23,0,0
2.2938e+05,1.1249e+08,1,4707,5171,15.11,2.13,29,23,0,0
2.2983e+05,1.126e+08,1,5171,5171,14.99,2.23,29,23,0,0
2.3023e+05,1.127e+08,1,5169,5071,15,2.06,29,23,0,0
2.3071e+05,1.1282e+08,1,5077,5214,15.09,2.66,29,23,0,0
2.3161e+05,1.1304e+08,1,5203,4971,15.06,1.92,29,23,0,0
2.3201e+05,1.1314e+08,1,4974,5142,15.08,1.85,29,23,0,0
2.3245e+05,1.1325e+08,1,5137,5042,15.08,2.24,29,23,0,0
2.3294e+05,1.1337e+08,1,5042,5042,14.97,2.43,29,23,0,0
2.3335e+05,1.1347e+08,1,5045,5100,14.94,2.45,29,23,0,0
2.338e+05,1.1358e+08,1,5094,5042,15.01,2.21,29,24,0,0
2.3425e+05,1.137e+08,1,5038,5000,15,2.12,29,24,0,0
2.3465e+05,1.138e+08,1,5000,5028,15.04,2.5,29,24,0,0
2.351e+05,1.1391e+08,1,5029,5114,15.02,2.35,29,24,0,0
2.3554e+05,1.1401e+08,1,5116,5157,15.01,2.78,29,24,0,0
2.3599e+05,1.1412e+08,1,5164,5271,14.94,2.66,29,24,0,0
2.3639e+05,1.1422e+08,1,5271,5300,14.89,2.76,29,24,0,0
2.3685e+05,1.1434e+08,1,5312,5400,14.93,2.73,29,24,0,0
2.3725e+05,1.1444e+08,1,5398,5357,15.03,2.87,29,24,0,0
2.377e+05,1.1455e+08,1,5355,5328,15.07,2.47,29,24,0,0
2.3818e+05,1.1467e+08,1,5315,5157,15.04,2.18,29,24,0,0
2.3863e+05,1.1478e+08,1,5150,5057,15.01,2.73,29,24,0,0
2.391e+05,1.149e+08,1,5072,5171,15.03,2.75,29,24,0,0
2.3951e+05,1.15e+08,1,5188,5357,15,2.71,29,24,0,0
2.3996e+05,1.1511e+08,1,5366,5471,15,2.44,29,25,0,0
2.4036e+05,1.1521e+08,1,5468,5428,15.02,2.73,29,25,0,0
2.4082e+05,1.1533e+08,1,5418,5314,15.04,2.63,29,25,0,0
2.4126e+05,1.1543e+08,1,5316,5342,14.99,2.6,29,25,0,0
2.4216e+05,1.1565e+08,1,5344,5400,15.02,2.98,29,25,0,0
2.426e+05,1.1576e+08,1,5396,5357,15.02,2.39,29,25,0,0
2.4301e+05,1.1586e+08,1,5357,5385,15.01,2.6,29,25,0,0
2.439e+05,1.1608e+08,1,5384,5300,15.05,2.47,29,25,0,0
2.4435e+05,1.1619e+08,1,5301,5357,15.02,2.3,29,25,0,0
2.4479e+05,1.163e+08,1,5338,5085,14.98,2.17,29,25,0,0
2.4524e+05,1.1641e+08,1,5081,5042,15.03,2.16,29,25,0,0
2.4564e+05,1.1651e+08,1,5045,5200,15.07,2.44,29,26,0,0
2.4612e+05,1.1662e+08,1,5212,5385,14.97,2.85,29,26,0,0
2.4657e+05,1.1673e+08,1,5385,5400,15.01,2.69,29,26,0,0
2.4701e+05,1.1684e+08,1,5397,5328,15.01,2.83,29,26,0,0
2.475e+05,1.1696e+08,1,5316,5185,15.06,2.32,29,26,0,0
2.479e+05,1.1706e+08,1,5200,5428,15,2.75,29,26,0,0
2.4831e+05,1.1716e+08,1,5425,5242,15.04,2.47,29,26,0,0
2.488e+05,1.1728e+08,1,5249,5328,15.04,2.94,29,26,0,0
2.4921e+05,1.1738e+08,1,5335,5414,15.07,2.65,29,26,0,0
2.4965e+05,1.1749e+08,1,5416,5457,15.07,2.87,29,26,0,0
2.5006e+05,1.176e+08,1,5457,5514,15.02,3.07,29,26,0,0
2.5054e+05,1.1771e+08,1,5515,5557,14.97,2.77,29,26,0,0
2.5098e+05,1.1781e+08,1,5554,5442,15.02,2.49,29,27,0,0
2.5143e+05,1.1793e+08,1,5440,5400,15.04,2.76,29,27,0,0
2.5188e+05,1.1804e+08,1,5394,5271,15.05,2.57,29,27,0,0
2.5232e+05,1.1815e+08,1,5272,5357,14.94,2.99,29,27,0,0
2.5273e+05,1.1825e+08,1,5362,5471,15.03,2.92,29,27,0,0
2.5319e+05,1.1837e+08,1,5452,5200,15.09,2.23,29,27,0,0
2.5359e+05,1.1847e+08,1,5201,5314,15.11,2.8,29,27,0,0
2.5405e+05,1.1858e+08,1,5305,5142,15.03,2.18,29,27,0,0
2.5449e+05,1.1869e+08,1,5144,5200,15.04,2.32,29,27,0,0
2.5497e+05,1.1881e+08,1,5214,5371,15,2.6,29,27,0,0
2.5538e+05,1.1891e+08,1,5369,5357,15,2.9,29,27,0,0
2.5583e+05,1.1902e+08,1,5357,5371,15.05,2.53,29,27,0,0
2.5627e+05,1.1913e+08,1,5400,5685,15.06,3.2,29,27,0,0
2.5672e+05,1.1924e+08,1,5674,5571,15.02,2.99,29,28,0,0
2.5761e+05,1.1946e+08,1,5564,5428,15.05,2.48,29,28,0,0
2.5802e+05,1.1956e+08,1,5426,5400,15.01,3.06,29,28,0,0
2.5847e+05,1.1968e+08,1,5386,5257,15.02,2.11,29,28,0,0
2.5892e+05,1.1979e+08,1,5244,5128,14.98,2.14,29,28,0,0
2.5936e+05,1.199e+08,1,5128,5128,15,2.2,29,28,0,0
2.5976e+05,1.2e+08,1,5124,5042,14.95,2.24,29,28,0,0
2.6021e+05,1.201e+08,1,5031,4828,14.96,2.03,29,28,0,0
2.607e+05,1.2022e+08,1,4811,4642,15.01,2.27,29,28,0,0
2.611e+05,1.2032e+08,1,4640,4585,15,1.84,29,28,0,0
2.6155e+05,1.2043e+08,1,4571,4442,15.02,2.24,29,28,0,0
2.6196e+05,1.2053e+08,1,4449,4614,14.97,2.11,29,28,0,0
2.6241e+05,1.2065e+08,1,4622,4742,15,2.05,29,28,0,0
2.6281e+05,1.2075e+08,1,4744,4842,14.95,2.36,29,29,0,0
2.6326e+05,1.2085e+08,1,4844,5014,14.97,2.56,29,29,0,0
2.6374e+05,1.2097e+08,1,5024,5271,14.92,2.97,29,29,0,0
2.6419e+05,1.2107e+08,1,5281,5542,14.89,3.18,29,29,0,0
2.6464e+05,1.2119e+08,1,5543,5585,14.9,3.07,29,29,0,0
2.6508e+05,1.2129e+08,1,5574,5471,15,2.36,29,29,0,0
2.6553e+05,1.214e+08,1,5459,5271,14.95,2.27,29,29,0,0
2.6687e+05,1.2173e+08,1,5262,4985,15.02,1.97,29,29,0,0
2.6728e+05,1.2184e+08,1,4979,4914,14.97,2.21,29,29,0,0
2.6773e+05,1.2195e+08,1,4906,4785,15.05,2.14,29,29,0,0
2.6817e+05,1.2206e+08,1,4781,4714,15.03,1.79,29,29,0,0
2.6862e+05,1.2217e+08,1,4712,4685,15.02,1.93,29,30,0,0
2.6944e+05,1.2238e+08,1,4686,4785,14.97,2.46,29,30,0,0
2.6989e+05,1.2249e+08,1,4783,4742,14.96,2,29,30,0,0
2.703e+05,1.226e+08,1,4736,4671,15.04,1.82,29,30,0,0
2.7075e+05,1.2271e+08,1,4671,4685,15.05,1.92,29,30,0,0
2.7119e+05,1.2282e+08,1,4680,4614,15.01,2.02,29,30,0,0
2.716e+05,1.2292e+08,1,4617,4685,15.04,2.08,29,30,0,0
2.7205e+05,1.2304e+08,1,4693,4771,14.99,2.18,29,30,0,0
2.725e+05,1.2314e+08,1,4776,4828,14.96,2.34,29,30,0,0
2.7294e+05,1.2325e+08,1,4826,4814,14.88,2.48,29,30,0,0
2.7335e+05,1.2336e+08,1,4821,4971,15.07,2.05,29,30,0,0
2.738e+05,1.2347e+08,1,4962,4857,14.97,2.3,29,30,0,0
2.7425e+05,1.2358e+08,1,4861,4914,14.99,2.03,29,30,0,0
2.7469e+05,1.2369e+08,1,4915,4928,14.95,2.33,29,30,0,0
2.751e+05,1.238e+08,1,4920,4871,14.97,2.08,29,31,0,0
2.755e+05,1.2389e+08,1,4871,4885,15,2.16,29,31,0,0
2.7643e+05,1.2412e+08,1,4873,4700,15.01,2.36,29,31,0,0
2.7687e+05,1.2423e+08,1,4691,4585,14.98,1.79,29,31,0,0
2.7732e+05,1.2434e+08,1,4599,4700,15.02,2.11,29,31,0,0
2.7772e+05,1.2444e+08,1,4700,4714,14.99,1.92,29,31,0,0
2.7866e+05,1.2467e+08,1,4720,4814,15.06,2.09,29,31,0,0
2.7906e+05,1.2476e+08,1,4812,4742,15.13,1.96,29,31,0,0
2.7954e+05,1.2489e+08,1,4729,4628,14.95,2.07,29,31,0,0
2.7995e+05,1.2498e+08,1,4632,4842,15.11,2.08,29,31,0,0
2.804e+05,1.2509e+08,1,4824,4614,15.16,1.63,29,31,0,0
2.8084e+05,1.252e+08,1,4615,4700,15.06,2.27,29,31,0,0
2.8133e+05,1.2532e+08,1,4713,4814,15.14,1.83,29,31,0,0
2.8173e+05,1.2542e+08,1,4798,4628,15,2.19,29,31,0,0
2.8218e+05,1.2553e+08,1,4635,4714,15.05,2.16,29,31,0,0
2.8263e+05,1.2564e+08,1,4691,4514,14.97,2.01,29,32,0,0
2.8303e+05,1.2574e+08,1,4515,4600,15.04,1.75,29,32,0,0
2.8348e+05,1.2586e+08,1,4604,4642,15,2.13,29,32,0,0
2.8393e+05,1.2596e+08,1,4653,4757,14.99,2.22,29,32,0,0
2.8437e+05,1.2607e+08,1,4743,4585,15.04,1.83,29,32,0,0
2.8477e+05,1.2617e+08,1,4581,4442,15.06,2,29,32,0,0
2.8526e+05,1.2629e+08,1,4431,4314,14.97,2.6,29,32,0,0
2.857e+05,1.264e+08,1,4329,4485,14.93,3.34,29,32,0,0
2.8616e+05,1.2651e+08,1,4498,4614,15.05,2.55,29,32,0,0
2.866e+05,1.2662e+08,1,4632,4785,15.07,1.83,29,32,0,0
2.8745e+05,1.2683e+08,1,4778,4414,15.03,1.69,29,32,0,0
2.8793e+05,1.2694e+08,1,4411,4385,15.08,2.05,29,32,0,0
2.8838e+05,1.2706e+08,1,4372,4242,15.08,1.68,29,32,0,0
2.8879e+05,1.2715e+08,1,4244,4471,14.88,3.3,29,32,0,0
2.8967e+05,1.2737e+08,1,4474,4971,15,2.59,29,33,0,0
2.9017e+05,1.2749e+08,1,4969,4957,14.93,2.28,29,33,0,0
2.9061e+05,1.276e+08,1,4978,5200,14.94,2.24,29,33,0,0
2.9102e+05,1.277e+08,1,5199,5171,15.01,2.18,29,33,0,0
2.9146e+05,1.2781e+08,1,5169,5128,14.97,2.19,29,33,0,0
2.9191e+05,1.2792e+08,1,5108,4842,15.04,1.87,29,33,0,0
2.9236e+05,1.2803e+08,1,4828,4642,14.98,1.97,29,33,0,0
2.9281e+05,1.2814e+08,1,4654,4814,15.06,2.29,29,33,0,0
2.9366e+05,1.2836e+08,1,4796,4414,15.11,1.8,29,33,0,0
2.9411e+05,1.2847e+08,1,4382,4042,14.91,2.75,29,33,0,0
2.9456e+05,1.2858e+08,1,4049,4128,15.06,3.34,29,33,0,0
2.9496e+05,1.2868e+08,1,4150,4457,15.07,3.57,29,33,0,0
2.954e+05,1.2879e+08,1,4456,4428,14.94,2.38,29,34,0,0
2.9585e+05,1.289e+08,1,4432,4471,15.03,2.14,29,34,0,0
2.963e+05,1.2901e+08,1,4458,4328,15.13,2.05,29,34,0,0
2.9671e+05,1.2911e+08,1,4333,4457,15.07,2.12,29,34,0,0
2.976e+05,1.2933e+08,1,4457,4471,15.02,2.04,29,34,0,0
2.9808e+05,1.2944e+08,1,4453,4214,15.09,2.01,29,34,0,0
2.9853e+05,1.2955e+08,1,4217,4300,15.1,2.26,29,34,0,0
2.9942e+05,1.2976e+08,1,4299,4185,15,2.81,29,34,0,0
2.9986e+05,1.2987e+08,1,4182,4100,14.96,2.9,29,34,0,0
3.0029e+05,1.2998e+08,1,4105,4200,14.96,3.68,29,34,0,0
3.0077e+05,1.301e+08,1,4201,4228,14.89,3.5,29,34,0,0
3.0117e+05,1.302e+08,1,4233,4571,15.02,3.28,29,35,0,0
3.0162e+05,1.3031e+08,1,4580,4685,15.04,1.95,29,35,0,0
3.021e+05,1.3043e+08,1,4680,4614,15.05,1.83,29,35,0,0
3.0255e+05,1.3054e+08,1,4616,4642,15.05,2.05,29,35,0,0
3.0295e+05,1.3064e+08,1,4644,4685,15.11,1.6,29,35,0,0
3.034e+05,1.3074e+08,1,4684,4671,15.07,2.33,29,35,0,0
3.0388e+05,1.3086e+08,1,4690,4871,15.07,1.78,29,35,0,0
3.0433e+05,1.3097e+08,1,4860,4714,15.08,2.18,29,35,0,0
3.0474e+05,1.3107e+08,1,4714,4714,15.11,2.24,29,35,0,0
3.0522e+05,1.3119e+08,1,4711,4685,15.12,2.05,29,35,0,0
3.0567e+05,1.313e+08,1,4698,4828,15.03,2.71,29,35,0,0
3.0656e+05,1.3152e+08,1,4816,4571,15.07,1.73,29,35,0,0
3.0697e+05,1.3162e+08,1,4569,4528,14.92,2.25,29,35,0,0
3.0745e+05,1.3174e+08,1,4556,4842,15.02,2.42,29,35,0,0
3.0786e+05,1.3184e+08,1,4862,5057,14.99,2.55,29,36,0,0
3.0831e+05,1.3195e+08,1,5059,5085,14.97,2.2,29,36,0,0
3.0878e+05,1.3207e+08,1,5085,5085,14.94,2.42,29,36,0,0
3.0923e+05,1.3218e+08,1,5080,5042,14.98,2.47,29,36,0,0
3.0964e+05,1.3228e+08,1,5040,4914,14.98,2.29,29,36,0,0
3.1057e+05,1.3251e+08,1,4915,4957,14.92,2.2,29,36,0,0
3.1101e+05,1.3262e+08,1,4937,4785,14.94,2.02,29,36,0,0
3.1146e+05,1.3273e+08,1,4783,4757,15.03,2.04,29,36,0,0
3.1187e+05,1.3283e+08,1,4754,4700,15.03,2.04,29,36,0,0
3.1232e+05,1.3294e+08,1,4698,4685,14.89,2.25,29,36,0,0
3.1277e+05,1.3306e+08,1,4668,4500,14.99,1.96,29,36,0,0
3.1321e+05,1.3316e+08,1,4498,4485,15.06,1.88,29,36,0,0
3.1362e+05,1.3327e+08,1,4488,4571,15,2.09,29,36,0,0
3.1406e+05,1.3338e+08,1,4566,4342,14.97,1.97,30,36,0,0
3.1451e+05,1.3349e+08,1,4343,4428,14.96,2.25,30,36,0,0
3.1496e+05,1.336e+08,1,4430,4557,15.03,2.08,29,37,0,0
3.154e+05,1.3371e+08,1,4572,4757,15.04,2.05,29,37,0,0
3.1584e+05,1.3382e+08,1,4750,4671,15.01,1.66,29,37,0,0
3.1625e+05,1.3392e+08,1,4671,4671,15.01,1.84,29,37,0,0
3.167e+05,1.3403e+08,1,4673,4714,15.04,1.95,29,37,0,0
3.1715e+05,1.3414e+08,1,4717,4771,15,1.88,29,37,0,0
3.1758e+05,1.3425e+08,1,4775,4857,15.01,2.12,29,37,0,0
3.1804e+05,1.3435e+08,1,4857,4871,15.02,2.12,29,37,0,0
3.1848e+05,1.3446e+08,1,4872,4885,15.03,2.18,29,37,0,0
3.1892e+05,1.3457e+08,1,4875,4685,15.05,2.07,29,37,0,0
3.1937e+05,1.3468e+08,1,4699,4842,15.03,2.11,30,37,0,0
3.1982e+05,1.3479e+08,1,4831,4728,15.07,2.1,29,37,0,0
3.2022e+05,1.3489e+08,1,4727,4685,15.03,2.11,29,37,0,0
3.2071e+05,1.3501e+08,1,4693,4785,15,2.36,29,37,0,0
3.2111e+05,1.3511e+08,1,4783,4714,15.03,2.01,29,37,0,0
3.216e+05,1.3523e+08,1,4704,4600,14.96,1.95,29,37,0,0
3.22e+05,1.3532e+08,1,4599,4585,15.05,1.53,29,38,0,0
3.2246e+05,1.3544e+08,1,4588,4628,15.04,2.22,29,38,0,0
3.229e+05,1.3555e+08,1,4625,4600,14.99,2.06,29,38,0,0
3.233e+05,1.3565e+08,1,4601,4685,15.03,1.83,29,38,0,0
3.2379e+05,1.3576e+08,1,4680,4585,15.05,1.86,29,38,0,0
3.2424e+05,1.3588e+08,1,4576,4485,15,2,29,38,0,0
3.2464e+05,1.3598e+08,1,4487,4528,15.01,1.69,29,38,0,0
3.2509e+05,1.3609e+08,1,4526,4500,15.04,2.83,29,38,0,0
3.2554e+05,1.362e+08,1,4507,4585,15.06,1.99,29,38,0,0
3.264e+05,1.3642e+08,1,4583,4528,15.1,1.85,29,38,0,0
3.2684e+05,1.3652e+08,1,4525,4385,15.03,2.14,29,38,0,0
3.2733e+05,1.3663e+08,1,4403,4585,15.05,2.42,29,38,0,0
3.2778e+05,1.3675e+08,1,4603,4800,14.84,2.41,29,38,0,0
3.2818e+05,1.3685e+08,1,4810,5057,14.99,2.2,29,38,0,0
3.2863e+05,1.3696e+08,1,5055,5028,14.93,2.2,29,38,0,0
3.2907e+05,1.3707e+08,1,5021,4942,15.02,1.87,29,39,0,0
3.2951e+05,1.3717e+08,1,4925,4600,14.98,2.03,29,39,0,0
3.2992e+05,1.3728e+08,1,4598,4542,15.07,1.46,29,39,0,0
3.3037e+05,1.3739e+08,1,4529,4400,14.99,1.81,29,39,0,0
3.3082e+05,1.375e+08,1,4383,4214,14.94,2.72,29,39,0,0
3.3122e+05,1.3761e+08,1,4212,4142,14.95,3.52,29,39,0,0
3.3212e+05,1.3783e+08,1,4138,3771,14.99,2.96,29,39,0,0
3.3256e+05,1.3794e+08,1,3770,3757,15,2.85,29,39,0,0
3.3305e+05,1.3805e+08,1,3771,3914,14.82,3.47,29,39,0,0
3.3345e+05,1.3815e+08,1,3916,4042,14.97,3.89,29,39,0,0
3.339e+05,1.3827e+08,1,4034,3914,14.91,3.01,29,39,0,0
3.3435e+05,1.3837e+08,1,3947,4271,14.92,3.59,29,39,0,0
3.348e+05,1.3849e+08,1,4323,4857,14.9,3.67,29,40,0,0
3.3524e+05,1.386e+08,1,4853,4814,15,2.13,29,40,0,0
3.3569e+05,1.387e+08,1,4820,4885,14.99,2.14,29,40,0,0
3.3613e+05,1.3881e+08,1,4876,4757,14.89,2.02,30,40,0,0
3.3658e+05,1.3892e+08,1,4759,4785,15.01,1.97,29,40,0,0
3.37e+05,1.3903e+08,1,4770,4628,14.99,1.98,29,40,0,0
3.374e+05,1.3913e+08,1,4627,4614,15.04,1.83,30,40,0,0
3.3784e+05,1.3924e+08,1,4610,4457,15.02,1.42,29,40,0,0
3.383e+05,1.3935e+08,1,4455,4442,15.03,1.77,29,40,0,0
3.387e+05,1.3946e+08,1,4438,4357,15.04,1.58,30,40,0,0
3.392e+05,1.3957e+08,1,4365,4457,14.86,2.95,30,40,0,0
3.396e+05,1.3968e+08,1,4461,4557,14.98,2.55,30,40,0,0
3.4049e+05,1.3989e+08,1,4556,4500,14.89,2.1,30,40,0,0
3.4093e+05,1.4e+08,1,4508,4642,15.01,2.16,30,41,0,0
3.4142e+05,1.4011e+08,1,4645,4685,15.04,2.09,30,41,0,0
3.4182e+05,1.4022e+08,1,4686,4714,14.97,1.78,30,41,0,0
3.4227e+05,1.4033e+08,1,4715,4742,14.93,1.89,30,41,0,0
3.4271e+05,1.4043e+08,1,4735,4614,15.04,1.71,30,41,0,0
3.432e+05,1.4055e+08,1,4609,4571,15.02,1.75,30,41,0,0
3.4361e+05,1.4065e+08,1,4573,4628,15.05,1.75,30,41,0,0
3.4406e+05,1.4076e+08,1,4592,4128,14.92,1.74,30,41,0,0
3.445e+05,1.4087e+08,1,4132,4200,14.98,3.17,30,41,0,0
3.4495e+05,1.4099e+08,1,4253,4728,14.98,2.47,30,41,0,0
3.4539e+05,1.4109e+08,1,4734,4857,14.95,2.16,30,41,0,0
3.4587e+05,1.4121e+08,1,4842,4685,14.95,1.72,30,41,0,0
3.4632e+05,1.4132e+08,1,4681,4657,15.03,1.51,30,41,0,0
3.4673e+05,1.4143e+08,1,4657,4657,15.07,1.89,29,41,0,0
3.4718e+05,1.4154e+08,1,4665,4757,15.04,2.24,30,41,0,0
3.4763e+05,1.4165e+08,1,4751,4671,14.94,1.65,30,41,0,0
3.4808e+05,1.4176e+08,1,4674,4700,15.04,1.92,29,41,0,0
3.4893e+05,1.4197e+08,1,4696,4142,15.05,2.04,30,42,0,0
3.4937e+05,1.4208e+08,1,4147,4214,14.86,2.84,30,42,0,0
3.5026e+05,1.423e+08,1,4189,3671,14.94,2.21,29,42,0,0
3.5072e+05,1.4242e+08,1,3714,4157,14.75,3.94,30,42,0,0
3.5116e+05,1.4252e+08,1,4209,4657,14.88,3.52,30,42,0,0
3.5156e+05,1.4262e+08,1,4664,4957,14.96,1.94,30,42,0,0
3.5201e+05,1.4274e+08,1,4938,4685,15.09,1.83,30,42,0,0
3.5246e+05,1.4285e+08,1,4680,4642,14.93,2.08,30,42,0,0
3.5291e+05,1.4296e+08,1,4660,4814,15.07,2.21,30,42,0,0
3.5376e+05,1.4317e+08,1,4800,4514,14.98,2.15,30,42,0,0
3.542e+05,1.4328e+08,1,4524,4628,15.05,2.1,30,42,0,0
3.5509e+05,1.435e+08,1,4635,4785,15,2.09,30,43,0,0
3.5546e+05,1.436e+08,1,4789,4828,14.87,2.37,30,43,0,0
3.5591e+05,1.4371e+08,1,4823,4742,14.96,2.1,30,43,0,0
3.5631e+05,1.4381e+08,1,4741,4728,15.01,1.97,30,43,0,0
3.5676e+05,1.4392e+08,1,4726,4657,15.01,2.16,30,43,0,0
3.5724e+05,1.4404e+08,1,4649,4485,14.96,1.77,30,43,0,0
3.5769e+05,1.4414e+08,1,4488,4528,15,1.78,30,43,0,0
3.5813e+05,1.4426e+08,1,4522,4471,14.96,2.25,30,43,0,0
3.5858e+05,1.4436e+08,1,4486,4685,14.92,2.05,30,43,0,0
3.5898e+05,1.4447e+08,1,4672,4428,15.04,1.5,30,43,0,0
3.5943e+05,1.4458e+08,1,4415,4285,15.1,1.88,30,43,0,0
3.6032e+05,1.448e+08,1,4268,4014,15.01,3.22,30,43,0,0
3.6073e+05,1.449e+08,1,3995,3528,15.03,2.93,30,43,0,0
3.612e+05,1.4501e+08,1,3554,3800,14.99,2.75,30,44,0,0
3.6161e+05,1.4511e+08,1,3799,3757,14.94,2.89,30,44,0,0
3.6206e+05,1.4522e+08,1,3756,3728,14.94,3.02,30,44,0,0
3.6251e+05,1.4533e+08,1,3722,3585,15.04,2.24,30,44,0,0
3.6296e+05,1.4544e+08,1,3612,4014,14.87,3.05,30,44,0,0
3.634e+05,1.4555e+08,1,3995,3742,14.75,2.96,30,44,0,0
3.6384e+05,1.4565e+08,1,3735,3642,14.86,3.03,30,44,0,0
3.647e+05,1.4587e+08,1,3645,4071,14.91,3.55,30,44,0,0
3.6514e+05,1.4598e+08,1,4064,3757,14.76,3.29,30,44,0,0
3.6563e+05,1.461e+08,1,3823,4514,14.81,4.14,30,44,0,0
3.6603e+05,1.462e+08,1,4516,4685,14.93,3.03,30,45,0,0
3.6652e+05,1.4631e+08,1,4691,4757,15,2.23,30,45,0,0
3.6737e+05,1.4652e+08,1,4758,4814,14.91,2.15,30,45,0,0
3.6826e+05,1.4674e+08,1,4815,4871,14.99,1.83,30,45,0,0
3.687e+05,1.4685e+08,1,4873,4900,14.88,2.5,30,45,0,0
3.6916e+05,1.4696e+08,1,4902,4928,14.92,1.93,30,45,0,0
3.696e+05,1.4707e+08,1,4910,4742,15.01,1.86,30,45,0,0
3.7005e+05,1.4717e+08,1,4744,4785,15.05,2.14,30,45,0,0
3.7044e+05,1.4728e+08,1,4783,4742,15,1.94,30,45,0,0
3.709e+05,1.4739e+08,1,4734,4442,15.1,1.86,30,45,0,0
3.7134e+05,1.475e+08,1,4436,4328,15.13,1.78,30,45,0,0
3.7179e+05,1.4761e+08,1,4298,3900,15.12,2.52,30,45,0,0
3.7224e+05,1.4771e+08,1,3893,3728,14.89,3.4,30,45,0,0
3.7268e+05,1.4782e+08,1,3743,3900,15,3.49,30,46,0,0
3.7313e+05,1.4793e+08,1,3890,3671,14.97,2.64,30,46,0,0
3.7358e+05,1.4804e+08,1,3646,3342,14.96,1.86,30,46,0,0
3.7402e+05,1.4815e+08,1,3351,3557,14.95,2.38,30,46,0,0
3.7447e+05,1.4827e+08,1,3601,4071,14.92,3.1,30,46,0,0
3.7492e+05,1.4837e+08,1,4090,4371,14.89,3.73,30,46,0,0
3.7536e+05,1.4848e+08,1,4431,5071,14.94,2.86,30,46,0,0
3.7581e+05,1.486e+08,1,5079,5185,14.77,3.13,30,46,0,0
3.7622e+05,1.4869e+08,1,5187,5242,14.91,2.28,30,46,0,0
3.7666e+05,1.4881e+08,1,5225,4871,15.04,1.54,30,46,0,0
3.7712e+05,1.4892e+08,1,4824,4171,15.04,1.51,30,46,0,0
3.7752e+05,1.4902e+08,1,4134,3771,14.86,2.6,30,46,0,0
3.7797e+05,1.4913e+08,1,3760,3514,15.08,1.98,30,46,0,0
3.7842e+05,1.4924e+08,1,3489,3228,14.95,2.03,30,47,0,0
3.7887e+05,1.4935e+08,1,3254,3557,14.98,2.78,30,47,0,0
3.7927e+05,1.4946e+08,1,3575,3800,14.8,3.35,30,47,0,0
3.7972e+05,1.4957e+08,1,3797,3771,14.72,3.15,30,47,0,0
3.8012e+05,1.4967e+08,1,3776,4142,14.72,4.01,30,47,0,0
3.8106e+05,1.499e+08,1,4137,4042,14.76,3.67,30,47,0,0
3.8151e+05,1.5002e+08,1,4071,4314,14.67,3.66,30,47,0,0
3.8192e+05,1.5011e+08,1,4339,4657,14.96,2.18,30,47,0,0
3.8232e+05,1.5021e+08,1,4656,4642,14.92,2.35,30,47,0,0
3.8277e+05,1.5032e+08,1,4642,4685,14.91,2.2,30,47,0,0
3.8325e+05,1.5044e+08,1,4715,4971,14.91,2.57,30,47,0,0
3.8366e+05,1.5054e+08,1,4979,5157,14.91,2.64,30,48,0,0
3.8411e+05,1.5066e+08,1,5148,5100,14.88,2.41,30,48,0,0
3.8451e+05,1.5075e+08,1,5101,5142,14.88,2.29,30,48,0,0
3.8544e+05,1.5098e+08,1,5126,4900,14.97,1.98,30,48,0,0
3.8584e+05,1.5108e+08,1,4895,4571,14.97,2.12,30,48,0,0
3.8629e+05,1.5119e+08,1,4576,4628,14.88,2.43,30,48,0,0
3.8674e+05,1.513e+08,1,4637,4757,14.88,1.92,30,48,0,0
3.8759e+05,1.5151e+08,1,4754,4657,14.93,1.93,30,48,0,0
3.8806e+05,1.5163e+08,1,4635,4414,15.01,1.56,30,48,0,0
3.8852e+05,1.5173e+08,1,4425,4528,14.98,2.13,30,48,0,0
3.8892e+05,1.5183e+08,1,4536,4671,14.95,1.76,30,48,0,0
3.8937e+05,1.5195e+08,1,4651,4485,14.97,1.77,30,48,0,0
3.8981e+05,1.5205e+08,1,4507,4771,15,2.06,30,48,0,0
3.9026e+05,1.5216e+08,1,4722,4300,14.91,2.52,30,48,0,0
3.9074e+05,1.5228e+08,1,4296,4271,15.06,2.67,30,49,0,0
3.9115e+05,1.5237e+08,1,4269,4157,14.81,3.23,30,49,0,0
3.9159e+05,1.5248e+08,1,4124,3871,14.9,3.24,30,49,0,0
3.9205e+05,1.526e+08,1,3875,3900,14.77,3.08,30,49,0,0
3.9245e+05,1.527e+08,1,3899,3871,14.89,3.24,30,49,0,0
3.933e+05,1.5291e+08,1,3871,3885,14.8,3.38,30,49,0,0
3.9378e+05,1.5303e+08,1,3922,4300,14.72,4.57,30,49,0,0
3.9423e+05,1.5313e+08,1,4306,4442,14.91,2.6,30,49,0,0
3.9512e+05,1.5335e+08,1,4446,4828,14.98,1.98,30,49,0,0
3.9556e+05,1.5347e+08,1,4820,4728,14.97,1.93,30,49,0,0
3.9601e+05,1.5358e+08,1,4702,4457,15.02,1.58,30,50,0,0
3.9646e+05,1.5369e+08,1,4432,4185,14.83,2.53,30,50,0,0
3.969e+05,1.5379e+08,1,4160,3914,14.79,3.2,30,50,0,0
3.9735e+05,1.539e+08,1,3930,4142,14.77,2.68,30,50,0,0
3.9775e+05,1.5401e+08,1,4131,3542,14.9,2.6,30,50,0,0
3.9823e+05,1.5412e+08,1,3528,3271,15.02,1.67,30,50,0,0
3.9868e+05,1.5423e+08,1,3287,3528,14.94,2.54,30,50,0,0
3.9917e+05,1.5434e+08,1,3547,3814,14.85,2.94,30,50,0,0
3.9958e+05,1.5445e+08,1,3818,3857,14.79,3.26,30,50,0,0
4.0002e+05,1.5456e+08,1,3865,4042,14.77,3.47,30,50,0,0
4.0043e+05,1.5466e+08,1,4050,4185,14.86,3.19,30,50,0,0
4.0088e+05,1.5477e+08,1,4235,4757,14.76,3.64,30,50,0,0
4.0132e+05,1.5489e+08,1,4782,5042,14.86,2.6,30,51,0,0
4.0176e+05,1.5499e+08,1,5028,4885,15,1.88,30,51,0,0
4.0221e+05,1.551e+08,1,4866,4685,15.02,1.64,30,51,0,0
4.026e+05,1.5521e+08,1,4687,4728,15.01,2.07,30,51,0,0
4.0306e+05,1.5532e+08,1,4729,4757,15.07,1.79,30,51,0,0
4.0395e+05,1.5554e+08,1,4754,4642,15,1.88,30,51,0,0
4.0439e+05,1.5565e+08,1,4659,4900,14.92,1.9,30,51,0,0
4.0484e+05,1.5575e+08,1,4910,5042,14.89,2.21,30,51,0,0
4.0524e+05,1.5586e+08,1,5042,5085,14.95,1.92,30,51,0,0
4.0569e+05,1.5597e+08,1,5083,5028,14.92,1.97,30,51,0,0
4.0658e+05,1.5618e+08,1,5031,5128,14.84,2.2,30,51,0,0
4.0703e+05,1.563e+08,1,5125,5100,14.92,2,30,51,0,0
4.0747e+05,1.5641e+08,1,5111,5200,14.96,2.23,30,51,0,0
4.0788e+05,1.5651e+08,1,5206,5585,14.89,2.71,30,52,0,0
4.0837e+05,1.5663e+08,1,5570,5442,14.91,2.44,30,52,0,0
4.0877e+05,1.5673e+08,1,5442,5457,14.89,2.65,30,52,0,0
4.0966e+05,1.5694e+08,1,5459,5514,14.97,2.55,30,52,0,0
4.1056e+05,1.5716e+08,1,5508,5357,14.98,2.43,30,52,0,0
4.11e+05,1.5727e+08,1,5358,5385,14.97,1.99,30,52,0,0
4.1145e+05,1.5739e+08,1,5361,5100,14.99,1.69,30,52,0,0
4.1186e+05,1.5749e+08,1,5100,5100,14.88,2.18,30,52,0,0
4.1231e+05,1.576e+08,1,5098,5085,14.98,1.86,30,52,0,0
4.1276e+05,1.5771e+08,1,5080,5014,15.02,1.74,30,52,0,0
4.1317e+05,1.5782e+08,1,5006,4914,14.92,1.73,30,52,0,0
4.1362e+05,1.5793e+08,1,4917,4971,14.97,1.83,30,52,0,0
4.1406e+05,1.5804e+08,1,4983,5114,14.9,2.64,30,52,0,0
4.1451e+05,1.5815e+08,1,5152,5557,14.87,3.15,30,53,0,0
4.1492e+05,1.5825e+08,1,5542,5400,14.88,2.29,30,53,0,0
4.1536e+05,1.5836e+08,1,5405,5457,14.91,2.14,30,53,0,0
4.1577e+05,1.5847e+08,1,5454,5271,14.89,2.24,30,53,0,0
4.1626e+05,1.5858e+08,1,5275,5328,14.91,2.31,30,53,0,0
4.167e+05,1.5869e+08,1,5328,5328,14.86,2.12,30,53,0,0
4.171e+05,1.5879e+08,1,5328,5385,14.88,2.38,30,53,0,0
4.1759e+05,1.5891e+08,1,5387,5428,14.94,2.08,30,53,0,0
4.1803e+05,1.5901e+08,1,5417,5271,14.81,2.34,30,53,0,0
4.1848e+05,1.5912e+08,1,5285,5428,14.91,2.53,30,53,0,0
4.1888e+05,1.5923e+08,1,5426,5328,14.94,2.11,30,53,0,0
4.1937e+05,1.5934e+08,1,5320,5214,14.91,2.04,30,53,0,0
4.1982e+05,1.5945e+08,1,5207,5114,14.92,2.11,30,53,0,0
4.2026e+05,1.5956e+08,1,5117,5157,14.81,2.35,30,53,0,0
4.2071e+05,1.5968e+08,1,5167,5271,14.94,2.3,30,54,0,0
4.2116e+05,1.5979e+08,1,5263,5200,15,1.68,30,54,0,0
4.2157e+05,1.5989e+08,1,5171,4500,15.03,1.53,30,54,0,0
4.2205e+05,1.6e+08,1,4500,4542,14.98,1.77,30,54,0,0
4.2249e+05,1.6012e+08,1,4550,4642,15.02,2.01,30,54,0,0
4.229e+05,1.6022e+08,1,4642,4642,14.93,2.11,30,54,0,0
4.2339e+05,1.6034e+08,1,4636,4571,14.98,1.9,30,54,0,0
4.2379e+05,1.6044e+08,1,4569,4442,15.03,2,30,54,0,0
4.2424e+05,1.6054e+08,1,4444,4557,15.02,2.02,30,54,0,0
4.2465e+05,1.6065e+08,1,4558,4642,14.97,1.83,30,54,0,0
4.2514e+05,1.6077e+08,1,4642,4642,15,1.7,30,54,0,0
4.2555e+05,1.6087e+08,1,4646,4685,14.87,1.94,30,54,0,0
4.2599e+05,1.6098e+08,1,4664,4500,14.89,1.81,30,54,0,0
4.2732e+05,1.6131e+08,1,4498,4414,14.79,2.28,30,54,0,0
4.2773e+05,1.6141e+08,1,4410,4171,14.89,2.94,30,55,0,0
4.2822e+05,1.6153e+08,1,4181,4300,14.92,3.41,30,55,0,0
4.2866e+05,1.6164e+08,1,4308,4485,14.79,3.88,30,55,0,0
4.2907e+05,1.6174e+08,1,4488,4542,14.89,2.52,30,55,0,0
4.2952e+05,1.6185e+08,1,4558,4671,14.87,2.2,30,55,0,0
4.313e+05,1.6229e+08,1,4671,4685,14.86,2.01,30,55,0,0
4.3171e+05,1.6239e+08,1,4707,4871,14.95,1.99,30,55,0,0
4.3216e+05,1.625e+08,1,4868,4842,14.95,1.67,30,55,0,0
4.3259e+05,1.626e+08,1,4844,4957,14.97,1.75,30,55,0,0
4.3304e+05,1.6271e+08,1,4944,4700,15,1.96,30,55,0,0
4.3349e+05,1.6283e+08,1,4692,4614,14.97,1.73,30,55,0,0
4.3394e+05,1.6293e+08,1,4610,4571,14.92,1.92,30,55,0,0
4.3434e+05,1.6304e+08,1,4576,4700,14.98,1.9,30,55,0,0
4.3479e+05,1.6315e+08,1,4695,4585,14.95,1.79,30,56,0,0
4.352e+05,1.6325e+08,1,4582,4457,14.89,2.01,30,56,0,0
4.3564e+05,1.6336e+08,1,4452,4200,14.98,1.91,30,56,0,0
4.3613e+05,1.6348e+08,1,4194,4114,14.86,3.1,30,56,0,0
4.3653e+05,1.6358e+08,1,4107,3828,14.77,3.05,30,56,0,0
4.3702e+05,1.637e+08,1,3827,3814,14.72,3.39,30,56,0,0
4.3743e+05,1.638e+08,1,3815,3914,14.85,2.72,30,56,0,0
4.3791e+05,1.6392e+08,1,3942,4242,14.74,3.94,30,56,0,0
4.3832e+05,1.6402e+08,1,4253,4771,14.97,2.71,30,56,0,0
4.388e+05,1.6413e+08,1,4776,4885,15.03,2.15,30,56,0,0
4.3921e+05,1.6423e+08,1,4886,4985,14.95,2.37,30,56,0,0
4.397e+05,1.6435e+08,1,4997,5171,14.91,2.37,30,56,0,0
4.401e+05,1.6445e+08,1,5175,5242,14.92,2.43,30,57,0,0
4.4095e+05,1.6467e+08,1,5239,5128,15.02,1.79,30,57,0,0
4.4146e+05,1.6479e+08,1,5103,4957,14.99,1.89,30,57,0,0
4.4186e+05,1.6489e+08,1,4956,4942,14.92,2.02,30,57,0,0
4.423e+05,1.65e+08,1,4934,4842,15,2.14,30,57,0,0
4.4271e+05,1.651e+08,1,4842,4857,15,1.78,30,57,0,0
4.432e+05,1.6522e+08,1,4859,4900,15.03,1.78,30,57,0,0
4.4366e+05,1.6533e+08,1,4874,4614,14.98,1.71,30,57,0,0
4.4409e+05,1.6544e+08,1,4617,4657,15,1.93,30,57,0,0
4.4455e+05,1.6555e+08,1,4667,4771,15.01,1.97,30,57,0,0
4.4499e+05,1.6566e+08,1,4778,4871,14.97,1.84,30,57,0,0
4.4544e+05,1.6578e+08,1,4868,4842,15,1.94,30,57,0,0
4.4585e+05,1.6588e+08,1,4845,4885,14.98,1.78,30,57,0,0
4.4625e+05,1.6599e+08,1,4889,5057,14.93,2.26,30,57,0,0
4.4715e+05,1.6621e+08,1,5028,4542,15,1.77,30,57,0,0
4.476e+05,1.6631e+08,1,4543,4557,14.92,2.36,30,58,0,0
4.4804e+05,1.6642e+08,1,4567,4671,15.04,1.99,30,58,0,0
4.4845e+05,1.6653e+08,1,4671,4700,14.93,1.72,30,58,0,0
4.4893e+05,1.6664e+08,1,4701,4757,15,1.72,30,58,0,0
4.4942e+05,1.6676e+08,1,4730,4457,14.97,1.35,30,58,0,0
4.4983e+05,1.6686e+08,1,4438,4257,15.01,1.76,30,58,0,0
4.5027e+05,1.6697e+08,1,4252,4185,14.94,3.38,30,58,0,0
4.5072e+05,1.6707e+08,1,4201,4514,14.96,2.65,30,58,0,0
4.5117e+05,1.6718e+08,1,4538,4842,15.01,2,30,58,0,0
4.5162e+05,1.6729e+08,1,4847,4928,15.01,1.94,30,58,0,0
4.5206e+05,1.674e+08,1,4922,4785,14.92,1.83,30,58,0,0
4.525e+05,1.6751e+08,1,4757,4428,14.98,1.87,30,58,0,0
4.5295e+05,1.6763e+08,1,4423,4385,15.03,2.27,30,58,0,0
4.534e+05,1.6773e+08,1,4371,4242,14.99,2.43,30,58,0,0
4.5381e+05,1.6784e+08,1,4241,4185,14.93,3.25,30,58,0,0
4.5426e+05,1.6794e+08,1,4166,3700,14.74,3.26,30,58,0,0
4.547e+05,1.6806e+08,1,3704,3742,14.79,3.11,30,59,0,0
4.5515e+05,1.6816e+08,1,3740,3728,14.94,2.3,30,59,0,0
4.556e+05,1.6828e+08,1,3745,3900,14.85,2.93,30,59,0,0
4.5605e+05,1.6839e+08,1,3873,3600,14.87,2.48,30,59,0,0
4.5641e+05,1.6848e+08,1,3606,4071,14.92,2.77,30,59,0,0
4.569e+05,1.6861e+08,1,4084,4257,14.9,3.08,30,59,0,0
4.5731e+05,1.6871e+08,1,4264,4328,14.87,2.41,30,59,0,0
4.5776e+05,1.6882e+08,1,4289,3942,14.91,2.45,30,59,0,0
4.582e+05,1.6893e+08,1,3970,4242,14.82,3.67,30,59,0,0
4.5865e+05,1.6904e+08,1,4265,4557,14.87,3.06,30,59,0,0
4.591e+05,1.6915e+08,1,4570,4757,14.97,1.66,30,59,0,0
4.5954e+05,1.6926e+08,1,4754,4714,14.93,1.85,30,59,0,0
4.5995e+05,1.6936e+08,1,4712,4628,14.97,1.66,30,60,0,0
4.6043e+05,1.6947e+08,1,4626,4571,14.99,2.03,30,60,0,0
4.613e+05,1.6969e+08,1,4568,4514,14.96,1.58,30,60,0,0
4.6177e+05,1.6981e+08,1,4521,4585,15.01,1.94,30,60,0,0
4.6218e+05,1.699e+08,1,4583,4557,14.9,2.03,30,60,0,0
4.6262e+05,1.7001e+08,1,4573,4857,14.91,2.16,30,60,0,0
4.6351e+05,1.7024e+08,1,4850,4700,14.92,2.26,30,60,0,0
4.6396e+05,1.7034e+08,1,4700,4714,14.93,1.93,30,60,0,0
4.644e+05,1.7045e+08,1,4715,4785,14.97,2.09,30,60,0,0
4.649e+05,1.7057e+08,1,4785,4785,15,1.91,30,60,0,0
4.653e+05,1.7067e+08,1,4781,4614,14.91,1.68,30,60,0,0
4.6619e+05,1.7089e+08,1,4616,4728,15.01,1.67,30,60,0,0
4.6663e+05,1.71e+08,1,4727,4714,14.95,2.08,30,60,0,0
4.6709e+05,1.7111e+08,1,4712,4685,14.96,1.9,30,60,0,0
4.6754e+05,1.7122e+08,1,4694,4828,14.92,1.93,30,61,0,0
4.6846e+05,1.7144e+08,1,4831,4928,14.91,2.36,30,61,0,0
4.6886e+05,1.7154e+08,1,4928,4928,14.91,2.1,30,61,0,0
4.6931e+05,1.7165e+08,1,4929,4957,14.89,2.03,30,61,0,0
4.698e+05,1.7177e+08,1,4953,4914,14.91,2.21,30,61,0,0
4.702e+05,1.7187e+08,1,4909,4785,14.9,1.95,30,61,0,0
4.7069e+05,1.7199e+08,1,4783,4771,14.84,1.92,30,61,0,0
4.711e+05,1.7209e+08,1,4779,4900,14.89,2.28,30,61,0,0
4.715e+05,1.7219e+08,1,4898,4800,14.94,1.66,30,61,0,0
4.7195e+05,1.723e+08,1,4803,4842,15.01,1.83,30,61,0,0
4.7239e+05,1.7241e+08,1,4824,4657,14.96,2.14,30,61,0,0
4.7284e+05,1.7252e+08,1,4656,4600,14.87,1.9,30,61,0,0
4.7333e+05,1.7264e+08,1,4576,4342,14.95,2.26,30,61,0,0
4.7373e+05,1.7274e+08,1,4350,4542,14.96,2.13,30,61,0,0
4.7418e+05,1.7285e+08,1,4536,4400,14.96,1.65,30,61,0,0
4.7467e+05,1.7297e+08,1,4414,4571,14.96,1.78,30,62,0,0
4.7507e+05,1.7307e+08,1,4580,4714,14.96,2.23,30,62,0,0
4.7552e+05,1.7318e+08,1,4718,4785,14.9,2.32,30,62,0,0
4.7596e+05,1.7329e+08,1,4790,4871,14.94,1.64,30,62,0,0
4.7637e+05,1.7339e+08,1,4866,4785,14.95,2.08,30,62,0,0
4.7682e+05,1.735e+08,1,4789,4914,14.92,2,30,62,0,0
4.7722e+05,1.736e+08,1,4914,4957,14.94,2,30,62,0,0
4.7772e+05,1.7372e+08,1,4936,4700,14.97,1.86,30,62,0,0
4.7816e+05,1.7383e+08,1,4724,5000,14.96,2.28,30,62,0,0
4.786e+05,1.7394e+08,1,5015,5171,14.88,2.64,30,62,0,0
4.7901e+05,1.7404e+08,1,5174,5242,14.92,2.37,30,62,0,0
4.7946e+05,1.7415e+08,1,5250,5371,14.93,2.35,30,62,0,0
4.7991e+05,1.7427e+08,1,5356,5200,14.9,2.11,30,62,0,0
4.8079e+05,1.7448e+08,1,5204,5414,14.93,2.51,30,62,0,0
4.8128e+05,1.746e+08,1,5404,5271,14.88,2.25,30,62,0,0
4.8168e+05,1.7471e+08,1,5274,5300,14.94,2.31,30,63,0,0
4.8217e+05,1.7481e+08,1,5296,5257,14.93,2.1,30,63,0,0
4.8262e+05,1.7493e+08,1,5237,5085,14.93,2.13,30,63,0,0
4.8302e+05,1.7503e+08,1,5083,5000,14.9,2.15,30,63,0,0
4.8347e+05,1.7513e+08,1,5000,5042,14.95,2.19,30,63,0,0
4.844e+05,1.7536e+08,1,5039,4985,14.94,2.2,30,63,0,0
4.8529e+05,1.7558e+08,1,4977,4842,15.01,1.79,30,63,0,0
4.8574e+05,1.757e+08,1,4840,4828,15,1.83,30,63,0,0
4.8618e+05,1.758e+08,1,4837,4942,14.94,2.27,30,63,0,0
4.8659e+05,1.7591e+08,1,4945,5028,15.04,2.07,30,63,0,0
4.8708e+05,1.7603e+08,1,5023,4971,14.81,2.35,30,63,0,0
4.8748e+05,1.7612e+08,1,4973,5085,14.98,2.27,30,63,0,0
4.8793e+05,1.7623e+08,1,5087,5185,14.96,2.22,30,64,0,0
4.8838e+05,1.7635e+08,1,5176,5085,14.95,2.31,30,64,0,0
4.8878e+05,1.7645e+08,1,5084,5014,14.98,2.01,30,64,0,0
4.8922e+05,1.7655e+08,1,5013,4971,14.88,2.28,30,64,0,0
4.8967e+05,1.7666e+08,1,4971,4971,14.92,1.98,30,64,0,0
4.9016e+05,1.7678e+08,1,4971,4985,14.98,1.97,30,64,0,0
4.9101e+05,1.7699e+08,1,4986,5114,14.93,2.41,30,64,0,0
4.9146e+05,1.771e+08,1,5114,5128,14.96,1.97,30,64,0,0
4.9191e+05,1.7722e+08,1,5120,5042,14.98,1.93,30,64,0,0
4.9236e+05,1.7733e+08,1,5020,4814,14.88,1.86,30,64,0,0
4.9325e+05,1.7755e+08,1,4816,4871,14.97,1.98,30,64,0,0
4.9369e+05,1.7765e+08,1,4868,4828,14.88,2.27,30,64,0,0
4.9414e+05,1.7776e+08,1,4822,4685,14.87,2.11,30,64,0,0
4.9458e+05,1.7787e+08,1,4691,4757,14.87,2.51,30,64,0,0
4.9503e+05,1.7798e+08,1,4752,4685,14.93,1.85,30,65,0,0
4.9544e+05,1.7808e+08,1,4670,4357,14.83,1.91,30,65,0,0
4.9634e+05,1.7831e+08,1,4364,4514,14.95,1.79,30,65,0,0
4.9675e+05,1.7841e+08,1,4498,4314,15.04,1.88,30,65,0,0
4.972e+05,1.7852e+08,1,4314,4328,14.89,2.8,30,65,0,0
4.9764e+05,1.7863e+08,1,4331,4485,14.82,2.25,30,65,0,0
4.9809e+05,1.7874e+08,1,4494,4628,14.98,2.05,30,65,0,0
4.9854e+05,1.7886e+08,1,4629,4642,14.97,1.86,30,65,0,0
4.9899e+05,1.7896e+08,1,4601,4028,14.8,2.87,30,65,0,0
4.9988e+05,1.7918e+08,1,4025,3985,14.75,3.9,30,65,0,0
5.0033e+05,1.7929e+08,1,4021,4400,14.86,3.59,30,65,0,0
5.0073e+05,1.7939e+08,1,4415,4671,14.94,2.32,30,65,0,0
5.0118e+05,1.7951e+08,1,4672,4700,14.98,1.72,30,66,0,0
5.0159e+05,1.7961e+08,1,4700,4700,15,1.81,30,66,0,0
5.0204e+05,1.7972e+08,1,4698,4614,14.97,1.76,30,66,0,0
5.0248e+05,1.7983e+08,1,4620,4742,14.95,2.26,30,66,0,0
5.0298e+05,1.7995e+08,1,4737,4700,15.04,1.87,30,66,0,0
5.0338e+05,1.8006e+08,1,4702,4728,14.99,1.88,30,66,0,0
5.0383e+05,1.8016e+08,1,4721,4657,15,1.54,30,66,0,0
5.0427e+05,1.8027e+08,1,4654,4628,14.99,1.95,30,66,0,0
5.0472e+05,1.8038e+08,1,4631,4657,14.94,2.21,30,66,0,0
5.0512e+05,1.8048e+08,1,4659,4785,14.94,1.97,30,66,0,0
5.0557e+05,1.8059e+08,1,4783,4700,14.98,1.57,30,66,0,0
5.065e+05,1.8083e+08,1,4701,4728,15.02,2.04,30,66,0,0
5.0695e+05,1.8093e+08,1,4723,4671,14.98,1.77,30,66,0,0
5.0739e+05,1.8104e+08,1,4691,4914,14.88,2.11,30,66,0,0
5.0787e+05,1.8115e+08,1,4907,4857,15.02,2.22,30,66,0,0
5.0828e+05,1.8126e+08,1,4871,5000,14.85,2.33,30,67,0,0
5.0874e+05,1.8137e+08,1,4995,4957,14.97,2.13,30,67,0,0
5.0918e+05,1.8147e+08,1,4974,5157,14.93,2.3,30,67,0,0
5.0963e+05,1.8158e+08,1,5150,5085,14.95,1.98,30,67,0,0
5.1003e+05,1.8169e+08,1,5087,5128,14.98,2.34,30,67,0,0
5.1048e+05,1.818e+08,1,5122,5071,14.94,1.9,30,67,0,0
5.1093e+05,1.8191e+08,1,5060,4942,15,2.18,30,67,0,0
5.1137e+05,1.8202e+08,1,4936,4885,15,1.87,30,67,0,0
5.1182e+05,1.8212e+08,1,4894,5014,14.96,2.29,30,67,0,0
5.1222e+05,1.8223e+08,1,5000,4842,15.05,1.81,30,67,0,0
5.1267e+05,1.8233e+08,1,4833,4671,15.06,1.58,30,67,0,0
5.1307e+05,1.8243e+08,1,4666,4500,15.07,2.17,30,67,0,0
5.1352e+05,1.8254e+08,1,4495,4400,15.14,2.04,30,67,0,0
5.1392e+05,1.8265e+08,1,4400,4442,15.14,2.48,30,67,0,0
5.1442e+05,1.8276e+08,1,4407,4057,15.09,1.97,30,67,0,0
5.1486e+05,1.8288e+08,1,4008,3485,15.12,2.12,30,67,0,0
5.166e+05,1.8331e+08,1,3468,2142,15.37,0.21,30,68,0,0
5.1705e+05,1.8342e+08,1,2135,2042,15.35,0.33,30,68,0,0
5.1746e+05,1.8352e+08,1,2044,2185,15.38,0.29,30,68,0,0
5.1791e+05,1.8363e+08,1,2184,2157,15.39,0.38,30,68,0,0
5.1839e+05,1.8375e+08,1,2157,2171,15.39,0.25,30,68,0,0
5.1884e+05,1.8386e+08,1,2166,2100,15.39,0.23,30,68,0,0
5.1929e+05,1.8397e+08,1,2104,2157,15.38,0.31,30,68,0,0
5.1969e+05,1.8407e+08,1,2157,2171,15.38,0.28,30,68,0,0
5.2014e+05,1.8417e+08,1,2169,2114,15.39,0.19,30,68,0,0
5.2063e+05,1.8429e+08,1,2124,2228,15.39,0.49,30,68,0,0
5.2104e+05,1.8439e+08,1,2229,2385,15.41,0.57,30,68,0,0
5.2153e+05,1.8451e+08,1,2388,2428,15.4,0.45,30,68,0,0
5.2193e+05,1.8461e+08,1,2431,2557,15.4,0.56,30,68,0,0
5.2238e+05,1.8472e+08,1,2543,2271,15.46,0.15,30,68,0,0
5.2283e+05,1.8483e+08,1,2235,1714,15.46,0,30,68,0,0
5.2332e+05,1.8494e+08,1,1684,1342,15.45,0.02,30,68,0,0
5.2372e+05,1.8504e+08,1,1338,1271,15.44,0.07,30,68,0,0
5.2417e+05,1.8515e+08,1,1270,1257,15.45,0.08,30,68,0,0
5.2462e+05,1.8526e+08,1,1257,1257,15.45,0.08,30,68,0,0
5.2506e+05,1.8536e+08,1,1256,1242,15.45,0.09,30,68,0,0
5.2555e+05,1.8548e+08,1,1242,1242,15.45,0.08,30,68,0,0
5.2645e+05,1.857e+08,1,1242,1242,15.45,0.09,30,68,0,0
5.269e+05,1.858e+08,1,1242,1242,15.45,0.09,30,68,0,0
5.2734e+05,1.8591e+08,1,1243,1257,15.47,0.09,30,68,0,0
5.2779e+05,1.8602e+08,1,1257,1257,15.47,0.09,30,68,0,0
5.2827e+05,1.8613e+08,1,1257,1257,15.46,0.09,30,68,0,0
5.2872e+05,1.8624e+08,1,1255,1242,15.47,0.09,30,68,0,0
5.292e+05,1.8635e+08,1,1243,1257,15.47,0.09,30,68,0,0
5.296e+05,1.8645e+08,1,1257,1257,15.48,0.09,30,68,0,0
5.3005e+05,1.8656e+08,1,1257,1257,15.48,0.09,29,68,0,0
5.305e+05,1.8667e+08,1,1257,1257,15.47,0.09,30,68,0,0
5.3095e+05,1.8678e+08,1,1257,1257,15.48,0.09,30,68,0,0
5.3139e+05,1.8689e+08,1,1257,1257,15.48,0.09,30,68,0,0
5.3184e+05,1.87e+08,1,1257,1257,15.48,0.09,29,68,0,0
5.3229e+05,1.8711e+08,1,1257,1257,15.47,0.08,30,68,0,0
5.3269e+05,1.8721e+08,1,1257,1257,15.48,0.09,29,68,0,0
5.3314e+05,1.8731e+08,1,1257,1257,15.48,0.09,29,68,0,0
5.3359e+05,1.8742e+08,1,1257,1257,15.48,0.08,29,68,0,0
5.3404e+05,1.8754e+08,1,1257,1257,15.48,0.08,30,68,0,0
5.3452e+05,1.8764e+08,1,1257,1257,15.48,0.08,30,68,0,0
5.3493e+05,1.8774e+08,1,1257,1257,15.48,0.08,29,68,0,0
5.3542e+05,1.8786e+08,1,1257,1257,15.49,0.08,30,68,0,0
5.3587e+05,1.8797e+08,1,1257,1257,15.5,0.09,29,68,0,0
5.363e+05,1.8807e+08,1,1257,1257,15.5,0.08,29,68,0,0
5.3676e+05,1.8818e+08,1,1257,1257,15.5,0.08,29,68,0,0
5.372e+05,1.8829e+08,1,1257,1257,15.5,0.09,29,68,0,0
5.3765e+05,1.884e+08,1,1257,1257,15.49,0.09,29,68,0,0
5.3806e+05,1.885e+08,1,1257,1257,15.5,0.09,29,68,0,0
5.385e+05,1.886e+08,1,1257,1257,15.5,0.09,29,68,0,0
5.3896e+05,1.8871e+08,1,1257,1257,15.5,0.09,29,68,0,0
5.3936e+05,1.8881e+08,1,1257,1257,15.5,0.09,29,68,0,0
5.3984e+05,1.8893e+08,1,1257,1257,15.51,0.09,29,68,0,0
5.403e+05,1.8903e+08,1,1257,1257,15.51,0.09,29,68,0,0
5.4079e+05,1.8915e+08,1,1257,1257,15.5,0.09,29,68,0,0
5.4119e+05,1.8925e+08,1,1257,1257,15.51,0.09,29,68,0,0
5.4164e+05,1.8935e+08,1,1257,1257,15.51,0.09,29,68,0,0
5.4212e+05,1.8947e+08,1,1257,1257,15.51,0.09,29,68,0,0
5.4257e+05,1.8958e+08,1,1257,1257,15.51,0.09,29,68,0,0
5.4302e+05,1.8969e+08,1,1256,1242,15.51,0.09,29,68,0,0
5.4347e+05,1.898e+08,1,1243,1257,15.51,0.09,29,68,0,0
5.4388e+05,1.899e+08,1,1257,1257,15.51,0.09,29,68,0,0
5.4436e+05,1.9002e+08,1,1257,1257,15.51,0.09,29,68,0,0
5.4521e+05,1.9022e+08,1,1257,1257,15.51,0.09,29,68,0,0
5.457e+05,1.9034e+08,1,1257,1257,15.51,0.09,29,68,0,0
5.4615e+05,1.9045e+08,1,1257,1257,15.51,0.09,29,68,0,0
5.466e+05,1.9056e+08,1,1257,1257,15.51,0.09,29,68,0,0
5.4704e+05,1.9067e+08,1,1257,1257,15.52,0.09,29,68,0,0
5.475e+05,1.9078e+08,1,1257,1257,15.51,0.09,29,68,0,0
5.4794e+05,1.9089e+08,1,1257,1257,15.52,0.09,29,68,0,0
5.4843e+05,1.91e+08,1,1257,1257,15.52,0.09,29,68,0,0
5.4883e+05,1.911e+08,1,1257,1257,15.52,0.09,29,68,0,0
5.4928e+05,1.9121e+08,1,1257,1257,15.52,0.09,29,68,0,0
5.4973e+05,1.9132e+08,1,1257,1257,15.52,0.09,29,68,0,0
5.5017e+05,1.9142e+08,1,1257,1257,15.52,0.09,29,68,0,0
5.5066e+05,1.9154e+08,1,1257,1257,15.52,0.09,29,68,0,0
5.5107e+05,1.9164e+08,1,1257,1257,15.52,0.09,29,68,0,0
5.5152e+05,1.9175e+08,1,1257,1257,15.52,0.09,29,68,0,0
5.5197e+05,1.9186e+08,1,1257,1257,15.53,0.09,29,68,0,0
5.5241e+05,1.9196e+08,1,1257,1257,15.52,0.09,29,68,0,0
5.5286e+05,1.9207e+08,1,1257,1257,15.52,0.09,29,68,0,0
5.5335e+05,1.9219e+08,1,1257,1257,15.53,0.09,29,68,0,0
5.5378e+05,1.9229e+08,1,1257,1257,15.53,0.09,29,68,0,0
5.5423e+05,1.9239e+08,1,1257,1257,15.54,0.09,29,68,0,0
5.5468e+05,1.925e+08,1,1257,1257,15.53,0.09,29,68,0,0
5.5513e+05,1.9261e+08,1,1257,1257,15.53,0.09,29,68,0,0
5.5558e+05,1.9272e+08,1,1257,1257,15.54,0.09,29,68,0,0
5.5598e+05,1.9283e+08,1,1257,1257,15.53,0.09,29,68,0,0
5.5644e+05,1.9293e+08,1,1257,1271,15.54,0.09,29,68,0,0
5.5688e+05,1.9304e+08,1,1270,1257,15.54,0.09,29,68,0,0
5.5737e+05,1.9315e+08,1,1257,1257,15.54,0.09,29,68,0,0
5.5782e+05,1.9327e+08,1,1257,1257,15.54,0.09,29,68,0,0
5.5822e+05,1.9336e+08,1,1257,1257,15.53,0.09,29,68,0,0
5.5871e+05,1.9348e+08,1,1257,1257,15.54,0.09,29,68,0,0
5.5912e+05,1.9358e+08,1,1257,1257,15.54,0.09,29,68,0,0
5.596e+05,1.9369e+08,1,1257,1257,15.54,0.09,29,68,0,0
5.6005e+05,1.938e+08,1,1257,1257,15.54,0.09,29,68,0,0
5.6045e+05,1.939e+08,1,1257,1257,15.54,0.09,29,68,0,0
5.609e+05,1.9401e+08,1,1257,1257,15.55,0.09,29,68,0,0
5.6139e+05,1.9412e+08,1,1257,1271,15.55,0.09,29,68,0,0
5.6187e+05,1.9424e+08,1,1271,1271,15.54,0.09,29,68,0,0
5.6231e+05,1.9434e+08,1,1271,1271,15.54,0.08,29,68,0,0
5.6321e+05,1.9456e+08,1,1271,1271,15.54,0.09,29,68,0,0
5.6366e+05,1.9467e+08,1,1271,1271,15.55,0.09,29,68,0,0
5.641e+05,1.9478e+08,1,1200,557,15.57,0.01,29,68,0,0
5.6455e+05,1.9488e+08,1,544,214,15.56,0.01,29,68,0,0
5.65e+05,1.9499e+08,1,205,0,15.56,0.02,29,68,0,0
5.6591e+05,1.952e+08,1,0,0,15.57,0.03,29,68,0,0
5.664e+05,1.9532e+08,1,0,0,15.57,0.02,28,68,0,0
5.6681e+05,1.9542e+08,1,0,0,15.56,0.02,29,68,0,0
5.6731e+05,1.9554e+08,1,0,0,15.57,0.02,29,68,0,0
5.6776e+05,1.9565e+08,1,0,0,15.57,0.02,28,68,0,0
5.6821e+05,1.9575e+08,1,0,0,15.57,0.03,29,68,0,0
5.6866e+05,1.9586e+08,1,0,0,15.57,0.03,28,68,0,0
5.6913e+05,1.9597e+08,1,0,0,15.57,0.02,28,68,0,0
5.6958e+05,1.9608e+08,1,0,0,15.57,0.02,28,68,0,0
5.7007e+05,1.962e+08,1,0,0,15.57,0.02,28,68,0,0
5.7048e+05,1.9629e+08,1,0,0,15.57,0.03,28,68,0,0
5.7097e+05,1.9641e+08,1,0,0,15.58,0.02,28,68,0,0
5.7143e+05,1.9652e+08,1,0,0,15.57,0.02,28,68,0,0
5.7188e+05,1.9663e+08,1,0,0,15.58,0.02,28,68,0,0
5.7233e+05,1.9673e+08,1,0,0,15.58,0.02,28,68,0,0
5.7279e+05,1.9684e+08,1,0,0,15.58,0.02,28,68,0,0
5.7328e+05,1.9696e+08,1,0,0,15.58,0.02,28,68,0,0
5.7374e+05,1.9707e+08,1,0,0,15.58,0.02,28,68,0,0
5.7419e+05,1.9718e+08,1,0,0,15.58,0.03,28,68,0,0
5.7463e+05,1.9728e+08,1,0,0,15.58,0.03,28,68,0,0
5.7508e+05,1.9739e+08,1,0,0,15.58,0.03,28,68,0,0
5.7553e+05,1.9749e+08,1,0,0,15.58,0.03,28,68,0,0
5.7602e+05,1.9761e+08,1,0,0,15.58,0.03,28,68,0,0
5.7648e+05,1.9772e+08,1,0,0,15.57,0.03,28,68,0,0
5.7697e+05,1.9784e+08,1,0,0,15.59,0.03,28,68,0,0
5.7743e+05,1.9794e+08,1,0,0,15.58,0.03,28,68,0,0
5.7788e+05,1.9805e+08,1,0,0,15.58,0.03,28,68,0,0
5.7833e+05,1.9815e+08,1,0,0,15.58,0.03,28,68,0,0
